{
  "experiment_name": "kfold_appliances",
  "run_name": "appliances-MPO2-L3-d18-seed9536-fold3",
  "config": {
    "params": {
      "model": "MPO2",
      "L": 3,
      "bond_dim": 18,
      "init_strength": 0.1,
      "bond_prior_alpha": 5.0,
      "added_bias": true,
      "n_epochs": 100,
      "batch_size": 256,
      "patience": 100,
      "min_delta": 0.0001,
      "warmup_epochs": 5,
      "trim_every": 3,
      "trimming_threshold": 0.3,
      "trim_method": "relevance",
      "soft_trim_relaxation": 2
    },
    "fold": 3,
    "seed": 9536
  },
  "hparams": {
    "seed": 9536,
    "fold": 3,
    "dataset": "appliances",
    "n_features": 28,
    "n_train": 13420,
    "n_val": 2368,
    "n_test": 3947,
    "L": 3,
    "bond_dim": 18,
    "model": "MPO2",
    "init_strength": 0.1,
    "bond_prior_alpha": 5.0,
    "added_bias": true,
    "n_epochs": 100,
    "batch_size": 256,
    "patience": 100,
    "min_delta": 0.0001,
    "warmup_epochs": 5,
    "trim_every": 3,
    "trimming_threshold": 0.3,
    "trim_method": "relevance",
    "soft_trim_relaxation": 2
  },
  "metrics_log": [
    {
      "step": 0,
      "train_loss": 130351.9519705874,
      "train_quality": -11.502866300121152,
      "val_loss": 130564.78773375247,
      "val_quality": -9.936093768880903,
      "patience_counter": 0,
      "elbo_raw": -878092792.1720368,
      "elbo_relative": 0.0,
      "e_log_p_nodes": -105688.6372182204,
      "e_log_p_bonds": -509.61221570343224,
      "e_log_p_tau": -1.0,
      "h_nodes": -6058.2757484830745,
      "h_bonds": 258.4299787944893,
      "h_tau": 1.0,
      "tau_mean": 1.0,
      "bond_mean_avg": 5.0,
      "n_parameters": 10080,
      "dim_x0": 28,
      "dim_b0": 18,
      "dim_x1": 28,
      "dim_b1": 18,
      "dim_x2": 28
    },
    {
      "step": 1,
      "train_loss": 3628.5706471897856,
      "train_quality": 0.6519612251560706,
      "val_loss": 7811.326526852668,
      "val_quality": 0.34572405899202374,
      "test_quality": 0.37635348710557104,
      "patience_counter": 0,
      "elbo_raw": -2309567.596145079,
      "elbo_relative": 875783224.5758917,
      "e_log_p_nodes": -2215652.1285223593,
      "e_log_p_bonds": -509.61221570343224,
      "e_log_p_tau": -0.0002756316708320417,
      "h_nodes": -19611.306337331094,
      "h_bonds": 258.4299787944893,
      "h_tau": -11.183307872917794,
      "tau_mean": 0.0002756316708320417,
      "bond_mean_avg": 5.0,
      "n_parameters": 10080,
      "dim_x0": 28,
      "dim_b0": 18,
      "dim_x1": 28,
      "dim_b1": 18,
      "dim_x2": 28
    },
    {
      "step": 2,
      "train_loss": 7640.2395842913975,
      "train_quality": 0.267177111050529,
      "val_loss": 9416.803214776224,
      "val_quality": 0.21124948964115176,
      "test_quality": 0.22598098384705068,
      "patience_counter": 1,
      "elbo_raw": -107272.67618366804,
      "elbo_relative": 877985519.4958531,
      "e_log_p_nodes": -17389.475577861223,
      "e_log_p_bonds": -509.61221570343224,
      "e_log_p_tau": -0.00013089569717540181,
      "h_nodes": -10581.591530771077,
      "h_bonds": 258.4299787944893,
      "h_tau": -11.927972520097683,
      "tau_mean": 0.00013089569717540181,
      "bond_mean_avg": 5.0,
      "n_parameters": 10080,
      "dim_x0": 28,
      "dim_b0": 18,
      "dim_x1": 28,
      "dim_b1": 18,
      "dim_x2": 28
    },
    {
      "step": 3,
      "train_loss": 8015.4241090202695,
      "train_quality": 0.23119083021893827,
      "val_loss": 9609.542358483683,
      "val_quality": 0.19510567793583344,
      "test_quality": 0.20840817643781862,
      "patience_counter": 2,
      "elbo_raw": -104936.30195124909,
      "elbo_relative": 877987855.8700855,
      "e_log_p_nodes": -15668.052800264872,
      "e_log_p_bonds": -509.61221570343224,
      "e_log_p_tau": -0.00012445558543008086,
      "h_nodes": -9628.062280305885,
      "h_bonds": 258.4299787944893,
      "h_tau": -11.978424412671302,
      "tau_mean": 0.00012445558543008086,
      "bond_mean_avg": 5.0,
      "n_parameters": 10080,
      "dim_x0": 28,
      "dim_b0": 18,
      "dim_x1": 28,
      "dim_b1": 18,
      "dim_x2": 28
    },
    {
      "step": 4,
      "train_loss": 8002.61310258602,
      "train_quality": 0.23241961351060347,
      "val_loss": 9554.334385360155,
      "val_quality": 0.19972989233045213,
      "test_quality": 0.21024860626981812,
      "patience_counter": 3,
      "elbo_raw": -104719.8641947,
      "elbo_relative": 877988072.307842,
      "e_log_p_nodes": -15534.079085863294,
      "e_log_p_bonds": -509.61221570343224,
      "e_log_p_tau": -0.0001245772037710814,
      "h_nodes": -9552.149996133992,
      "h_bonds": 258.4299787944893,
      "h_tau": -11.97744768706616,
      "tau_mean": 0.0001245772037710814,
      "bond_mean_avg": 5.0,
      "n_parameters": 10080,
      "dim_x0": 28,
      "dim_b0": 18,
      "dim_x1": 28,
      "dim_b1": 18,
      "dim_x2": 28
    },
    {
      "step": 5,
      "train_loss": 7994.967250189321,
      "train_quality": 0.23315297475929397,
      "val_loss": 9530.906459957321,
      "val_quality": 0.20169221305614582,
      "test_quality": 0.21026340875791427,
      "patience_counter": 4,
      "elbo_raw": -104657.8006950044,
      "elbo_relative": 877988134.3713417,
      "e_log_p_nodes": -15496.781615383266,
      "e_log_p_bonds": -509.61221570343224,
      "e_log_p_tau": -0.00012467739235894442,
      "h_nodes": -9532.771489574092,
      "h_bonds": 258.4299787944893,
      "h_tau": -11.976643781381426,
      "tau_mean": 0.00012467739235894442,
      "bond_mean_avg": 5.0,
      "n_parameters": 10080,
      "dim_x0": 28,
      "dim_b0": 18,
      "dim_x1": 28,
      "dim_b1": 18,
      "dim_x2": 28
    },
    {
      "step": 6,
      "train_loss": 7997.932461368771,
      "train_quality": 0.23286856291606628,
      "val_loss": 9524.470603831256,
      "val_quality": 0.20223127973177346,
      "test_quality": 0.20949871343598836,
      "patience_counter": 5,
      "elbo_raw": -99357.51887870104,
      "elbo_relative": 877993434.6531581,
      "e_log_p_nodes": -9796.821841791067,
      "e_log_p_bonds": -794.9250947173941,
      "e_log_p_tau": -0.00012462311823890484,
      "h_nodes": -9523.566430465944,
      "h_bonds": 137.77824557267343,
      "h_tau": -11.977079192613019,
      "tau_mean": 0.00012462311823890484,
      "bond_mean_avg": 5.182333118143041,
      "n_parameters": 10080,
      "dim_x0": 28,
      "dim_b0": 18,
      "dim_x1": 28,
      "dim_b1": 18,
      "dim_x2": 28
    },
    {
      "step": 7,
      "train_loss": 7835.8438774835395,
      "train_quality": 0.2484154869356644,
      "val_loss": 9438.00492014998,
      "val_quality": 0.20947363688596332,
      "test_quality": 0.21033837701998503,
      "patience_counter": 6,
      "elbo_raw": -86644.15392219862,
      "elbo_relative": 878006148.0181146,
      "e_log_p_nodes": -9807.97518552551,
      "e_log_p_bonds": -1202.7546465109103,
      "e_log_p_tau": -0.000125346453312904,
      "h_nodes": 3586.793169226224,
      "h_bonds": 120.92867925974952,
      "h_tau": -11.971291791458498,
      "tau_mean": 0.000125346453312904,
      "bond_mean_avg": 6.934983099938826,
      "n_parameters": 10080,
      "dim_x0": 28,
      "dim_b0": 18,
      "dim_x1": 28,
      "dim_b1": 18,
      "dim_x2": 28
    },
    {
      "step": 8,
      "train_loss": 8107.944778208346,
      "train_quality": 0.2223165975022907,
      "val_loss": 9807.505425378562,
      "val_quality": 0.1785243109385355,
      "test_quality": 0.17055845175169826,
      "patience_counter": 7,
      "elbo_raw": -77575.37838722904,
      "elbo_relative": 878015216.7936496,
      "e_log_p_nodes": -9781.044193606218,
      "e_log_p_bonds": -1643.6181819824264,
      "e_log_p_tau": -0.00012046442553888011,
      "h_nodes": 13355.844574981535,
      "h_bonds": 101.18757907057157,
      "h_tau": -12.011018835793948,
      "tau_mean": 0.00012046442553888011,
      "bond_mean_avg": 8.790336379845318,
      "n_parameters": 10080,
      "dim_x0": 28,