{
  "experiment_name": "kfold_appliances",
  "run_name": "appliances-MPO2-L3-d18-seed42806-fold3",
  "config": {
    "params": {
      "model": "MPO2",
      "L": 3,
      "bond_dim": 18,
      "init_strength": 0.1,
      "bond_prior_alpha": 5.0,
      "added_bias": true,
      "n_epochs": 100,
      "batch_size": 256,
      "patience": 100,
      "min_delta": 0.0001,
      "warmup_epochs": 5,
      "trim_every": 3,
      "trimming_threshold": 0.3,
      "trim_method": "relevance",
      "soft_trim_relaxation": 2
    },
    "fold": 3,
    "seed": 42806
  },
  "hparams": {
    "seed": 42806,
    "fold": 3,
    "dataset": "appliances",
    "n_features": 28,
    "n_train": 13420,
    "n_val": 2368,
    "n_test": 3947,
    "L": 3,
    "bond_dim": 18,
    "model": "MPO2",
    "init_strength": 0.1,
    "bond_prior_alpha": 5.0,
    "added_bias": true,
    "n_epochs": 100,
    "batch_size": 256,
    "patience": 100,
    "min_delta": 0.0001,
    "warmup_epochs": 5,
    "trim_every": 3,
    "trimming_threshold": 0.3,
    "trim_method": "relevance",
    "soft_trim_relaxation": 2
  },
  "metrics_log": [
    {
      "step": 0,
      "train_loss": 98142.32720189593,
      "train_quality": -8.007213712789712,
      "val_loss": 95742.0642216741,
      "val_quality": -9.20930127937707,
      "patience_counter": 0,
      "elbo_raw": -661973343.9456855,
      "elbo_relative": 0.0,
      "e_log_p_nodes": -106033.53377876093,
      "e_log_p_bonds": -509.61221570343224,
      "e_log_p_tau": -1.0,
      "h_nodes": -6058.2757484830745,
      "h_bonds": 258.4299787944893,
      "h_tau": 1.0,
      "tau_mean": 1.0,
      "bond_mean_avg": 5.0,
      "n_parameters": 10080,
      "dim_x0": 28,
      "dim_b0": 18,
      "dim_x1": 28,
      "dim_b1": 18,
      "dim_x2": 28
    },
    {
      "step": 1,
      "train_loss": 3839.4518668019327,
      "train_quality": 0.6476264167537862,
      "val_loss": 6484.04186204442,
      "val_quality": 0.30858460786435826,
      "test_quality": 0.3575110254302718,
      "patience_counter": 0,
      "elbo_raw": -2441397.663651266,
      "elbo_relative": 659531946.2820343,
      "e_log_p_nodes": -2347107.865094865,
      "e_log_p_bonds": -509.61221570343224,
      "e_log_p_tau": -0.00026049265029763673,
      "h_nodes": -19606.518280210756,
      "h_bonds": 258.4299787944893,
      "h_tau": -11.239798674425401,
      "tau_mean": 0.00026049265029763673,
      "bond_mean_avg": 5.0,
      "n_parameters": 10080,
      "dim_x0": 28,
      "dim_b0": 18,
      "dim_x1": 28,
      "dim_b1": 18,
      "dim_x2": 28
    },
    {
      "step": 2,
      "train_loss": 7926.021712167309,
      "train_quality": 0.2725730733199565,
      "val_loss": 7025.977701944495,
      "val_quality": 0.25079614979621057,
      "test_quality": 0.22032952007534012,
      "patience_counter": 1,
      "elbo_raw": -107512.64440746498,
      "elbo_relative": 661865831.301278,
      "e_log_p_nodes": -17349.70317526043,
      "e_log_p_bonds": -509.61221570343224,
      "e_log_p_tau": -0.0001261761869711312,
      "h_nodes": -10614.889185607033,
      "h_bonds": 258.4299787944893,
      "h_tau": -11.96469408187113,
      "tau_mean": 0.0001261761869711312,
      "bond_mean_avg": 5.0,
      "n_parameters": 10080,
      "dim_x0": 28,
      "dim_b0": 18,
      "dim_x1": 28,
      "dim_b1": 18,
      "dim_x2": 28
    },
    {
      "step": 3,
      "train_loss": 8410.486993233331,
      "train_quality": 0.228110276814107,
      "val_loss": 7241.104859515904,
      "val_quality": 0.2278564107914467,
      "test_quality": 0.1925870188742116,
      "patience_counter": 2,
      "elbo_raw": -105257.80742552088,
      "elbo_relative": 661868086.13826,
      "e_log_p_nodes": -15670.933206091866,
      "e_log_p_bonds": -509.61221570343224,
      "e_log_p_tau": -0.00011862168134714459,
      "h_nodes": -9624.490901622516,
      "h_bonds": 258.4299787944893,
      "h_tau": -12.026434040853928,
      "tau_mean": 0.00011862168134714459,
      "bond_mean_avg": 5.0,
      "n_parameters": 10080,
      "dim_x0": 28,
      "dim_b0": 18,
      "dim_x1": 28,
      "dim_b1": 18,
      "dim_x2": 28
    },
    {
      "step": 4,
      "train_loss": 8427.252704557497,
      "train_quality": 0.2265715692121052,
      "val_loss": 7231.132189349056,
      "val_quality": 0.22891983046096076,
      "test_quality": 0.19469258552264157,
      "patience_counter": 3,
      "elbo_raw": -105052.6171207689,
      "elbo_relative": 661868291.3285648,
      "e_log_p_nodes": -15525.922413088789,
      "e_log_p_bonds": -509.61221570343224,
      "e_log_p_tau": -0.00011831313001767701,
      "h_nodes": -9546.828316597055,
      "h_bonds": 258.4299787944893,
      "h_tau": -12.029038567408861,
      "tau_mean": 0.00011831313001767701,
      "bond_mean_avg": 5.0,
      "n_parameters": 10080,
      "dim_x0": 28,
      "dim_b0": 18,
      "dim_x1": 28,
      "dim_b1": 18,
      "dim_x2": 28
    },
    {
      "step": 5,
      "train_loss": 8420.674799956168,
      "train_quality": 0.22717526992122572,
      "val_loss": 7217.764938190646,
      "val_quality": 0.23034522582362327,
      "test_quality": 0.19682439719283917,
      "patience_counter": 4,
      "elbo_raw": -104994.249348689,
      "elbo_relative": 661868349.6963369,
      "e_log_p_nodes": -15493.927143753781,
      "e_log_p_bonds": -509.61221570343224,
      "e_log_p_tau": -0.00011838701517704986,
      "h_nodes": -9524.651750645507,
      "h_bonds": 258.4299787944893,
      "h_tau": -12.02841427407111,
      "tau_mean": 0.00011838701517704986,
      "bond_mean_avg": 5.0,
      "n_parameters": 10080,
      "dim_x0": 28,
      "dim_b0": 18,
      "dim_x1": 28,
      "dim_b1": 18,
      "dim_x2": 28
    },
    {
      "step": 6,
      "train_loss": 8416.493412908718,
      "train_quality": 0.22755902530818328,
      "val_loss": 7208.850804026991,
      "val_quality": 0.23129577020619296,
      "test_quality": 0.19789655276814722,
      "patience_counter": 5,
      "elbo_raw": -99698.60314654408,
      "elbo_relative": 661873645.342539,
      "e_log_p_nodes": -9808.67324276858,
      "e_log_p_bonds": -790.4886832433752,
      "e_log_p_tau": -0.00011843837209387937,
      "h_nodes": -9515.152099625868,
      "h_bonds": 137.29241276326485,
      "h_tau": -12.027980562816083,
      "tau_mean": 0.00011843837209387937,
      "bond_mean_avg": 5.121875512464255,
      "n_parameters": 10080,
      "dim_x0": 28,
      "dim_b0": 18,
      "dim_x1": 28,
      "dim_b1": 18,
      "dim_x2": 28
    },
    {
      "step": 7,
      "train_loss": 8198.750375032803,
      "train_quality": 0.24754283996325832,
      "val_loss": 7087.770285134033,
      "val_quality": 0.2442069969119326,
      "test_quality": 0.2285913387962838,
      "patience_counter": 6,
      "elbo_raw": -86953.11990841148,
      "elbo_relative": 661886390.825777,
      "e_log_p_nodes": -9812.694919702592,
      "e_log_p_bonds": -1197.0079825812238,
      "e_log_p_tau": -0.00011980968862479886,
      "h_nodes": 3579.8813562712908,
      "h_bonds": 121.02165947342559,
      "h_tau": -12.016468765650643,
      "tau_mean": 0.00011980968862479886,
      "bond_mean_avg": 6.902328494455766,
      "n_parameters": 10080,
      "dim_x0": 28,
      "dim_b0": 18,
      "dim_x1": 28,
      "dim_b1": 18,
      "dim_x2": 28
    },
    {
      "step": 8,
      "train_loss": 8422.548867919024,
      "train_quality": 0.2270032734836539,
      "val_loss": 7558.3322545661285,
      "val_quality": 0.19402937691173905,
      "test_quality": 0.1872565371191821,
      "patience_counter": 7,
      "elbo_raw": -77832.9394846781,
      "elbo_relative": 661895511.0062008,
      "e_log_p_nodes": -9780.374454141884,
      "e_log_p_bonds": -1639.9888507094897,
      "e_log_p_tau": -0.00011597138017839,
      "h_nodes": 13348.439503207615,
      "h_bonds": 101.82908745568116,
      "h_tau": -12.049029883324692,
      "tau_mean": 0.00011597138017839,
      "bond_mean_avg": 8.808736861011326,
      "n_parameters": 10080,
      "dim_x0": 28,