{
  "experiment_name": "kfold_appliances",
  "run_name": "appliances-MPO2-L3-d18-seed42-fold2",
  "config": {
    "params": {
      "model": "MPO2",
      "L": 3,
      "bond_dim": 18,
      "init_strength": 0.1,
      "bond_prior_alpha": 5.0,
      "added_bias": true,
      "n_epochs": 100,
      "batch_size": 256,
      "patience": 100,
      "min_delta": 0.0001,
      "warmup_epochs": 5,
      "trim_every": 3,
      "trimming_threshold": 0.3,
      "trim_method": "relevance",
      "soft_trim_relaxation": 2
    },
    "fold": 2,
    "seed": 42
  },
  "hparams": {
    "seed": 42,
    "fold": 2,
    "dataset": "appliances",
    "n_features": 28,
    "n_train": 13420,
    "n_val": 2368,
    "n_test": 3947,
    "L": 3,
    "bond_dim": 18,
    "model": "MPO2",
    "init_strength": 0.1,
    "bond_prior_alpha": 5.0,
    "added_bias": true,
    "n_epochs": 100,
    "batch_size": 256,
    "patience": 100,
    "min_delta": 0.0001,
    "warmup_epochs": 5,
    "trim_every": 3,
    "trimming_threshold": 0.3,
    "trim_method": "relevance",
    "soft_trim_relaxation": 2
  },
  "metrics_log": [
    {
      "step": 0,
      "train_loss": 65313.1693779975,
      "train_quality": -5.254079485587882,
      "val_loss": 69766.88247624364,
      "val_quality": -5.195859574548437,
      "patience_counter": 0,
      "elbo_raw": -441683847.95050174,
      "elbo_relative": 0.0,
      "e_log_p_nodes": -106009.08764639017,
      "e_log_p_bonds": -509.61221570343224,
      "e_log_p_tau": -1.0,
      "h_nodes": -6058.2757484830745,
      "h_bonds": 258.4299787944893,
      "h_tau": 1.0,
      "tau_mean": 1.0,
      "bond_mean_avg": 5.0,
      "n_parameters": 10080,
      "dim_x0": 28,
      "dim_b0": 18,
      "dim_x1": 28,
      "dim_b1": 18,
      "dim_x2": 28
    },
    {
      "step": 1,
      "train_loss": 3713.7726419277205,
      "train_quality": 0.644386736775906,
      "val_loss": 7261.899605374088,
      "val_quality": 0.3550849829833317,
      "test_quality": 0.3579692128414561,
      "patience_counter": 0,
      "elbo_raw": -2324631.4098244137,
      "elbo_relative": 439359216.5406773,
      "e_log_p_nodes": -2230409.811774886,
      "e_log_p_bonds": -509.61221570343224,
      "e_log_p_tau": -0.00026930808307112024,
      "h_nodes": -19761.671367205156,
      "h_bonds": 258.4299787944893,
      "h_tau": -11.20651730690588,
      "tau_mean": 0.00026930808307112024,
      "bond_mean_avg": 5.0,
      "n_parameters": 10080,
      "dim_x0": 28,
      "dim_b0": 18,
      "dim_x1": 28,
      "dim_b1": 18,
      "dim_x2": 28
    },
    {
      "step": 2,
      "train_loss": 7674.738462240052,
      "train_quality": 0.26510342659749475,
      "val_loss": 8461.60847543522,
      "val_quality": 0.24854119851983592,
      "test_quality": 0.23849154123060867,
      "patience_counter": 1,
      "elbo_raw": -107465.66902351251,
      "elbo_relative": 441576382.2814782,
      "e_log_p_nodes": -17507.82836035113,
      "e_log_p_bonds": -509.61221570343224,
      "e_log_p_tau": -0.00013030809492897805,
      "h_nodes": -10626.035682681864,
      "h_bonds": 258.4299787944893,
      "h_tau": -11.932471713873383,
      "tau_mean": 0.00013030809492897805,
      "bond_mean_avg": 5.0,
      "n_parameters": 10080,
      "dim_x0": 28,
      "dim_b0": 18,
      "dim_x1": 28,
      "dim_b1": 18,
      "dim_x2": 28
    },
    {
      "step": 3,
      "train_loss": 8106.669359020018,
      "train_quality": 0.2237437714702215,
      "val_loss": 8859.72735804629,
      "val_quality": 0.213185043807401,
      "test_quality": 0.2162405773295064,
      "patience_counter": 2,
      "elbo_raw": -105057.86484764784,
      "elbo_relative": 441578790.0856541,
      "e_log_p_nodes": -15692.86923096946,
      "e_log_p_bonds": -509.61221570343224,
      "e_log_p_tau": -0.0001230648373593558,
      "h_nodes": -9649.387352190815,
      "h_bonds": 258.4299787944893,
      "h_tau": -11.989661971900205,
      "tau_mean": 0.0001230648373593558,
      "bond_mean_avg": 5.0,
      "n_parameters": 10080,
      "dim_x0": 28,
      "dim_b0": 18,
      "dim_x1": 28,
      "dim_b1": 18,
      "dim_x2": 28
    },
    {
      "step": 4,
      "train_loss": 8084.863752930345,
      "train_quality": 0.22583177294090473,
      "val_loss": 8817.06382505313,
      "val_quality": 0.21697390823702123,
      "test_quality": 0.21922408903177704,
      "patience_counter": 3,
      "elbo_raw": -104821.33031252614,
      "elbo_relative": 441579026.6201892,
      "e_log_p_nodes": -15551.452329852378,
      "e_log_p_bonds": -509.61221570343224,
      "e_log_p_tau": -0.00012331793169162265,
      "h_nodes": -9568.056928917727,
      "h_bonds": 258.4299787944893,
      "h_tau": -11.987607490395021,
      "tau_mean": 0.00012331793169162265,
      "bond_mean_avg": 5.0,
      "n_parameters": 10080,
      "dim_x0": 28,
      "dim_b0": 18,
      "dim_x1": 28,
      "dim_b1": 18,
      "dim_x2": 28
    },
    {
      "step": 5,
      "train_loss": 8062.9424096480425,
      "train_quality": 0.22793085685650727,
      "val_loss": 8780.883113631213,
      "val_quality": 0.22018704603709127,
      "test_quality": 0.2207825145137453,
      "patience_counter": 4,
      "elbo_raw": -104748.97641229795,
      "elbo_relative": 441579098.97408944,
      "e_log_p_nodes": -15520.814343545488,
      "e_log_p_bonds": -509.61221570343224,
      "e_log_p_tau": -0.00012363290614169744,
      "h_nodes": -9543.468565905943,
      "h_bonds": 258.4299787944893,
      "h_tau": -11.985056580881064,
      "tau_mean": 0.00012363290614169744,
      "bond_mean_avg": 5.0,
      "n_parameters": 10080,
      "dim_x0": 28,
      "dim_b0": 18,
      "dim_x1": 28,
      "dim_b1": 18,
      "dim_x2": 28
    },
    {
      "step": 6,
      "train_loss": 8057.673952048441,
      "train_quality": 0.2284353393813663,
      "val_loss": 8766.195269949434,
      "val_quality": 0.22149144453785852,
      "test_quality": 0.22101968972375763,
      "patience_counter": 5,
      "elbo_raw": -99421.12936228309,
      "elbo_relative": 441584426.82113945,
      "e_log_p_nodes": -9806.815336270953,
      "e_log_p_bonds": -791.357493177123,
      "e_log_p_tau": -0.00012370568789836972,
      "h_nodes": -9530.925610913164,
      "h_bonds": 137.53834924650607,
      "h_tau": -11.984468061658845,
      "tau_mean": 0.00012370568789836972,
      "bond_mean_avg": 5.146855786322756,
      "n_parameters": 10080,
      "dim_x0": 28,
      "dim_b0": 18,
      "dim_x1": 28,
      "dim_b1": 18,
      "dim_x2": 28
    },
    {
      "step": 7,
      "train_loss": 7992.640258057544,
      "train_quality": 0.2346626576287254,
      "val_loss": 8821.533610190745,
      "val_quality": 0.21657695541272826,
      "test_quality": 0.20752052712450852,
      "patience_counter": 6,
      "elbo_raw": -86857.15429061191,
      "elbo_relative": 441596990.7962111,
      "e_log_p_nodes": -9809.127189471044,
      "e_log_p_bonds": -1196.5461569473432,
      "e_log_p_tau": -0.00012295831668841326,
      "h_nodes": 3496.527659218587,
      "h_bonds": 122.22688385677561,
      "h_tau": -11.990527912166726,
      "tau_mean": 0.00012295831668841326,
      "bond_mean_avg": 6.980281456438543,
      "n_parameters": 10080,
      "dim_x0": 28,
      "dim_b0": 18,
      "dim_x1": 28,
      "dim_b1": 18,
      "dim_x2": 28
    },
    {
      "step": 8,
      "train_loss": 8203.704259990121,
      "train_quality": 0.21445216934277045,
      "val_loss": 9277.939375941423,
      "val_quality": 0.17604445728127804,
      "test_quality": 0.1683408546483206,
      "patience_counter": 7,
      "elbo_raw": -77754.6190957102,
      "elbo_relative": 441606093.33140606,
      "e_log_p_nodes": -9775.627343266262,
      "e_log_p_bonds": -1638.4570701950959,
      "e_log_p_tau": -0.0001191107541379022,
      "h_nodes": 13241.480967029263,
      "h_bonds": 101.5758483826823,
      "h_tau": -12.022319554074784,
      "tau_mean": 0.0001191107541379022,
      "bond_mean_avg": 8.78264294694512,
      "n_parameters": 10080,
      "dim_x0": 28,