{
  "experiment_name": "kfold_appliances",
  "run_name": "appliances-MPO2-L3-d18-seed47659-fold0",
  "config": {
    "params": {
      "model": "MPO2",
      "L": 3,
      "bond_dim": 18,
      "init_strength": 0.1,
      "bond_prior_alpha": 5.0,
      "added_bias": true,
      "n_epochs": 100,
      "batch_size": 256,
      "patience": 100,
      "min_delta": 0.0001,
      "warmup_epochs": 5,
      "trim_every": 3,
      "trimming_threshold": 0.3,
      "trim_method": "relevance",
      "soft_trim_relaxation": 2
    },
    "fold": 0,
    "seed": 47659
  },
  "hparams": {
    "seed": 47659,
    "fold": 0,
    "dataset": "appliances",
    "n_features": 28,
    "n_train": 13420,
    "n_val": 2368,
    "n_test": 3947,
    "L": 3,
    "bond_dim": 18,
    "model": "MPO2",
    "init_strength": 0.1,
    "bond_prior_alpha": 5.0,
    "added_bias": true,
    "n_epochs": 100,
    "batch_size": 256,
    "patience": 100,
    "min_delta": 0.0001,
    "warmup_epochs": 5,
    "trim_every": 3,
    "trimming_threshold": 0.3,
    "trim_method": "relevance",
    "soft_trim_relaxation": 2
  },
  "metrics_log": [
    {
      "step": 0,
      "train_loss": 64462.19243743335,
      "train_quality": -4.973954043472961,
      "val_loss": 60659.46729431932,
      "val_quality": -5.107187812581034,
      "patience_counter": 0,
      "elbo_raw": -435963169.7552371,
      "elbo_relative": 0.0,
      "e_log_p_nodes": -105730.28664019771,
      "e_log_p_bonds": -509.61221570343224,
      "e_log_p_tau": -1.0,
      "h_nodes": -6058.2757484830745,
      "h_bonds": 258.4299787944893,
      "h_tau": 1.0,
      "tau_mean": 1.0,
      "bond_mean_avg": 5.0,
      "n_parameters": 10080,
      "dim_x0": 28,
      "dim_b0": 18,
      "dim_x1": 28,
      "dim_b1": 18,
      "dim_x2": 28
    },
    {
      "step": 1,
      "train_loss": 3789.844898171288,
      "train_quality": 0.6487808062758593,
      "val_loss": 5903.572087442856,
      "val_quality": 0.40562907801036663,
      "test_quality": 0.36121145994294834,
      "patience_counter": 0,
      "elbo_raw": -2190335.4015037306,
      "elbo_relative": 433772834.35373336,
      "e_log_p_nodes": -2096016.1177023028,
      "e_log_p_bonds": -509.61221570343224,
      "e_log_p_tau": -0.0002639023545390187,
      "h_nodes": -19723.278248506835,
      "h_bonds": 258.4299787944893,
      "h_tau": -11.226794155831158,
      "tau_mean": 0.0002639023545390187,
      "bond_mean_avg": 5.0,
      "n_parameters": 10080,
      "dim_x0": 28,
      "dim_b0": 18,
      "dim_x1": 28,
      "dim_b1": 18,
      "dim_x2": 28
    },
    {
      "step": 2,
      "train_loss": 7797.676260347711,
      "train_quality": 0.2773599863142958,
      "val_loss": 7252.054059757305,
      "val_quality": 0.26986407653342026,
      "test_quality": 0.21036958452122323,
      "patience_counter": 1,
      "elbo_raw": -107399.90740214042,
      "elbo_relative": 435855769.84783494,
      "e_log_p_nodes": -17404.226374513375,
      "e_log_p_bonds": -509.61221570343224,
      "e_log_p_tau": -0.0001282520236567419,
      "h_nodes": -10557.145299052947,
      "h_bonds": 258.4299787944893,
      "h_tau": -11.9483760584626,
      "tau_mean": 0.0001282520236567419,
      "bond_mean_avg": 5.0,
      "n_parameters": 10080,
      "dim_x0": 28,
      "dim_b0": 18,
      "dim_x1": 28,
      "dim_b1": 18,
      "dim_x2": 28
    },
    {
      "step": 3,
      "train_loss": 8263.426727235075,
      "train_quality": 0.2341971372130689,
      "val_loss": 7456.349850331778,
      "val_quality": 0.24929560110807036,
      "test_quality": 0.184053087254741,
      "patience_counter": 2,
      "elbo_raw": -105142.61143903187,
      "elbo_relative": 435858027.14379805,
      "e_log_p_nodes": -15674.906812033538,
      "e_log_p_bonds": -509.61221570343224,
      "e_log_p_tau": -0.00012072386353246513,
      "h_nodes": -9623.209969479318,
      "h_bonds": 258.4299787944893,
      "h_tau": -12.008867503362126,
      "tau_mean": 0.00012072386353246513,
      "bond_mean_avg": 5.0,
      "n_parameters": 10080,
      "dim_x0": 28,
      "dim_b0": 18,
      "dim_x1": 28,
      "dim_b1": 18,
      "dim_x2": 28
    },
    {
      "step": 4,
      "train_loss": 8295.933467033734,
      "train_quality": 0.23118461526310885,
      "val_loss": 7496.665860936836,
      "val_quality": 0.24523659004843723,
      "test_quality": 0.18378007277388353,
      "patience_counter": 3,
      "elbo_raw": -104954.3302765811,
      "elbo_relative": 435858215.4249605,
      "e_log_p_nodes": -15529.56221084965,
      "e_log_p_bonds": -509.61221570343224,
      "e_log_p_tau": -0.00012017913202613773,
      "h_nodes": -9549.925135790992,
      "h_bonds": 258.4299787944893,
      "h_tau": -12.013389924795774,
      "tau_mean": 0.00012017913202613773,
      "bond_mean_avg": 5.0,
      "n_parameters": 10080,
      "dim_x0": 28,
      "dim_b0": 18,
      "dim_x1": 28,
      "dim_b1": 18,
      "dim_x2": 28
    },
    {
      "step": 5,
      "train_loss": 8300.711466522274,
      "train_quality": 0.2307418200635507,
      "val_loss": 7512.036032940548,
      "val_quality": 0.2436891229946483,
      "test_quality": 0.18468535632342742,
      "patience_counter": 4,
      "elbo_raw": -104896.7440870909,
      "elbo_relative": 435858273.01115,
      "e_log_p_nodes": -15487.829970125746,
      "e_log_p_bonds": -509.61221570343224,
      "e_log_p_tau": -0.00012009193571806553,
      "h_nodes": -9529.195461208557,
      "h_bonds": 258.4299787944893,
      "h_tau": -12.014115740952548,
      "tau_mean": 0.00012009193571806553,
      "bond_mean_avg": 5.0,
      "n_parameters": 10080,
      "dim_x0": 28,
      "dim_b0": 18,
      "dim_x1": 28,
      "dim_b1": 18,
      "dim_x2": 28
    },
    {
      "step": 6,
      "train_loss": 8305.015281924689,
      "train_quality": 0.23034296928833753,
      "val_loss": 7522.170338004139,
      "val_quality": 0.2426688023895721,
      "test_quality": 0.18532698681306303,
      "patience_counter": 5,
      "elbo_raw": -99615.03339426553,
      "elbo_relative": 435863554.7218428,
      "e_log_p_nodes": -9819.783253845764,
      "e_log_p_bonds": -782.6406820182351,
      "e_log_p_tau": -0.0001200219182978113,
      "h_nodes": -9518.698545968587,
      "h_bonds": 138.54405836658339,
      "h_tau": -12.014698942810355,
      "tau_mean": 0.0001200219182978113,
      "bond_mean_avg": 5.1542862844368775,
      "n_parameters": 10080,
      "dim_x0": 28,
      "dim_b0": 18,
      "dim_x1": 28,
      "dim_b1": 18,
      "dim_x2": 28
    },
    {
      "step": 7,
      "train_loss": 8392.216042380714,
      "train_quality": 0.2222617465464054,
      "val_loss": 7600.5869843586515,
      "val_quality": 0.2347738239421665,
      "test_quality": 0.18700338894320134,
      "patience_counter": 6,
      "elbo_raw": -87227.87072510885,
      "elbo_relative": 435875941.884512,
      "e_log_p_nodes": -9811.3146127997,
      "e_log_p_bonds": -1190.6283273458448,
      "e_log_p_tau": -0.00011715549385221617,
      "h_nodes": 3445.6306429390183,
      "h_bonds": 123.1121214660436,
      "h_tau": -12.038871261655004,
      "tau_mean": 0.00011715549385221617,
      "bond_mean_avg": 6.997404554595879,
      "n_parameters": 10080,
      "dim_x0": 28,
      "dim_b0": 18,
      "dim_x1": 28,
      "dim_b1": 18,
      "dim_x2": 28
    },
    {
      "step": 8,
      "train_loss": 8565.324203766519,
      "train_quality": 0.2062191615587381,
      "val_loss": 7837.273068472318,
      "val_quality": 0.21094429769042689,
      "test_quality": 0.13739069060246534,
      "patience_counter": 7,
      "elbo_raw": -78115.8173827368,
      "elbo_relative": 435885053.93785435,
      "e_log_p_nodes": -9776.57111289829,
      "e_log_p_bonds": -1635.1167914641605,
      "e_log_p_tau": -0.00011403926749001992,
      "h_nodes": 13169.34637541216,
      "h_bonds": 102.11227980084777,
      "h_tau": -12.065830480642035,
      "tau_mean": 0.00011403926749001992,
      "bond_mean_avg": 8.795061694164419,
      "n_parameters": 10080,
      "dim_x0": 28,