{
  "experiment_name": "kfold_appliances",
  "run_name": "appliances-MPO2-L3-d18-seed42-fold3",
  "config": {
    "params": {
      "model": "MPO2",
      "L": 3,
      "bond_dim": 18,
      "init_strength": 0.1,
      "bond_prior_alpha": 5.0,
      "added_bias": true,
      "n_epochs": 100,
      "batch_size": 256,
      "patience": 100,
      "min_delta": 0.0001,
      "warmup_epochs": 5,
      "trim_every": 3,
      "trimming_threshold": 0.3,
      "trim_method": "relevance",
      "soft_trim_relaxation": 2
    },
    "fold": 3,
    "seed": 42
  },
  "hparams": {
    "seed": 42,
    "fold": 3,
    "dataset": "appliances",
    "n_features": 28,
    "n_train": 13420,
    "n_val": 2368,
    "n_test": 3947,
    "L": 3,
    "bond_dim": 18,
    "model": "MPO2",
    "init_strength": 0.1,
    "bond_prior_alpha": 5.0,
    "added_bias": true,
    "n_epochs": 100,
    "batch_size": 256,
    "patience": 100,
    "min_delta": 0.0001,
    "warmup_epochs": 5,
    "trim_every": 3,
    "trimming_threshold": 0.3,
    "trim_method": "relevance",
    "soft_trim_relaxation": 2
  },
  "metrics_log": [
    {
      "step": 0,
      "train_loss": 66594.59787899871,
      "train_quality": -5.382635144253295,
      "val_loss": 68890.33837351981,
      "val_quality": -5.119881400408474,
      "patience_counter": 0,
      "elbo_raw": -450277108.2334874,
      "elbo_relative": 0.0,
      "e_log_p_nodes": -106009.08764639017,
      "e_log_p_bonds": -509.61221570343224,
      "e_log_p_tau": -1.0,
      "h_nodes": -6058.2757484830745,
      "h_bonds": 258.4299787944893,
      "h_tau": 1.0,
      "tau_mean": 1.0,
      "bond_mean_avg": 5.0,
      "n_parameters": 10080,
      "dim_x0": 28,
      "dim_b0": 18,
      "dim_x1": 28,
      "dim_b1": 18,
      "dim_x2": 28
    },
    {
      "step": 1,
      "train_loss": 3673.0794712678326,
      "train_quality": 0.6479605423318779,
      "val_loss": 6757.43832464516,
      "val_quality": 0.39970216297704664,
      "test_quality": 0.38918157316721336,
      "patience_counter": 0,
      "elbo_raw": -2356017.5246985,
      "elbo_relative": 447921090.70878893,
      "e_log_p_nodes": -2261860.287458431,
      "e_log_p_bonds": -509.61221570343224,
      "e_log_p_tau": -0.0002722916829157935,
      "h_nodes": -19771.255169337262,
      "h_bonds": 258.4299787944893,
      "h_tau": -11.195499466004549,
      "tau_mean": 0.0002722916829157935,
      "bond_mean_avg": 5.0,
      "n_parameters": 10080,
      "dim_x0": 28,
      "dim_b0": 18,
      "dim_x1": 28,
      "dim_b1": 18,
      "dim_x2": 28
    },
    {
      "step": 2,
      "train_loss": 7604.702487444903,
      "train_quality": 0.271141460360657,
      "val_loss": 8875.68273078915,
      "val_quality": 0.21152766929996514,
      "test_quality": 0.21220616213032206,
      "patience_counter": 1,
      "elbo_raw": -107369.16119377503,
      "elbo_relative": 450169739.07229364,
      "e_log_p_nodes": -17481.872374233448,
      "e_log_p_bonds": -509.61221570343224,
      "e_log_p_tau": -0.00013150833677278098,
      "h_nodes": -10617.012538951662,
      "h_bonds": 258.4299787944893,
      "h_tau": -11.923303074268915,
      "tau_mean": 0.00013150833677278098,
      "bond_mean_avg": 5.0,
      "n_parameters": 10080,
      "dim_x0": 28,
      "dim_b0": 18,
      "dim_x1": 28,
      "dim_b1": 18,
      "dim_x2": 28
    },
    {
      "step": 3,
      "train_loss": 8030.572871978466,
      "train_quality": 0.230324706903275,
      "val_loss": 9144.560001884256,
      "val_quality": 0.18764192495297527,
      "test_quality": 0.19491560648138884,
      "patience_counter": 2,
      "elbo_raw": -104998.85335004758,
      "elbo_relative": 450172109.3801374,
      "e_log_p_nodes": -15697.993102356764,
      "e_log_p_bonds": -509.61221570343224,
      "e_log_p_tau": -0.0001242305183398728,
      "h_nodes": -9648.523129462406,
      "h_bonds": 258.4299787944893,
      "h_tau": -11.980234462753288,
      "tau_mean": 0.0001242305183398728,
      "bond_mean_avg": 5.0,
      "n_parameters": 10080,
      "dim_x0": 28,
      "dim_b0": 18,
      "dim_x1": 28,
      "dim_b1": 18,
      "dim_x2": 28
    },
    {
      "step": 4,
      "train_loss": 8019.391898468351,
      "train_quality": 0.23139632647521524,
      "val_loss": 9096.878254705496,
      "val_quality": 0.19187773863291557,
      "test_quality": 0.2008909419437862,
      "patience_counter": 3,
      "elbo_raw": -104756.88274907842,
      "elbo_relative": 450172351.35073835,
      "e_log_p_nodes": -15541.91867194527,
      "e_log_p_bonds": -509.61221570343224,
      "e_log_p_tau": -0.00012432483567332385,
      "h_nodes": -9567.721467828967,
      "h_bonds": 258.4299787944893,
      "h_tau": -11.979475538544648,
      "tau_mean": 0.00012432483567332385,
      "bond_mean_avg": 5.0,
      "n_parameters": 10080,
      "dim_x0": 28,
      "dim_b0": 18,
      "dim_x1": 28,
      "dim_b1": 18,
      "dim_x2": 28
    },
    {
      "step": 5,
      "train_loss": 8003.502960715592,
      "train_quality": 0.23291917210737723,
      "val_loss": 9058.653557645124,
      "val_quality": 0.1952734341411544,
      "test_quality": 0.20450642007031006,
      "patience_counter": 4,
      "elbo_raw": -104684.67320122609,
      "elbo_relative": 450172423.5602862,
      "e_log_p_nodes": -15507.037499226888,
      "e_log_p_bonds": -509.61221570343224,
      "e_log_p_tau": -0.00012455012419587477,
      "h_nodes": -9542.543340651016,
      "h_bonds": 258.4299787944893,
      "h_tau": -11.977665082529711,
      "tau_mean": 0.00012455012419587477,
      "bond_mean_avg": 5.0,
      "n_parameters": 10080,
      "dim_x0": 28,
      "dim_b0": 18,
      "dim_x1": 28,
      "dim_b1": 18,
      "dim_x2": 28
    },
    {
      "step": 6,
      "train_loss": 7999.586241485825,
      "train_quality": 0.23329456276371097,
      "val_loss": 9041.895076753197,
      "val_quality": 0.19676217578375665,
      "test_quality": 0.20622562737945338,
      "patience_counter": 5,
      "elbo_raw": -99374.04901713523,
      "elbo_relative": 450177734.1844703,
      "e_log_p_nodes": -9812.885966689162,
      "e_log_p_bonds": -788.0505159175659,
      "e_log_p_tau": -0.00012460224056321236,
      "h_nodes": -9529.738485993203,
      "h_bonds": 137.73487630456975,
      "h_tau": -11.977246733149514,
      "tau_mean": 0.00012460224056321236,
      "bond_mean_avg": 5.137388307106923,
      "n_parameters": 10080,
      "dim_x0": 28,
      "dim_b0": 18,
      "dim_x1": 28,
      "dim_b1": 18,
      "dim_x2": 28
    },
    {
      "step": 7,
      "train_loss": 7869.907286260487,
      "train_quality": 0.2457234005891934,
      "val_loss": 9219.689211411098,
      "val_quality": 0.18096781269186546,
      "test_quality": 0.19142771188473795,
      "patience_counter": 6,
      "elbo_raw": -86776.269385952,
      "elbo_relative": 450190331.9641015,
      "e_log_p_nodes": -9809.097561816108,
      "e_log_p_bonds": -1195.7895544072223,
      "e_log_p_tau": -0.0001248542607226192,
      "h_nodes": 3473.917504717858,
      "h_bonds": 122.25244233871535,
      "h_tau": -11.975226178510638,
      "tau_mean": 0.0001248542607226192,
      "bond_mean_avg": 6.97646351128179,
      "n_parameters": 10080,
      "dim_x0": 28,
      "dim_b0": 18,
      "dim_x1": 28,
      "dim_b1": 18,
      "dim_x2": 28
    },
    {
      "step": 8,
      "train_loss": 8142.026598803247,
      "train_quality": 0.2196426321337509,
      "val_loss": 9594.641634650727,
      "val_quality": 0.14765886959188035,
      "test_quality": 0.14544278853151094,
      "patience_counter": 7,
      "elbo_raw": -77753.2714200682,
      "elbo_relative": 450199354.96206737,
      "e_log_p_nodes": -9777.652255429493,
      "e_log_p_bonds": -1640.4597821484203,
      "e_log_p_tau": -0.00012002962510625686,
      "h_nodes": 13194.111682309864,
      "h_bonds": 102.74634178975772,
      "h_tau": -12.014634733190178,
      "tau_mean": 0.00012002962510625686,
      "bond_mean_avg": 8.87406845085694,
      "n_parameters": 10080,
      "dim_x0": 28,