{
  "experiment_name": "kfold_appliances",
  "run_name": "appliances-MPO2-L3-d18-seed42806-fold4",
  "config": {
    "params": {
      "model": "MPO2",
      "L": 3,
      "bond_dim": 18,
      "init_strength": 0.1,
      "bond_prior_alpha": 5.0,
      "added_bias": true,
      "n_epochs": 100,
      "batch_size": 256,
      "patience": 100,
      "min_delta": 0.0001,
      "warmup_epochs": 5,
      "trim_every": 3,
      "trimming_threshold": 0.3,
      "trim_method": "relevance",
      "soft_trim_relaxation": 2
    },
    "fold": 4,
    "seed": 42806
  },
  "hparams": {
    "seed": 42806,
    "fold": 4,
    "dataset": "appliances",
    "n_features": 28,
    "n_train": 13420,
    "n_val": 2368,
    "n_test": 3947,
    "L": 3,
    "bond_dim": 18,
    "model": "MPO2",
    "init_strength": 0.1,
    "bond_prior_alpha": 5.0,
    "added_bias": true,
    "n_epochs": 100,
    "batch_size": 256,
    "patience": 100,
    "min_delta": 0.0001,
    "warmup_epochs": 5,
    "trim_every": 3,
    "trimming_threshold": 0.3,
    "trim_method": "relevance",
    "soft_trim_relaxation": 2
  },
  "metrics_log": [
    {
      "step": 0,
      "train_loss": 95939.69534474483,
      "train_quality": -8.110161845230568,
      "val_loss": 101465.90350782474,
      "val_quality": -8.233733774638631,
      "patience_counter": 0,
      "elbo_raw": -647155892.1746862,
      "elbo_relative": 0.0,
      "e_log_p_nodes": -106033.53377876093,
      "e_log_p_bonds": -509.61221570343224,
      "e_log_p_tau": -1.0,
      "h_nodes": -6058.2757484830745,
      "h_bonds": 258.4299787944893,
      "h_tau": 1.0,
      "tau_mean": 1.0,
      "bond_mean_avg": 5.0,
      "n_parameters": 10080,
      "dim_x0": 28,
      "dim_b0": 18,
      "dim_x1": 28,
      "dim_b1": 18,
      "dim_x2": 28
    },
    {
      "step": 1,
      "train_loss": 3829.4994953522623,
      "train_quality": 0.6363615700099378,
      "val_loss": 6981.789841147041,
      "val_quality": 0.36463396633868483,
      "test_quality": 0.36102648706277074,
      "patience_counter": 0,
      "elbo_raw": -2341270.0906035453,
      "elbo_relative": 644814622.0840826,
      "e_log_p_nodes": -2247082.3035713546,
      "e_log_p_bonds": -509.61221570343224,
      "e_log_p_tau": -0.00026116963681185824,
      "h_nodes": -19521.927320249455,
      "h_bonds": 258.4299787944893,
      "h_tau": -11.237203175725881,
      "tau_mean": 0.00026116963681185824,
      "bond_mean_avg": 5.0,
      "n_parameters": 10080,
      "dim_x0": 28,
      "dim_b0": 18,
      "dim_x1": 28,
      "dim_b1": 18,
      "dim_x2": 28
    },
    {
      "step": 2,
      "train_loss": 7726.101129745352,
      "train_quality": 0.26635131087630304,
      "val_loss": 8534.02364012012,
      "val_quality": 0.22337554197933318,
      "test_quality": 0.246771363132257,
      "patience_counter": 1,
      "elbo_raw": -107182.01272460425,
      "elbo_relative": 647048710.1619616,
      "e_log_p_nodes": -17205.14096204182,
      "e_log_p_bonds": -509.61221570343224,
      "e_log_p_tau": -0.00012944054774391173,
      "h_nodes": -10600.239789660329,
      "h_bonds": 258.4299787944893,
      "h_tau": -11.939151636448514,
      "tau_mean": 0.00012944054774391173,
      "bond_mean_avg": 5.0,
      "n_parameters": 10080,
      "dim_x0": 28,
      "dim_b0": 18,
      "dim_x1": 28,
      "dim_b1": 18,
      "dim_x2": 28
    },
    {
      "step": 3,
      "train_loss": 8127.29777471618,
      "train_quality": 0.22825481333882203,
      "val_loss": 8764.094220481966,
      "val_quality": 0.20243835603810645,
      "test_quality": 0.22056732784525657,
      "patience_counter": 2,
      "elbo_raw": -105033.39765459044,
      "elbo_relative": 647050858.7770317,
      "e_log_p_nodes": -15679.911920940654,
      "e_log_p_bonds": -509.61221570343224,
      "e_log_p_tau": -0.0001227479904919669,
      "h_nodes": -9620.574109958567,
      "h_bonds": 258.4299787944893,
      "h_tau": -11.992239925588365,
      "tau_mean": 0.0001227479904919669,
      "bond_mean_avg": 5.0,
      "n_parameters": 10080,
      "dim_x0": 28,
      "dim_b0": 18,
      "dim_x1": 28,
      "dim_b1": 18,
      "dim_x2": 28
    },
    {
      "step": 4,
      "train_loss": 8140.0140525787965,
      "train_quality": 0.22704731159534575,
      "val_loss": 8744.00982442165,
      "val_quality": 0.20426610269815626,
      "test_quality": 0.22210428541258576,
      "patience_counter": 3,
      "elbo_raw": -104832.8127659151,
      "elbo_relative": 647051059.3619202,
      "e_log_p_nodes": -15536.761576053963,
      "e_log_p_bonds": -509.61221570343224,
      "e_log_p_tau": -0.00012248081716439613,
      "h_nodes": -9548.520199697263,
      "h_bonds": 258.4299787944893,
      "h_tau": -11.994418898240838,
      "tau_mean": 0.00012248081716439613,
      "bond_mean_avg": 5.0,
      "n_parameters": 10080,
      "dim_x0": 28,
      "dim_b0": 18,
      "dim_x1": 28,
      "dim_b1": 18,
      "dim_x2": 28
    },
    {
      "step": 5,
      "train_loss": 8135.0534255853145,
      "train_quality": 0.22751835869010728,
      "val_loss": 8723.294122876643,
      "val_quality": 0.20615130025130968,
      "test_quality": 0.22344311879310397,
      "patience_counter": 4,
      "elbo_raw": -104776.89782133092,
      "elbo_relative": 647051115.2768649,
      "e_log_p_nodes": -15504.212329803082,
      "e_log_p_bonds": -509.61221570343224,
      "e_log_p_tau": -0.00012253601908335837,
      "h_nodes": -9528.174483210874,
      "h_bonds": 258.4299787944893,
      "h_tau": -11.993968301292625,
      "tau_mean": 0.00012253601908335837,
      "bond_mean_avg": 5.0,
      "n_parameters": 10080,
      "dim_x0": 28,
      "dim_b0": 18,
      "dim_x1": 28,
      "dim_b1": 18,
      "dim_x2": 28
    },
    {
      "step": 6,
      "train_loss": 8137.068932126484,
      "train_quality": 0.22732697189526496,
      "val_loss": 8713.588715093983,
      "val_quality": 0.20703452455170224,
      "test_quality": 0.2237974065053615,
      "patience_counter": 5,
      "elbo_raw": -99469.77357692634,
      "elbo_relative": 647056422.4011092,
      "e_log_p_nodes": -9802.633539720322,
      "e_log_p_bonds": -791.0457682702586,
      "e_log_p_tau": -0.0001224978567432462,
      "h_nodes": -9518.750437223529,
      "h_bonds": 138.0711886820185,
      "h_tau": -11.994279787533742,
      "tau_mean": 0.0001224978567432462,
      "bond_mean_avg": 5.175498800106315,
      "n_parameters": 10080,
      "dim_x0": 28,
      "dim_b0": 18,
      "dim_x1": 28,
      "dim_b1": 18,
      "dim_x2": 28
    },
    {
      "step": 7,
      "train_loss": 8022.762216505323,
      "train_quality": 0.2381812139851901,
      "val_loss": 8694.80188176783,
      "val_quality": 0.2087441886990169,
      "test_quality": 0.22875911476506827,
      "patience_counter": 6,
      "elbo_raw": -86786.86669236298,
      "elbo_relative": 647069105.3079939,
      "e_log_p_nodes": -9808.9995711631,
      "e_log_p_bonds": -1200.2772959467438,
      "e_log_p_tau": -0.00012248827801336325,
      "h_nodes": 3596.567903239089,
      "h_bonds": 121.78080760014296,
      "h_tau": -11.994357985669922,
      "tau_mean": 0.00012248827801336325,
      "bond_mean_avg": 6.97440506221421,
      "n_parameters": 10080,
      "dim_x0": 28,
      "dim_b0": 18,
      "dim_x1": 28,
      "dim_b1": 18,
      "dim_x2": 28
    },
    {
      "step": 8,
      "train_loss": 8170.02234368544,
      "train_quality": 0.22419780923140809,
      "val_loss": 9009.618094069021,
      "val_quality": 0.18009486915587447,
      "test_quality": 0.20092504601622485,
      "patience_counter": 7,
      "elbo_raw": -77621.5397300635,
      "elbo_relative": 647078270.6349561,
      "e_log_p_nodes": -9779.840671023287,
      "e_log_p_bonds": -1642.641918156332,
      "e_log_p_tau": -0.00011957571321202654,
      "h_nodes": 13356.265420069292,
      "h_bonds": 102.11660322082712,
      "h_tau": -12.018423567285936,
      "tau_mean": 0.00011957571321202654,
      "bond_mean_avg": 8.846689768870727,
      "n_parameters": 10080,