{
  "experiment_name": "kfold_appliances",
  "run_name": "appliances-MPO2-L3-d18-seed9536-fold2",
  "config": {
    "params": {
      "model": "MPO2",
      "L": 3,
      "bond_dim": 18,
      "init_strength": 0.1,
      "bond_prior_alpha": 5.0,
      "added_bias": true,
      "n_epochs": 100,
      "batch_size": 256,
      "patience": 100,
      "min_delta": 0.0001,
      "warmup_epochs": 5,
      "trim_every": 3,
      "trimming_threshold": 0.3,
      "trim_method": "relevance",
      "soft_trim_relaxation": 2
    },
    "fold": 2,
    "seed": 9536
  },
  "hparams": {
    "seed": 9536,
    "fold": 2,
    "dataset": "appliances",
    "n_features": 28,
    "n_train": 13420,
    "n_val": 2368,
    "n_test": 3947,
    "L": 3,
    "bond_dim": 18,
    "model": "MPO2",
    "init_strength": 0.1,
    "bond_prior_alpha": 5.0,
    "added_bias": true,
    "n_epochs": 100,
    "batch_size": 256,
    "patience": 100,
    "min_delta": 0.0001,
    "warmup_epochs": 5,
    "trim_every": 3,
    "trimming_threshold": 0.3,
    "trim_method": "relevance",
    "soft_trim_relaxation": 2
  },
  "metrics_log": [
    {
      "step": 0,
      "train_loss": 126554.55583112822,
      "train_quality": -11.219956384925561,
      "val_loss": 128061.08036713219,
      "val_quality": -9.79329978630864,
      "patience_counter": 0,
      "elbo_raw": -852607162.8173714,
      "elbo_relative": 0.0,
      "e_log_p_nodes": -105688.6372182204,
      "e_log_p_bonds": -509.61221570343224,
      "e_log_p_tau": -1.0,
      "h_nodes": -6058.2757484830745,
      "h_bonds": 258.4299787944893,
      "h_tau": 1.0,
      "tau_mean": 1.0,
      "bond_mean_avg": 5.0,
      "n_parameters": 10080,
      "dim_x0": 28,
      "dim_b0": 18,
      "dim_x1": 28,
      "dim_b1": 18,
      "dim_x2": 28
    },
    {
      "step": 1,
      "train_loss": 3595.828266368965,
      "train_quality": 0.6527911279516083,
      "val_loss": 6738.795004571631,
      "val_quality": 0.43203794256378636,
      "test_quality": 0.3351960076888463,
      "patience_counter": 0,
      "elbo_raw": -2399780.376315939,
      "elbo_relative": 850207382.4410554,
      "e_log_p_nodes": -2305904.70441511,
      "e_log_p_bonds": -509.61221570343224,
      "e_log_p_tau": -0.0002781414783339974,
      "h_nodes": -19632.33608614095,
      "h_bonds": 258.4299787944893,
      "h_tau": -11.174243422283325,
      "tau_mean": 0.0002781414783339974,
      "bond_mean_avg": 5.0,
      "n_parameters": 10080,
      "dim_x0": 28,
      "dim_b0": 18,
      "dim_x1": 28,
      "dim_b1": 18,
      "dim_x2": 28
    },
    {
      "step": 2,
      "train_loss": 7526.4831035450725,
      "train_quality": 0.27325180312017205,
      "val_loss": 8957.269989776947,
      "val_quality": 0.2450594670183528,
      "test_quality": 0.2106739193310232,
      "patience_counter": 1,
      "elbo_raw": -107269.18747869645,
      "elbo_relative": 852499893.6298927,
      "e_log_p_nodes": -17447.577883210124,
      "e_log_p_bonds": -509.61221570343224,
      "e_log_p_tau": -0.00013287467896294303,
      "h_nodes": -10620.699119819856,
      "h_bonds": 258.4299787944893,
      "h_tau": -11.912966900817992,
      "tau_mean": 0.00013287467896294303,
      "bond_mean_avg": 5.0,
      "n_parameters": 10080,
      "dim_x0": 28,
      "dim_b0": 18,
      "dim_x1": 28,
      "dim_b1": 18,
      "dim_x2": 28
    },
    {
      "step": 3,
      "train_loss": 7930.77249705987,
      "train_quality": 0.23421410334560833,
      "val_loss": 9343.305617316948,
      "val_quality": 0.2125234440183127,
      "test_quality": 0.20126239548284408,
      "patience_counter": 2,
      "elbo_raw": -104921.30916163829,
      "elbo_relative": 852502241.5082097,
      "e_log_p_nodes": -15710.114224886109,
      "e_log_p_bonds": -509.61221570343224,
      "e_log_p_tau": -0.000125784827857446,
      "h_nodes": -9642.303846146882,
      "h_bonds": 258.4299787944893,
      "h_tau": -11.967800589663966,
      "tau_mean": 0.000125784827857446,
      "bond_mean_avg": 5.0,
      "n_parameters": 10080,
      "dim_x0": 28,
      "dim_b0": 18,
      "dim_x1": 28,
      "dim_b1": 18,
      "dim_x2": 28
    },
    {
      "step": 4,
      "train_loss": 7939.649335068761,
      "train_quality": 0.23335696649587345,
      "val_loss": 9341.973014779076,
      "val_quality": 0.21263575900617637,
      "test_quality": 0.20567192886067565,
      "patience_counter": 3,
      "elbo_raw": -104695.228275622,
      "elbo_relative": 852502467.5890957,
      "e_log_p_nodes": -15554.957941516388,
      "e_log_p_bonds": -509.61221570343224,
      "e_log_p_tau": -0.00012556444426302114,
      "h_nodes": -9559.604052395436,
      "h_bonds": 258.4299787944893,
      "h_tau": -11.969554194511147,
      "tau_mean": 0.00012556444426302114,
      "bond_mean_avg": 5.0,
      "n_parameters": 10080,
      "dim_x0": 28,
      "dim_b0": 18,
      "dim_x1": 28,
      "dim_b1": 18,
      "dim_x2": 28
    },
    {
      "step": 5,
      "train_loss": 7940.634276267952,
      "train_quality": 0.23326186175296793,
      "val_loss": 9339.860603506828,
      "val_quality": 0.21281379817364232,
      "test_quality": 0.20712967080457234,
      "patience_counter": 4,
      "elbo_raw": -104630.8187188171,
      "elbo_relative": 852502531.9986526,
      "e_log_p_nodes": -15510.122357984925,
      "e_log_p_bonds": -509.61221570343224,
      "e_log_p_tau": -0.00012552817958246483,
      "h_nodes": -9538.096196516997,
      "h_bonds": 258.4299787944893,
      "h_tau": -11.969843049519113,
      "tau_mean": 0.00012552817958246483,
      "bond_mean_avg": 5.0,
      "n_parameters": 10080,
      "dim_x0": 28,
      "dim_b0": 18,
      "dim_x1": 28,
      "dim_b1": 18,
      "dim_x2": 28
    },
    {
      "step": 6,
      "train_loss": 7945.0208872373505,
      "train_quality": 0.23283829584993387,
      "val_loss": 9343.525856151628,
      "val_quality": 0.21250488175286508,
      "test_quality": 0.2074392447686979,
      "patience_counter": 5,
      "elbo_raw": -99315.62981605814,
      "elbo_relative": 852507847.1875553,
      "e_log_p_nodes": -9792.184720009287,
      "e_log_p_bonds": -797.0789211894795,
      "e_log_p_tau": -0.00012545051473109405,
      "h_nodes": -9528.455905762123,
      "h_bonds": 137.6684334549562,
      "h_tau": -11.97046194550785,
      "tau_mean": 0.00012545051473109405,
      "bond_mean_avg": 5.188449164787629,
      "n_parameters": 10080,
      "dim_x0": 28,
      "dim_b0": 18,
      "dim_x1": 28,
      "dim_b1": 18,
      "dim_x2": 28
    },
    {
      "step": 7,
      "train_loss": 7894.784797501675,
      "train_quality": 0.23768903252620432,
      "val_loss": 9417.802823915888,
      "val_quality": 0.2062446379848185,
      "test_quality": 0.20073429629632522,
      "patience_counter": 6,
      "elbo_raw": -86658.45147476679,
      "elbo_relative": 852520504.3658966,
      "e_log_p_nodes": -9809.37006008582,
      "e_log_p_bonds": -1204.163641313891,
      "e_log_p_tau": -0.00012441773136523819,
      "h_nodes": 3625.452511713139,
      "h_bonds": 120.68543414265562,
      "h_tau": -11.978728616151784,
      "tau_mean": 0.00012441773136523819,
      "bond_mean_avg": 6.92770774895582,
      "n_parameters": 10080,
      "dim_x0": 28,
      "dim_b0": 18,
      "dim_x1": 28,
      "dim_b1": 18,
      "dim_x2": 28
    },
    {
      "step": 8,
      "train_loss": 7940.270445722553,
      "train_quality": 0.23329699279481075,
      "val_loss": 9841.62098436218,
      "val_quality": 0.1705242110802151,
      "test_quality": 0.18029759530843104,
      "patience_counter": 7,
      "elbo_raw": -77428.8551383439,
      "elbo_relative": 852529733.9622331,
      "e_log_p_nodes": -9784.123387342685,
      "e_log_p_bonds": -1642.107962207464,
      "e_log_p_tau": -0.00012289647472514187,
      "h_nodes": 13370.03397687461,
      "h_bonds": 100.95713092768526,
      "h_tau": -11.991030989323917,
      "tau_mean": 0.00012289647472514187,
      "bond_mean_avg": 8.763396192522986,
      "n_parameters": 10080,
      "dim_x0": 28,