{
  "experiment_name": "kfold_appliances",
  "run_name": "appliances-MPO2-L3-d18-seed9536-fold0",
  "config": {
    "params": {
      "model": "MPO2",
      "L": 3,
      "bond_dim": 18,
      "init_strength": 0.1,
      "bond_prior_alpha": 5.0,
      "added_bias": true,
      "n_epochs": 100,
      "batch_size": 256,
      "patience": 100,
      "min_delta": 0.0001,
      "warmup_epochs": 5,
      "trim_every": 3,
      "trimming_threshold": 0.3,
      "trim_method": "relevance",
      "soft_trim_relaxation": 2
    },
    "fold": 0,
    "seed": 9536
  },
  "hparams": {
    "seed": 9536,
    "fold": 0,
    "dataset": "appliances",
    "n_features": 28,
    "n_train": 13420,
    "n_val": 2368,
    "n_test": 3947,
    "L": 3,
    "bond_dim": 18,
    "model": "MPO2",
    "init_strength": 0.1,
    "bond_prior_alpha": 5.0,
    "added_bias": true,
    "n_epochs": 100,
    "batch_size": 256,
    "patience": 100,
    "min_delta": 0.0001,
    "warmup_epochs": 5,
    "trim_every": 3,
    "trimming_threshold": 0.3,
    "trim_method": "relevance",
    "soft_trim_relaxation": 2
  },
  "metrics_log": [
    {
      "step": 0,
      "train_loss": 130079.0346199543,
      "train_quality": -11.523733329599846,
      "val_loss": 124044.11640462119,
      "val_quality": -10.303313853113634,
      "patience_counter": 0,
      "elbo_raw": -876250791.8470811,
      "elbo_relative": 0.0,
      "e_log_p_nodes": -105688.6372182204,
      "e_log_p_bonds": -509.61221570343224,
      "e_log_p_tau": -1.0,
      "h_nodes": -6058.2757484830745,
      "h_bonds": 258.4299787944893,
      "h_tau": 1.0,
      "tau_mean": 1.0,
      "bond_mean_avg": 5.0,
      "n_parameters": 10080,
      "dim_x0": 28,
      "dim_b0": 18,
      "dim_x1": 28,
      "dim_b1": 18,
      "dim_x2": 28
    },
    {
      "step": 1,
      "train_loss": 3692.1198494949144,
      "train_quality": 0.6445305382908839,
      "val_loss": 6793.035821095987,
      "val_quality": 0.38099590591762333,
      "test_quality": 0.3511420826518148,
      "patience_counter": 0,
      "elbo_raw": -2221306.729391272,
      "elbo_relative": 874029485.1176898,
      "e_log_p_nodes": -2127245.386399338,
      "e_log_p_bonds": -509.61221570343224,
      "e_log_p_tau": -0.0002708874661966916,
      "h_nodes": -19640.66043832773,
      "h_bonds": 258.4299787944893,
      "h_tau": -11.20066984064033,
      "tau_mean": 0.0002708874661966916,
      "bond_mean_avg": 5.0,
      "n_parameters": 10080,
      "dim_x0": 28,
      "dim_b0": 18,
      "dim_x1": 28,
      "dim_b1": 18,
      "dim_x2": 28
    },
    {
      "step": 2,
      "train_loss": 7601.027330200403,
      "train_quality": 0.26818922363198916,
      "val_loss": 8262.281019581402,
      "val_quality": 0.24711338019194373,
      "test_quality": 0.19912252986797285,
      "patience_counter": 1,
      "elbo_raw": -107238.20269331778,
      "elbo_relative": 876143553.6443877,
      "e_log_p_nodes": -17396.34146333895,
      "e_log_p_bonds": -509.61221570343224,
      "e_log_p_tau": -0.00013157105098405417,
      "h_nodes": -10574.784644909172,
      "h_bonds": 258.4299787944893,
      "h_tau": -11.922826304020418,
      "tau_mean": 0.00013157105098405417,
      "bond_mean_avg": 5.0,
      "n_parameters": 10080,
      "dim_x0": 28,
      "dim_b0": 18,
      "dim_x1": 28,
      "dim_b1": 18,
      "dim_x2": 28
    },
    {
      "step": 3,
      "train_loss": 7977.321395016109,
      "train_quality": 0.23196042984495302,
      "val_loss": 8511.466745977707,
      "val_quality": 0.22440674520745196,
      "test_quality": 0.1824511278834159,
      "patience_counter": 2,
      "elbo_raw": -104932.82677086588,
      "elbo_relative": 876145859.0203102,
      "e_log_p_nodes": -15689.360211062685,
      "e_log_p_bonds": -509.61221570343224,
      "e_log_p_tau": -0.00012505457055225644,
      "h_nodes": -9635.495427922619,
      "h_bonds": 258.4299787944893,
      "h_tau": -11.973623114936345,
      "tau_mean": 0.00012505457055225644,
      "bond_mean_avg": 5.0,
      "n_parameters": 10080,
      "dim_x0": 28,
      "dim_b0": 18,
      "dim_x1": 28,
      "dim_b1": 18,
      "dim_x2": 28
    },
    {
      "step": 4,
      "train_loss": 7956.941630349866,
      "train_quality": 0.23392255032613374,
      "val_loss": 8461.200444672979,
      "val_quality": 0.22898717833359217,
      "test_quality": 0.1890773701213594,
      "patience_counter": 3,
      "elbo_raw": -104701.51028082769,
      "elbo_relative": 876146090.3368002,
      "e_log_p_nodes": -15551.547540506386,
      "e_log_p_bonds": -509.61221570343224,
      "e_log_p_tau": -0.00012529362877295849,
      "h_nodes": -9554.806018247076,
      "h_bonds": 258.4299787944893,
      "h_tau": -11.971713308565086,
      "tau_mean": 0.00012529362877295849,
      "bond_mean_avg": 5.0,
      "n_parameters": 10080,
      "dim_x0": 28,
      "dim_b0": 18,
      "dim_x1": 28,
      "dim_b1": 18,
      "dim_x2": 28
    },
    {
      "step": 5,
      "train_loss": 7944.431459453811,
      "train_quality": 0.23512700302420042,
      "val_loss": 8437.457259475957,
      "val_quality": 0.23115073660570817,
      "test_quality": 0.19167038237702638,
      "patience_counter": 4,
      "elbo_raw": -104636.22627947212,
      "elbo_relative": 876146155.6208016,
      "e_log_p_nodes": -15515.929875931553,
      "e_log_p_bonds": -509.61221570343224,
      "e_log_p_tau": -0.00012547049790211624,
      "h_nodes": -9534.609842107979,
      "h_bonds": 258.4299787944893,
      "h_tau": -11.970302666930365,
      "tau_mean": 0.00012547049790211624,
      "bond_mean_avg": 5.0,
      "n_parameters": 10080,
      "dim_x0": 28,
      "dim_b0": 18,
      "dim_x1": 28,
      "dim_b1": 18,
      "dim_x2": 28
    },
    {
      "step": 6,
      "train_loss": 7944.921589476545,
      "train_quality": 0.23507981434602887,
      "val_loss": 8432.962480931448,
      "val_quality": 0.23156031582688696,
      "test_quality": 0.19228632875962537,
      "patience_counter": 5,
      "elbo_raw": -99313.0066979998,
      "elbo_relative": 876151478.840383,
      "e_log_p_nodes": -9792.287588226154,
      "e_log_p_bonds": -797.6856065319937,
      "e_log_p_tau": -0.00012545488588469773,
      "h_nodes": -9525.428733053366,
      "h_bonds": 137.73171002088648,
      "h_tau": -11.97042710246751,
      "tau_mean": 0.00012545488588469773,
      "bond_mean_avg": 5.196939353944004,
      "n_parameters": 10080,
      "dim_x0": 28,
      "dim_b0": 18,
      "dim_x1": 28,
      "dim_b1": 18,
      "dim_x2": 28
    },
    {
      "step": 7,
      "train_loss": 7902.6500496640265,
      "train_quality": 0.23914962846780685,
      "val_loss": 8579.664752327131,
      "val_quality": 0.21819231527504235,
      "test_quality": 0.18612246097077845,
      "patience_counter": 6,
      "elbo_raw": -86648.82340997375,
      "elbo_relative": 876164143.0236712,
      "e_log_p_nodes": -9807.34666802039,
      "e_log_p_bonds": -1204.4733708409426,
      "e_log_p_tau": -0.00012429367289062333,
      "h_nodes": 3639.7300332865952,
      "h_bonds": 121.01471868379028,
      "h_tau": -11.979726226098137,
      "tau_mean": 0.00012429367289062333,
      "bond_mean_avg": 6.950966338865337,
      "n_parameters": 10080,
      "dim_x0": 28,
      "dim_b0": 18,
      "dim_x1": 28,
      "dim_b1": 18,
      "dim_x2": 28
    },
    {
      "step": 8,
      "train_loss": 8152.809131525476,
      "train_quality": 0.21506484308818252,
      "val_loss": 9107.723126185532,
      "val_quality": 0.1700738739858435,
      "test_quality": 0.15172163230356694,
      "patience_counter": 7,
      "elbo_raw": -77544.2914314684,
      "elbo_relative": 876173247.5556496,
      "e_log_p_nodes": -9781.608969479114,
      "e_log_p_bonds": -1644.3661192086086,
      "e_log_p_tau": -0.00011976541334019401,
      "h_nodes": 13426.93138403631,
      "h_bonds": 101.55703967045022,
      "h_tau": -12.016838380732224,
      "tau_mean": 0.00011976541334019401,
      "bond_mean_avg": 8.818803485793202,
      "n_parameters": 10080,