{
  "experiment_name": "kfold_appliances",
  "run_name": "appliances-MPO2-L3-d18-seed19540-fold2",
  "config": {
    "params": {
      "model": "MPO2",
      "L": 3,
      "bond_dim": 18,
      "init_strength": 0.1,
      "bond_prior_alpha": 5.0,
      "added_bias": true,
      "n_epochs": 100,
      "batch_size": 256,
      "patience": 100,
      "min_delta": 0.0001,
      "warmup_epochs": 5,
      "trim_every": 3,
      "trimming_threshold": 0.3,
      "trim_method": "relevance",
      "soft_trim_relaxation": 2
    },
    "fold": 2,
    "seed": 19540
  },
  "hparams": {
    "seed": 19540,
    "fold": 2,
    "dataset": "appliances",
    "n_features": 28,
    "n_train": 13420,
    "n_val": 2368,
    "n_test": 3947,
    "L": 3,
    "bond_dim": 18,
    "model": "MPO2",
    "init_strength": 0.1,
    "bond_prior_alpha": 5.0,
    "added_bias": true,
    "n_epochs": 100,
    "batch_size": 256,
    "patience": 100,
    "min_delta": 0.0001,
    "warmup_epochs": 5,
    "trim_every": 3,
    "trimming_threshold": 0.3,
    "trim_method": "relevance",
    "soft_trim_relaxation": 2
  },
  "metrics_log": [
    {
      "step": 0,
      "train_loss": 54315.32711388828,
      "train_quality": -4.227270052881119,
      "val_loss": 54692.05900999753,
      "val_quality": -4.341425134909813,
      "patience_counter": 0,
      "elbo_raw": -367855160.49472797,
      "elbo_relative": 0.0,
      "e_log_p_nodes": -105921.46341108611,
      "e_log_p_bonds": -509.61221570343224,
      "e_log_p_tau": -1.0,
      "h_nodes": -6058.2757484830745,
      "h_bonds": 258.4299787944893,
      "h_tau": 1.0,
      "tau_mean": 1.0,
      "bond_mean_avg": 5.0,
      "n_parameters": 10080,
      "dim_x0": 28,
      "dim_b0": 18,
      "dim_x1": 28,
      "dim_b1": 18,
      "dim_x2": 28
    },
    {
      "step": 1,
      "train_loss": 3741.4773706436977,
      "train_quality": 0.6399227685384345,
      "val_loss": 6378.797587866518,
      "val_quality": 0.3770234585590554,
      "test_quality": 0.39064374722048767,
      "patience_counter": 0,
      "elbo_raw": -2320942.4855586207,
      "elbo_relative": 365534218.00916934,
      "e_log_p_nodes": -2226863.173612857,
      "e_log_p_bonds": -509.61221570343224,
      "e_log_p_tau": -0.00026731392238373247,
      "h_nodes": -19569.514549884032,
      "h_bonds": 258.4299787944893,
      "h_tau": -11.213949614364537,
      "tau_mean": 0.00026731392238373247,
      "bond_mean_avg": 5.0,
      "n_parameters": 10080,
      "dim_x0": 28,
      "dim_b0": 18,
      "dim_x1": 28,
      "dim_b1": 18,
      "dim_x2": 28
    },
    {
      "step": 2,
      "train_loss": 7550.0673399945645,
      "train_quality": 0.27338666633017494,
      "val_loss": 7555.671932709788,
      "val_quality": 0.26208563540949614,
      "test_quality": 0.2494167548470192,
      "patience_counter": 1,
      "elbo_raw": -107207.20899715109,
      "elbo_relative": 367747953.28573084,
      "e_log_p_nodes": -17344.91380647138,
      "e_log_p_bonds": -509.61221570343224,
      "e_log_p_tau": -0.0001324603181507004,
      "h_nodes": -10640.428466707595,
      "h_bonds": 258.4299787944893,
      "h_tau": -11.916090206475928,
      "tau_mean": 0.0001324603181507004,
      "bond_mean_avg": 5.0,
      "n_parameters": 10080,
      "dim_x0": 28,
      "dim_b0": 18,
      "dim_x1": 28,
      "dim_b1": 18,
      "dim_x2": 28
    },
    {
      "step": 3,
      "train_loss": 8023.423729226084,
      "train_quality": 0.22783117013327958,
      "val_loss": 7890.568621312709,
      "val_quality": 0.2293784083918643,
      "test_quality": 0.21235069080593116,
      "patience_counter": 2,
      "elbo_raw": -104938.97864575936,
      "elbo_relative": 367750221.5160822,
      "e_log_p_nodes": -15671.096078151542,
      "e_log_p_bonds": -509.61221570343224,
      "e_log_p_tau": -0.00012433342279437296,
      "h_nodes": -9621.10096487128,
      "h_bonds": 258.4299787944893,
      "h_tau": -11.979406470891263,
      "tau_mean": 0.00012433342279437296,
      "bond_mean_avg": 5.0,
      "n_parameters": 10080,
      "dim_x0": 28,
      "dim_b0": 18,
      "dim_x1": 28,
      "dim_b1": 18,
      "dim_x2": 28
    },
    {
      "step": 4,
      "train_loss": 8030.49346043247,
      "train_quality": 0.22715078402164723,
      "val_loss": 7857.463198332514,
      "val_quality": 0.2326116042453228,
      "test_quality": 0.2120701733541569,
      "patience_counter": 3,
      "elbo_raw": -104743.42035886782,
      "elbo_relative": 367750417.0743691,
      "e_log_p_nodes": -15531.184173288444,
      "e_log_p_bonds": -509.61221570343224,
      "e_log_p_tau": -0.0001241476127124116,
      "h_nodes": -9555.421837275035,
      "h_bonds": 258.4299787944893,
      "h_tau": -11.980902038681961,
      "tau_mean": 0.0001241476127124116,
      "bond_mean_avg": 5.0,
      "n_parameters": 10080,
      "dim_x0": 28,
      "dim_b0": 18,
      "dim_x1": 28,
      "dim_b1": 18,
      "dim_x2": 28
    },
    {
      "step": 5,
      "train_loss": 8022.306800101354,
      "train_quality": 0.22793866263079599,
      "val_loss": 7827.431537556659,
      "val_quality": 0.23554460531741472,
      "test_quality": 0.2127829277634784,
      "patience_counter": 4,
      "elbo_raw": -104686.09497218253,
      "elbo_relative": 367750474.3997558,
      "e_log_p_nodes": -15497.393462454,
      "e_log_p_bonds": -509.61221570343224,
      "e_log_p_tau": -0.0001242561887413986,
      "h_nodes": -9537.747410614005,
      "h_bonds": 258.4299787944893,
      "h_tau": -11.980027848869213,
      "tau_mean": 0.0001242561887413986,
      "bond_mean_avg": 5.0,
      "n_parameters": 10080,
      "dim_x0": 28,
      "dim_b0": 18,
      "dim_x1": 28,
      "dim_b1": 18,
      "dim_x2": 28
    },
    {
      "step": 6,
      "train_loss": 8023.423274679973,
      "train_quality": 0.22783121387848748,
      "val_loss": 7816.9499496443095,
      "val_quality": 0.23656827526406188,
      "test_quality": 0.2125101075326502,
      "patience_counter": 5,
      "elbo_raw": -99397.26875641537,
      "elbo_relative": 367755763.2259716,
      "e_log_p_nodes": -9824.047579717364,
      "e_log_p_bonds": -782.549935171049,
      "e_log_p_tau": -0.0001242310762363324,
      "h_nodes": -9528.034697159415,
      "h_bonds": 138.49098871110067,
      "h_tau": -11.980229971944937,
      "tau_mean": 0.0001242310762363324,
      "bond_mean_avg": 5.153282943900842,
      "n_parameters": 10080,
      "dim_x0": 28,
      "dim_b0": 18,
      "dim_x1": 28,
      "dim_b1": 18,
      "dim_x2": 28
    },
    {
      "step": 7,
      "train_loss": 8138.839583367326,
      "train_quality": 0.2167236270135413,
      "val_loss": 8172.961543807052,
      "val_quality": 0.20179888987609218,
      "test_quality": 0.19832470314679207,
      "patience_counter": 6,
      "elbo_raw": -87117.08195660592,
      "elbo_relative": 367768043.41277134,
      "e_log_p_nodes": -9809.778575808257,
      "e_log_p_bonds": -1191.4112351660974,
      "e_log_p_tau": -0.00012082037024427431,
      "h_nodes": 3349.086076539181,
      "h_bonds": 122.97011810822303,
      "h_tau": -12.008068422255747,
      "tau_mean": 0.00012082037024427431,
      "bond_mean_avg": 6.995930393671512,
      "n_parameters": 10080,
      "dim_x0": 28,
      "dim_b0": 18,
      "dim_x1": 28,
      "dim_b1": 18,
      "dim_x2": 28
    },
    {
      "step": 8,
      "train_loss": 8451.90023715237,
      "train_quality": 0.18659488311709693,
      "val_loss": 8743.813609034476,
      "val_quality": 0.1460474037423637,
      "test_quality": 0.13968037472078154,
      "patience_counter": 7,
      "elbo_raw": -78080.75600838114,
      "elbo_relative": 367777079.7387196,
      "e_log_p_nodes": -9775.063195440342,
      "e_log_p_bonds": -1636.1393082964732,
      "e_log_p_tau": -0.0001156195785392393,
      "h_nodes": 13111.633086830101,
      "h_bonds": 102.04793589725736,
      "h_tau": -12.052068014971155,
      "tau_mean": 0.0001156195785392393,
      "bond_mean_avg": 8.799238081739718,
      "n_parameters": 10080,
      "dim_x0": 28,