{
  "experiment_name": "kfold_appliances",
  "run_name": "appliances-MPO2-L3-d18-seed42806-fold1",
  "config": {
    "params": {
      "model": "MPO2",
      "L": 3,
      "bond_dim": 18,
      "init_strength": 0.1,
      "bond_prior_alpha": 5.0,
      "added_bias": true,
      "n_epochs": 100,
      "batch_size": 256,
      "patience": 100,
      "min_delta": 0.0001,
      "warmup_epochs": 5,
      "trim_every": 3,
      "trimming_threshold": 0.3,
      "trim_method": "relevance",
      "soft_trim_relaxation": 2
    },
    "fold": 1,
    "seed": 42806
  },
  "hparams": {
    "seed": 42806,
    "fold": 1,
    "dataset": "appliances",
    "n_features": 28,
    "n_train": 13420,
    "n_val": 2368,
    "n_test": 3947,
    "L": 3,
    "bond_dim": 18,
    "model": "MPO2",
    "init_strength": 0.1,
    "bond_prior_alpha": 5.0,
    "added_bias": true,
    "n_epochs": 100,
    "batch_size": 256,
    "patience": 100,
    "min_delta": 0.0001,
    "warmup_epochs": 5,
    "trim_every": 3,
    "trimming_threshold": 0.3,
    "trim_method": "relevance",
    "soft_trim_relaxation": 2
  },
  "metrics_log": [
    {
      "step": 0,
      "train_loss": 96857.96812620346,
      "train_quality": -8.524589298163145,
      "val_loss": 106254.71617601784,
      "val_quality": -8.079007334092756,
      "patience_counter": 0,
      "elbo_raw": -653346857.1561285,
      "elbo_relative": 0.0,
      "e_log_p_nodes": -106033.53377876093,
      "e_log_p_bonds": -509.61221570343224,
      "e_log_p_tau": -1.0,
      "h_nodes": -6058.2757484830745,
      "h_bonds": 258.4299787944893,
      "h_tau": 1.0,
      "tau_mean": 1.0,
      "bond_mean_avg": 5.0,
      "n_parameters": 10080,
      "dim_x0": 28,
      "dim_b0": 18,
      "dim_x1": 28,
      "dim_b1": 18,
      "dim_x2": 28
    },
    {
      "step": 1,
      "train_loss": 3588.2456600746177,
      "train_quality": 0.647147603090374,
      "val_loss": 7289.509807827529,
      "val_quality": 0.37714281879429024,
      "test_quality": 0.33119864849216063,
      "patience_counter": 0,
      "elbo_raw": -2246919.141982608,
      "elbo_relative": 651099938.014146,
      "e_log_p_nodes": -2153133.0772058363,
      "e_log_p_bonds": -509.61221570343224,
      "e_log_p_tau": -0.0002787292411117911,
      "h_nodes": -19556.89904178389,
      "h_bonds": 258.4299787944893,
      "h_tau": -11.172132472740486,
      "tau_mean": 0.0002787292411117911,
      "bond_mean_avg": 5.0,
      "n_parameters": 10080,
      "dim_x0": 28,
      "dim_b0": 18,
      "dim_x1": 28,
      "dim_b1": 18,
      "dim_x2": 28
    },
    {
      "step": 2,
      "train_loss": 7395.080361944321,
      "train_quality": 0.2728001150854603,
      "val_loss": 9238.94992966707,
      "val_quality": 0.21057156623702633,
      "test_quality": 0.2399578969052748,
      "patience_counter": 1,
      "elbo_raw": -107075.17601759732,
      "elbo_relative": 653239781.9801109,
      "e_log_p_nodes": -17373.756539512666,
      "e_log_p_bonds": -509.61221570343224,
      "e_log_p_tau": -0.00013523455609862464,
      "h_nodes": -10618.655512971009,
      "h_bonds": 258.4299787944893,
      "h_tau": -11.895362597992062,
      "tau_mean": 0.00013523455609862464,
      "bond_mean_avg": 5.0,
      "n_parameters": 10080,
      "dim_x0": 28,
      "dim_b0": 18,
      "dim_x1": 28,
      "dim_b1": 18,
      "dim_x2": 28
    },
    {
      "step": 3,
      "train_loss": 7831.897045603055,
      "train_quality": 0.22984547138475764,
      "val_loss": 9480.41039260625,
      "val_quality": 0.1899398108400545,
      "test_quality": 0.2228142371707098,
      "patience_counter": 2,
      "elbo_raw": -104804.91705370102,
      "elbo_relative": 653242052.2390748,
      "e_log_p_nodes": -15686.124459634868,
      "e_log_p_bonds": -509.61221570343224,
      "e_log_p_tau": -0.00012737429193041434,
      "h_nodes": -9634.1640606617,
      "h_bonds": 258.4299787944893,
      "h_tau": -11.955243388802046,
      "tau_mean": 0.00012737429193041434,
      "bond_mean_avg": 5.0,
      "n_parameters": 10080,
      "dim_x0": 28,
      "dim_b0": 18,
      "dim_x1": 28,
      "dim_b1": 18,
      "dim_x2": 28
    },
    {
      "step": 4,
      "train_loss": 7856.719176206358,
      "train_quality": 0.22740457153856442,
      "val_loss": 9491.871149874696,
      "val_quality": 0.18896053854947592,
      "test_quality": 0.22277399236059903,
      "patience_counter": 3,
      "elbo_raw": -104597.56996250452,
      "elbo_relative": 653242259.586166,
      "e_log_p_nodes": -15533.771973773204,
      "e_log_p_bonds": -509.61221570343224,
      "e_log_p_tau": -0.00012689119043130494,
      "h_nodes": -9553.673467845247,
      "h_bonds": 258.4299787944893,
      "h_tau": -11.959043370428844,
      "tau_mean": 0.00012689119043130494,
      "bond_mean_avg": 5.0,
      "n_parameters": 10080,
      "dim_x0": 28,
      "dim_b0": 18,
      "dim_x1": 28,
      "dim_b1": 18,
      "dim_x2": 28
    },
    {
      "step": 5,
      "train_loss": 7859.3044443459785,
      "train_quality": 0.2271503475678176,
      "val_loss": 9489.794685988007,
      "val_quality": 0.18913796343502176,
      "test_quality": 0.22335209857184268,
      "patience_counter": 4,
      "elbo_raw": -104538.95999104452,
      "elbo_relative": 653242318.1961374,
      "e_log_p_nodes": -15495.301814877714,
      "e_log_p_bonds": -509.61221570343224,
      "e_log_p_tau": -0.00012682849096807726,
      "h_nodes": -9530.216754788735,
      "h_bonds": 258.4299787944893,
      "h_tau": -11.959537612448912,
      "tau_mean": 0.00012682849096807726,
      "bond_mean_avg": 5.0,
      "n_parameters": 10080,
      "dim_x0": 28,
      "dim_b0": 18,
      "dim_x1": 28,
      "dim_b1": 18,
      "dim_x2": 28
    },
    {
      "step": 6,
      "train_loss": 7861.436740075881,
      "train_quality": 0.22694066692426862,
      "val_loss": 9487.159020185116,
      "val_quality": 0.1893631697130661,
      "test_quality": 0.2235920545980321,
      "patience_counter": 5,
      "elbo_raw": -99237.97362725687,
      "elbo_relative": 653247619.1825013,
      "e_log_p_nodes": -9802.732785722557,
      "e_log_p_bonds": -789.2789974850695,
      "e_log_p_tau": -0.00012678540007906653,
      "h_nodes": -9520.064968332088,
      "h_bonds": 138.63999231689664,
      "h_tau": -11.959877427347237,
      "tau_mean": 0.00012678540007906653,
      "bond_mean_avg": 5.200492097987444,
      "n_parameters": 10080,
      "dim_x0": 28,
      "dim_b0": 18,
      "dim_x1": 28,
      "dim_b1": 18,
      "dim_x2": 28
    },
    {
      "step": 7,
      "train_loss": 7679.518751143481,
      "train_quality": 0.24482968694037355,
      "val_loss": 9672.683505810524,
      "val_quality": 0.17351090238540612,
      "test_quality": 0.2164440758067836,
      "patience_counter": 6,
      "elbo_raw": -86540.87526758936,
      "elbo_relative": 653260316.2808609,
      "e_log_p_nodes": -9806.4727739888,
      "e_log_p_bonds": -1199.4683333880848,
      "e_log_p_tau": -0.00012790569140814795,
      "h_nodes": 3548.1129078413683,
      "h_bonds": 122.45365891775842,
      "h_tau": -11.951080114908109,
      "tau_mean": 0.00012790569140814795,
      "bond_mean_avg": 7.013223715062447,
      "n_parameters": 10080,
      "dim_x0": 28,
      "dim_b0": 18,
      "dim_x1": 28,
      "dim_b1": 18,
      "dim_x2": 28
    },
    {
      "step": 8,
      "train_loss": 7759.709431680493,
      "train_quality": 0.23694408586457916,
      "val_loss": 9774.387441905128,
      "val_quality": 0.16482073958661436,
      "test_quality": 0.18179600947211894,
      "patience_counter": 7,
      "elbo_raw": -77342.6972736643,
      "elbo_relative": 653269514.4588549,
      "e_log_p_nodes": -9777.852628984763,
      "e_log_p_bonds": -1640.07434195331,
      "e_log_p_tau": -0.00012585645538507506,
      "h_nodes": 13287.187565014245,
      "h_bonds": 101.93791667308177,
      "h_tau": -11.967231306844042,
      "tau_mean": 0.00012585645538507506,
      "bond_mean_avg": 8.816760073640483,
      "n_parameters": 10080,