{
  "experiment_name": "kfold_appliances",
  "run_name": "appliances-MPO2-L3-d18-seed42806-fold2",
  "config": {
    "params": {
      "model": "MPO2",
      "L": 3,
      "bond_dim": 18,
      "init_strength": 0.1,
      "bond_prior_alpha": 5.0,
      "added_bias": true,
      "n_epochs": 100,
      "batch_size": 256,
      "patience": 100,
      "min_delta": 0.0001,
      "warmup_epochs": 5,
      "trim_every": 3,
      "trimming_threshold": 0.3,
      "trim_method": "relevance",
      "soft_trim_relaxation": 2
    },
    "fold": 2,
    "seed": 42806
  },
  "hparams": {
    "seed": 42806,
    "fold": 2,
    "dataset": "appliances",
    "n_features": 28,
    "n_train": 13420,
    "n_val": 2368,
    "n_test": 3947,
    "L": 3,
    "bond_dim": 18,
    "model": "MPO2",
    "init_strength": 0.1,
    "bond_prior_alpha": 5.0,
    "added_bias": true,
    "n_epochs": 100,
    "batch_size": 256,
    "patience": 100,
    "min_delta": 0.0001,
    "warmup_epochs": 5,
    "trim_every": 3,
    "trimming_threshold": 0.3,
    "trim_method": "relevance",
    "soft_trim_relaxation": 2
  },
  "metrics_log": [
    {
      "step": 0,
      "train_loss": 98689.17175406298,
      "train_quality": -8.439814028103802,
      "val_loss": 100800.89062289995,
      "val_quality": -8.844119279164767,
      "patience_counter": 0,
      "elbo_raw": -665638340.3369389,
      "elbo_relative": 0.0,
      "e_log_p_nodes": -106033.53377876093,
      "e_log_p_bonds": -509.61221570343224,
      "e_log_p_tau": -1.0,
      "h_nodes": -6058.2757484830745,
      "h_bonds": 258.4299787944893,
      "h_tau": 1.0,
      "tau_mean": 1.0,
      "bond_mean_avg": 5.0,
      "n_parameters": 10080,
      "dim_x0": 28,
      "dim_b0": 18,
      "dim_x1": 28,
      "dim_b1": 18,
      "dim_x2": 28
    },
    {
      "step": 1,
      "train_loss": 3653.7157812603105,
      "train_quality": 0.6505148754050074,
      "val_loss": 6401.671732825765,
      "val_quality": 0.3748188162369509,
      "test_quality": 0.35833047617555636,
      "patience_counter": 0,
      "elbo_raw": -2364031.9171817503,
      "elbo_relative": 663274308.4197571,
      "e_log_p_nodes": -2270127.290368832,
      "e_log_p_bonds": -509.61221570343224,
      "e_log_p_tau": -0.000273734753980998,
      "h_nodes": -19554.114871667673,
      "h_bonds": 258.4299787944893,
      "h_tau": -11.190213735033467,
      "tau_mean": 0.000273734753980998,
      "bond_mean_avg": 5.0,
      "n_parameters": 10080,
      "dim_x0": 28,
      "dim_b0": 18,
      "dim_x1": 28,
      "dim_b1": 18,
      "dim_x2": 28
    },
    {
      "step": 2,
      "train_loss": 7513.6240285989215,
      "train_quality": 0.28130703453648276,
      "val_loss": 7861.377089367277,
      "val_quality": 0.2322653769425772,
      "test_quality": 0.2169824372787844,
      "patience_counter": 1,
      "elbo_raw": -107155.34322870414,
      "elbo_relative": 665531184.9937102,
      "e_log_p_nodes": -17343.711820849414,
      "e_log_p_bonds": -509.61221570343224,
      "e_log_p_tau": -0.00013310160954929664,
      "h_nodes": -10622.175763585787,
      "h_bonds": 258.4299787944893,
      "h_tau": -11.911260503278754,
      "tau_mean": 0.00013310160954929664,
      "bond_mean_avg": 5.0,
      "n_parameters": 10080,
      "dim_x0": 28,
      "dim_b0": 18,
      "dim_x1": 28,
      "dim_b1": 18,
      "dim_x2": 28
    },
    {
      "step": 3,
      "train_loss": 7953.869025341575,
      "train_quality": 0.2391967318336664,
      "val_loss": 8193.284412479627,
      "val_quality": 0.19985162287596403,
      "test_quality": 0.18683140271465148,
      "patience_counter": 2,
      "elbo_raw": -104904.41010478378,
      "elbo_relative": 665533435.9268341,
      "e_log_p_nodes": -15684.345547360186,
      "e_log_p_bonds": -509.61221570343224,
      "e_log_p_tau": -0.00012542575862304088,
      "h_nodes": -9631.98701435532,
      "h_bonds": 258.4299787944893,
      "h_tau": -11.970659302620334,
      "tau_mean": 0.00012542575862304088,
      "bond_mean_avg": 5.0,
      "n_parameters": 10080,
      "dim_x0": 28,
      "dim_b0": 18,
      "dim_x1": 28,
      "dim_b1": 18,
      "dim_x2": 28
    },
    {
      "step": 4,
      "train_loss": 7976.464283385901,
      "train_quality": 0.23703545081301924,
      "val_loss": 8167.268762333753,
      "val_quality": 0.20239228657028674,
      "test_quality": 0.1866094283854015,
      "patience_counter": 3,
      "elbo_raw": -104707.15800403702,
      "elbo_relative": 665533633.1789348,
      "e_log_p_nodes": -15540.360363941,
      "e_log_p_bonds": -509.61221570343224,
      "e_log_p_tau": -0.00012499055074660054,
      "h_nodes": -9555.38458989938,
      "h_bonds": 258.4299787944893,
      "h_tau": -11.974135180971643,
      "tau_mean": 0.00012499055074660054,
      "bond_mean_avg": 5.0,
      "n_parameters": 10080,
      "dim_x0": 28,
      "dim_b0": 18,
      "dim_x1": 28,
      "dim_b1": 18,
      "dim_x2": 28
    },
    {
      "step": 5,
      "train_loss": 7975.876603561022,
      "train_quality": 0.23709166354797606,
      "val_loss": 8143.8102115284955,
      "val_quality": 0.20468322637068215,
      "test_quality": 0.18781565545245893,
      "patience_counter": 4,
      "elbo_raw": -104652.2970632233,
      "elbo_relative": 665533688.0398756,
      "e_log_p_nodes": -15506.734940836921,
      "e_log_p_bonds": -509.61221570343224,
      "e_log_p_tau": -0.00012497937349461945,
      "h_nodes": -9533.559139010977,
      "h_bonds": 258.4299787944893,
      "h_tau": -11.974224609744851,
      "tau_mean": 0.00012497937349461945,
      "bond_mean_avg": 5.0,
      "n_parameters": 10080,
      "dim_x0": 28,
      "dim_b0": 18,
      "dim_x1": 28,
      "dim_b1": 18,
      "dim_x2": 28
    },
    {
      "step": 6,
      "train_loss": 7975.5504111731,
      "train_quality": 0.23712286449357778,
      "val_loss": 8132.234039331176,
      "val_quality": 0.20581374435720345,
      "test_quality": 0.1885991545374911,
      "patience_counter": 5,
      "elbo_raw": -99345.93381075074,
      "elbo_relative": 665538994.4031281,
      "e_log_p_nodes": -9805.834604709564,
      "e_log_p_bonds": -792.5894787425921,
      "e_log_p_tau": -0.0001249764479313957,
      "h_nodes": -9523.684552124,
      "h_bonds": 137.16356345051958,
      "h_tau": -11.974248018392245,
      "tau_mean": 0.0001249764479313957,
      "bond_mean_avg": 5.127340603263667,
      "n_parameters": 10080,
      "dim_x0": 28,
      "dim_b0": 18,
      "dim_x1": 28,
      "dim_b1": 18,
      "dim_x2": 28
    },
    {
      "step": 7,
      "train_loss": 7787.582415858342,
      "train_quality": 0.25510237417503123,
      "val_loss": 7986.206345728919,
      "val_quality": 0.22007467027758798,
      "test_quality": 0.20345649491760298,
      "patience_counter": 6,
      "elbo_raw": -86601.29048549685,
      "elbo_relative": 665551739.0464534,
      "e_log_p_nodes": -9811.73889852679,
      "e_log_p_bonds": -1199.0224742551777,
      "e_log_p_tau": -0.00012611689831931605,
      "h_nodes": 3588.322919187798,
      "h_bonds": 121.16668528415107,
      "h_tau": -11.965164080109389,
      "tau_mean": 0.00012611689831931605,
      "bond_mean_avg": 6.925409980555726,
      "n_parameters": 10080,
      "dim_x0": 28,
      "dim_b0": 18,
      "dim_x1": 28,
      "dim_b1": 18,
      "dim_x2": 28
    },
    {
      "step": 8,
      "train_loss": 8087.8864523037355,
      "train_quality": 0.2263777004793407,
      "val_loss": 8201.778117895195,
      "val_quality": 0.19902213566889404,
      "test_quality": 0.16343208038445667,
      "patience_counter": 7,
      "elbo_raw": -77528.04247947113,
      "elbo_relative": 665560812.2944593,
      "e_log_p_nodes": -9779.33795546062,
      "e_log_p_bonds": -1642.87615699035,
      "e_log_p_tau": -0.00012081178916017368,
      "h_nodes": 13380.562974078908,
      "h_bonds": 102.04144520590896,
      "h_tau": -12.008139448269503,
      "tau_mean": 0.00012081178916017368,
      "bond_mean_avg": 8.842230122754746,
      "n_parameters": 10080,
      "dim_x0": 28,