{
  "experiment_name": "kfold_appliances",
  "run_name": "appliances-MPO2-L3-d18-seed19540-fold4",
  "config": {
    "params": {
      "model": "MPO2",
      "L": 3,
      "bond_dim": 18,
      "init_strength": 0.1,
      "bond_prior_alpha": 5.0,
      "added_bias": true,
      "n_epochs": 100,
      "batch_size": 256,
      "patience": 100,
      "min_delta": 0.0001,
      "warmup_epochs": 5,
      "trim_every": 3,
      "trimming_threshold": 0.3,
      "trim_method": "relevance",
      "soft_trim_relaxation": 2
    },
    "fold": 4,
    "seed": 19540
  },
  "hparams": {
    "seed": 19540,
    "fold": 4,
    "dataset": "appliances",
    "n_features": 28,
    "n_train": 13420,
    "n_val": 2368,
    "n_test": 3947,
    "L": 3,
    "bond_dim": 18,
    "model": "MPO2",
    "init_strength": 0.1,
    "bond_prior_alpha": 5.0,
    "added_bias": true,
    "n_epochs": 100,
    "batch_size": 256,
    "patience": 100,
    "min_delta": 0.0001,
    "warmup_epochs": 5,
    "trim_every": 3,
    "trimming_threshold": 0.3,
    "trim_method": "relevance",
    "soft_trim_relaxation": 2
  },
  "metrics_log": [
    {
      "step": 0,
      "train_loss": 54521.46438840632,
      "train_quality": -4.165848681138123,
      "val_loss": 52659.584027328056,
      "val_quality": -3.9793335811998576,
      "patience_counter": 0,
      "elbo_raw": -369271457.210166,
      "elbo_relative": 0.0,
      "e_log_p_nodes": -105921.46341108611,
      "e_log_p_bonds": -509.61221570343224,
      "e_log_p_tau": -1.0,
      "h_nodes": -6058.2757484830745,
      "h_bonds": 258.4299787944893,
      "h_tau": 1.0,
      "tau_mean": 1.0,
      "bond_mean_avg": 5.0,
      "n_parameters": 10080,
      "dim_x0": 28,
      "dim_b0": 18,
      "dim_x1": 28,
      "dim_b1": 18,
      "dim_x2": 28
    },
    {
      "step": 1,
      "train_loss": 3732.349246791557,
      "train_quality": 0.6463640210260938,
      "val_loss": 6284.182900801345,
      "val_quality": 0.405786362989055,
      "test_quality": 0.3277811757220437,
      "patience_counter": 0,
      "elbo_raw": -2246551.3477239525,
      "elbo_relative": 367024905.862442,
      "e_log_p_nodes": -2152594.4510287545,
      "e_log_p_bonds": -509.61221570343224,
      "e_log_p_tau": -0.00026796768609447776,
      "h_nodes": -19463.484554509952,
      "h_bonds": 258.4299787944893,
      "h_tau": -11.211506922423723,
      "tau_mean": 0.00026796768609447776,
      "bond_mean_avg": 5.0,
      "n_parameters": 10080,
      "dim_x0": 28,
      "dim_b0": 18,
      "dim_x1": 28,
      "dim_b1": 18,
      "dim_x2": 28
    },
    {
      "step": 2,
      "train_loss": 7551.475086653584,
      "train_quality": 0.2845060554658906,
      "val_loss": 7924.376871084971,
      "val_quality": 0.25069450142637295,
      "test_quality": 0.21698907033279857,
      "patience_counter": 1,
      "elbo_raw": -107211.37223142682,
      "elbo_relative": 369164245.83793455,
      "e_log_p_nodes": -17327.494624009494,
      "e_log_p_bonds": -509.61221570343224,
      "e_log_p_tau": -0.00013243614377882963,
      "h_nodes": -10660.784138425797,
      "h_bonds": 258.4299787944893,
      "h_tau": -11.916272725873569,
      "tau_mean": 0.00013243614377882963,
      "bond_mean_avg": 5.0,
      "n_parameters": 10080,
      "dim_x0": 28,
      "dim_b0": 18,
      "dim_x1": 28,
      "dim_b1": 18,
      "dim_x2": 28
    },
    {
      "step": 3,
      "train_loss": 8004.637542983058,
      "train_quality": 0.24156941200572857,
      "val_loss": 8241.478553171308,
      "val_quality": 0.22071030987924556,
      "test_quality": 0.19273757949685566,
      "patience_counter": 2,
      "elbo_raw": -104960.6962120762,
      "elbo_relative": 369166496.5139539,
      "e_log_p_nodes": -15702.15935342848,
      "e_log_p_bonds": -509.61221570343224,
      "e_log_p_tau": -0.00012462512334097842,
      "h_nodes": -9627.476349278655,
      "h_bonds": 258.4299787944893,
      "h_tau": -11.977063103411638,
      "tau_mean": 0.00012462512334097842,
      "bond_mean_avg": 5.0,
      "n_parameters": 10080,
      "dim_x0": 28,
      "dim_b0": 18,
      "dim_x1": 28,
      "dim_b1": 18,
      "dim_x2": 28
    },
    {
      "step": 4,
      "train_loss": 8009.636796017734,
      "train_quality": 0.2410957382886787,
      "val_loss": 8228.044411695808,
      "val_quality": 0.2219806023249441,
      "test_quality": 0.19534939578892496,
      "patience_counter": 3,
      "elbo_raw": -104771.66940651076,
      "elbo_relative": 369166685.54075944,
      "e_log_p_nodes": -15569.637837474891,
      "e_log_p_bonds": -509.61221570343224,
      "e_log_p_tau": -0.00012447210773333322,
      "h_nodes": -9562.727643605358,
      "h_bonds": 258.4299787944893,
      "h_tau": -11.978291664854623,
      "tau_mean": 0.00012447210773333322,
      "bond_mean_avg": 5.0,
      "n_parameters": 10080,
      "dim_x0": 28,
      "dim_b0": 18,
      "dim_x1": 28,
      "dim_b1": 18,
      "dim_x2": 28
    },
    {
      "step": 5,
      "train_loss": 8006.438765288152,
      "train_quality": 0.2413987481768387,
      "val_loss": 8213.572012167042,
      "val_quality": 0.22334906936290488,
      "test_quality": 0.196853582945396,
      "patience_counter": 4,
      "elbo_raw": -104716.01814388727,
      "elbo_relative": 369166741.1920221,
      "e_log_p_nodes": -15533.201834044223,
      "e_log_p_bonds": -509.61221570343224,
      "e_log_p_tau": -0.00012450492981912707,
      "h_nodes": -9545.28999181807,
      "h_bonds": 258.4299787944893,
      "h_tau": -11.978028009332775,
      "tau_mean": 0.00012450492981912707,
      "bond_mean_avg": 5.0,
      "n_parameters": 10080,
      "dim_x0": 28,
      "dim_b0": 18,
      "dim_x1": 28,
      "dim_b1": 18,
      "dim_x2": 28
    },
    {
      "step": 6,
      "train_loss": 8011.1329387095075,
      "train_quality": 0.24095398041702598,
      "val_loss": 8210.827520587933,
      "val_quality": 0.22360858032060793,
      "test_quality": 0.19716861709254918,
      "patience_counter": 5,
      "elbo_raw": -99395.5878489292,
      "elbo_relative": 369172061.6223171,
      "e_log_p_nodes": -9817.256200215128,
      "e_log_p_bonds": -789.0775248339035,
      "e_log_p_tau": -0.00012442469278738512,
      "h_nodes": -9535.973320042393,
      "h_bonds": 137.38814068463853,
      "h_tau": -11.978672665711201,
      "tau_mean": 0.00012442469278738512,
      "bond_mean_avg": 5.125474135827838,
      "n_parameters": 10080,
      "dim_x0": 28,
      "dim_b0": 18,
      "dim_x1": 28,
      "dim_b1": 18,
      "dim_x2": 28
    },
    {
      "step": 7,
      "train_loss": 8104.3744078853215,
      "train_quality": 0.23211945394250078,
      "val_loss": 8526.449231092955,
      "val_quality": 0.1937643304826715,
      "test_quality": 0.175315285515541,
      "patience_counter": 6,
      "elbo_raw": -87039.3268285533,
      "elbo_relative": 369184417.88333744,
      "e_log_p_nodes": -9810.484572753137,
      "e_log_p_bonds": -1195.5740788288877,
      "e_log_p_tau": -0.00012132718938909758,
      "h_nodes": 3405.5602833387675,
      "h_bonds": 121.0336626772894,
      "h_tau": -12.003882380609866,
      "tau_mean": 0.00012132718938909758,
      "bond_mean_avg": 6.896621310596506,
      "n_parameters": 10080,
      "dim_x0": 28,
      "dim_b0": 18,
      "dim_x1": 28,
      "dim_b1": 18,
      "dim_x2": 28
    },
    {
      "step": 8,
      "train_loss": 8210.413474999994,
      "train_quality": 0.2220723691631723,
      "val_loss": 8739.65035714857,
      "val_quality": 0.1736046663659282,
      "test_quality": 0.1428492279398299,
      "patience_counter": 7,
      "elbo_raw": -77821.50307993423,
      "elbo_relative": 369193635.707086,
      "e_log_p_nodes": -9781.217491897045,
      "e_log_p_bonds": -1635.8461030937235,
      "e_log_p_tau": -0.00011894427967157844,
      "h_nodes": 13187.666168285416,
      "h_bonds": 100.8661493038124,
      "h_tau": -12.023718175994873,
      "tau_mean": 0.00011894427967157844,
      "bond_mean_avg": 8.717723502857854,
      "n_parameters": 10080,