{
  "experiment_name": "kfold_appliances",
  "run_name": "appliances-MPO2-L3-d18-seed47659-fold2",
  "config": {
    "params": {
      "model": "MPO2",
      "L": 3,
      "bond_dim": 18,
      "init_strength": 0.1,
      "bond_prior_alpha": 5.0,
      "added_bias": true,
      "n_epochs": 100,
      "batch_size": 256,
      "patience": 100,
      "min_delta": 0.0001,
      "warmup_epochs": 5,
      "trim_every": 3,
      "trimming_threshold": 0.3,
      "trim_method": "relevance",
      "soft_trim_relaxation": 2
    },
    "fold": 2,
    "seed": 47659
  },
  "hparams": {
    "seed": 47659,
    "fold": 2,
    "dataset": "appliances",
    "n_features": 28,
    "n_train": 13420,
    "n_val": 2368,
    "n_test": 3947,
    "L": 3,
    "bond_dim": 18,
    "model": "MPO2",
    "init_strength": 0.1,
    "bond_prior_alpha": 5.0,
    "added_bias": true,
    "n_epochs": 100,
    "batch_size": 256,
    "patience": 100,
    "min_delta": 0.0001,
    "warmup_epochs": 5,
    "trim_every": 3,
    "trimming_threshold": 0.3,
    "trim_method": "relevance",
    "soft_trim_relaxation": 2
  },
  "metrics_log": [
    {
      "step": 0,
      "train_loss": 64624.32695393793,
      "train_quality": -5.329828139257842,
      "val_loss": 62507.75092183414,
      "val_quality": -4.48840199698348,
      "patience_counter": 0,
      "elbo_raw": -437052728.64144933,
      "elbo_relative": 0.0,
      "e_log_p_nodes": -105730.28664019771,
      "e_log_p_bonds": -509.61221570343224,
      "e_log_p_tau": -1.0,
      "h_nodes": -6058.2757484830745,
      "h_bonds": 258.4299787944893,
      "h_tau": 1.0,
      "tau_mean": 1.0,
      "bond_mean_avg": 5.0,
      "n_parameters": 10080,
      "dim_x0": 28,
      "dim_b0": 18,
      "dim_x1": 28,
      "dim_b1": 18,
      "dim_x2": 28
    },
    {
      "step": 1,
      "train_loss": 3534.8269193845313,
      "train_quality": 0.6537705233251503,
      "val_loss": 7275.529150869762,
      "val_quality": 0.36118276322757437,
      "test_quality": 0.3777597859813955,
      "patience_counter": 0,
      "elbo_raw": -2253613.169284346,
      "elbo_relative": 434799115.472165,
      "e_log_p_nodes": -2159888.0986427628,
      "e_log_p_bonds": -509.61221570343224,
      "e_log_p_tau": -0.0002829414316278704,
      "h_nodes": -19596.56443691735,
      "h_bonds": 258.4299787944893,
      "h_tau": -11.15713340054208,
      "tau_mean": 0.0002829414316278704,
      "bond_mean_avg": 5.0,
      "n_parameters": 10080,
      "dim_x0": 28,
      "dim_b0": 18,
      "dim_x1": 28,
      "dim_b1": 18,
      "dim_x2": 28
    },
    {
      "step": 2,
      "train_loss": 7387.8440079435,
      "train_quality": 0.2763749334943191,
      "val_loss": 8757.270637911204,
      "val_quality": 0.23108061082952902,
      "test_quality": 0.22894734826608998,
      "patience_counter": 1,
      "elbo_raw": -107025.84880191258,
      "elbo_relative": 436945702.7926474,
      "e_log_p_nodes": -17338.842091611772,
      "e_log_p_bonds": -509.61221570343224,
      "e_log_p_tau": -0.00013536779049389428,
      "h_nodes": -10610.845292411866,
      "h_bonds": 258.4299787944893,
      "h_tau": -11.894377873300982,
      "tau_mean": 0.00013536779049389428,
      "bond_mean_avg": 5.0,
      "n_parameters": 10080,
      "dim_x0": 28,
      "dim_b0": 18,
      "dim_x1": 28,
      "dim_b1": 18,
      "dim_x2": 28
    },
    {
      "step": 3,
      "train_loss": 7824.3817791892525,
      "train_quality": 0.23361690105477373,
      "val_loss": 9121.15490834699,
      "val_quality": 0.19913028263698096,
      "test_quality": 0.2003588650273026,
      "patience_counter": 2,
      "elbo_raw": -104747.6439879263,
      "elbo_relative": 436947980.9974614,
      "e_log_p_nodes": -15645.885587725059,
      "e_log_p_bonds": -509.61221570343224,
      "e_log_p_tau": -0.00012749010637223338,
      "h_nodes": -9623.236244378699,
      "h_bonds": 258.4299787944893,
      "h_tau": -11.954334556881804,
      "tau_mean": 0.00012749010637223338,
      "bond_mean_avg": 5.0,
      "n_parameters": 10080,
      "dim_x0": 28,
      "dim_b0": 18,
      "dim_x1": 28,
      "dim_b1": 18,
      "dim_x2": 28
    },
    {
      "step": 4,
      "train_loss": 7848.463988069405,
      "train_quality": 0.23125809515906637,
      "val_loss": 9120.085602559147,
      "val_quality": 0.1992241714737225,
      "test_quality": 0.1999359553576353,
      "patience_counter": 3,
      "elbo_raw": -104566.02727996233,
      "elbo_relative": 436948162.61416936,
      "e_log_p_nodes": -15515.320309160488,
      "e_log_p_bonds": -509.61221570343224,
      "e_log_p_tau": -0.00012702029912871208,
      "h_nodes": -9547.403779374159,
      "h_bonds": 258.4299787944893,
      "h_tau": -11.958026412045001,
      "tau_mean": 0.00012702029912871208,
      "bond_mean_avg": 5.0,
      "n_parameters": 10080,
      "dim_x0": 28,
      "dim_b0": 18,
      "dim_x1": 28,
      "dim_b1": 18,
      "dim_x2": 28
    },
    {
      "step": 5,
      "train_loss": 7853.031867156884,
      "train_quality": 0.23081068021569273,
      "val_loss": 9118.619491376683,
      "val_quality": 0.19935290123000027,
      "test_quality": 0.20022480289333933,
      "patience_counter": 4,
      "elbo_raw": -104513.36616009173,
      "elbo_relative": 436948215.27528924,
      "e_log_p_nodes": -15477.644945282145,
      "e_log_p_bonds": -509.61221570343224,
      "e_log_p_tau": -0.0001269273799141538,
      "h_nodes": -9527.503229083737,
      "h_bonds": 258.4299787944893,
      "h_tau": -11.958758210181259,
      "tau_mean": 0.0001269273799141538,
      "bond_mean_avg": 5.0,
      "n_parameters": 10080,
      "dim_x0": 28,
      "dim_b0": 18,
      "dim_x1": 28,
      "dim_b1": 18,
      "dim_x2": 28
    },
    {
      "step": 6,
      "train_loss": 7857.337952369026,
      "train_quality": 0.23038890747730445,
      "val_loss": 9123.060472402949,
      "val_quality": 0.19896296736142138,
      "test_quality": 0.20035787824550055,
      "patience_counter": 5,
      "elbo_raw": -99241.20942034139,
      "elbo_relative": 436953487.432029,
      "e_log_p_nodes": -9820.801534382963,
      "e_log_p_bonds": -780.630540540422,
      "e_log_p_tau": -0.00012684963520472314,
      "h_nodes": -9517.756828328735,
      "h_bonds": 139.12521942858723,
      "h_tau": -11.959370911150472,
      "tau_mean": 0.00012684963520472314,
      "bond_mean_avg": 5.177934975163324,
      "n_parameters": 10080,
      "dim_x0": 28,
      "dim_b0": 18,
      "dim_x1": 28,
      "dim_b1": 18,
      "dim_x2": 28
    },
    {
      "step": 7,
      "train_loss": 7846.77671239805,
      "train_quality": 0.2314233605556536,
      "val_loss": 9435.370797159923,
      "val_quality": 0.17154101432685764,
      "test_quality": 0.18371003037726674,
      "patience_counter": 6,
      "elbo_raw": -86817.81037197025,
      "elbo_relative": 436965910.83107734,
      "e_log_p_nodes": -9811.149452124135,
      "e_log_p_bonds": -1189.4004256184455,
      "e_log_p_tau": -0.00012526198102713485,
      "h_nodes": 3405.3026981627354,
      "h_bonds": 123.10295164540416,
      "h_tau": -11.971965929100406,
      "tau_mean": 0.00012526198102713485,
      "bond_mean_avg": 6.987570352190362,
      "n_parameters": 10080,
      "dim_x0": 28,
      "dim_b0": 18,
      "dim_x1": 28,
      "dim_b1": 18,
      "dim_x2": 28
    },
    {
      "step": 8,
      "train_loss": 8234.985058479451,
      "train_quality": 0.19339910206438493,
      "val_loss": 9752.655719739445,
      "val_quality": 0.14368227397838795,
      "test_quality": 0.13529780555107251,
      "patience_counter": 7,
      "elbo_raw": -77872.21184564578,
      "elbo_relative": 436974856.4296037,
      "e_log_p_nodes": -9775.906251298811,
      "e_log_p_bonds": -1636.8908351547561,
      "e_log_p_tau": -0.00011867050096070754,
      "h_nodes": 13146.424366068757,
      "h_bonds": 102.59591916400285,
      "h_tau": -12.026022568265034,
      "tau_mean": 0.00011867050096070754,
      "bond_mean_avg": 8.8386822302943,
      "n_parameters": 10080,