{
  "experiment_name": "kfold_appliances",
  "run_name": "appliances-MPO2-L3-d18-seed19540-fold3",
  "config": {
    "params": {
      "model": "MPO2",
      "L": 3,
      "bond_dim": 18,
      "init_strength": 0.1,
      "bond_prior_alpha": 5.0,
      "added_bias": true,
      "n_epochs": 100,
      "batch_size": 256,
      "patience": 100,
      "min_delta": 0.0001,
      "warmup_epochs": 5,
      "trim_every": 3,
      "trimming_threshold": 0.3,
      "trim_method": "relevance",
      "soft_trim_relaxation": 2
    },
    "fold": 3,
    "seed": 19540
  },
  "hparams": {
    "seed": 19540,
    "fold": 3,
    "dataset": "appliances",
    "n_features": 28,
    "n_train": 13420,
    "n_val": 2368,
    "n_test": 3947,
    "L": 3,
    "bond_dim": 18,
    "model": "MPO2",
    "init_strength": 0.1,
    "bond_prior_alpha": 5.0,
    "added_bias": true,
    "n_epochs": 100,
    "batch_size": 256,
    "patience": 100,
    "min_delta": 0.0001,
    "warmup_epochs": 5,
    "trim_every": 3,
    "trimming_threshold": 0.3,
    "trim_method": "relevance",
    "soft_trim_relaxation": 2
  },
  "metrics_log": [
    {
      "step": 0,
      "train_loss": 53431.83687103437,
      "train_quality": -4.264781529607709,
      "val_loss": 56381.6515386106,
      "val_quality": -3.810170869308597,
      "patience_counter": 0,
      "elbo_raw": -361959032.0339003,
      "elbo_relative": 0.0,
      "e_log_p_nodes": -105921.46341108611,
      "e_log_p_bonds": -509.61221570343224,
      "e_log_p_tau": -1.0,
      "h_nodes": -6058.2757484830745,
      "h_bonds": 258.4299787944893,
      "h_tau": 1.0,
      "tau_mean": 1.0,
      "bond_mean_avg": 5.0,
      "n_parameters": 10080,
      "dim_x0": 28,
      "dim_b0": 18,
      "dim_x1": 28,
      "dim_b1": 18,
      "dim_x2": 28
    },
    {
      "step": 1,
      "train_loss": 3668.56129152819,
      "train_quality": 0.638526862280834,
      "val_loss": 7218.612190467614,
      "val_quality": 0.3841479075573936,
      "test_quality": 0.3605530591097936,
      "patience_counter": 0,
      "elbo_raw": -2185677.6110795946,
      "elbo_relative": 359773354.42282075,
      "e_log_p_nodes": -2091861.0206832497,
      "e_log_p_bonds": -509.61221570343224,
      "e_log_p_tau": -0.0002726270358285298,
      "h_nodes": -19438.863462700367,
      "h_bonds": 258.4299787944893,
      "h_tau": -11.194268629391445,
      "tau_mean": 0.0002726270358285298,
      "bond_mean_avg": 5.0,
      "n_parameters": 10080,
      "dim_x0": 28,
      "dim_b0": 18,
      "dim_x1": 28,
      "dim_b1": 18,
      "dim_x2": 28
    },
    {
      "step": 2,
      "train_loss": 7290.653653880153,
      "train_quality": 0.2816324322077882,
      "val_loss": 9089.162866435243,
      "val_quality": 0.22456286303376305,
      "test_quality": 0.23938703904589576,
      "patience_counter": 1,
      "elbo_raw": -106851.03810664453,
      "elbo_relative": 361852180.9957937,
      "e_log_p_nodes": -17214.02847983361,
      "e_log_p_bonds": -509.61221570343224,
      "e_log_p_tau": -0.00013717265619467097,
      "h_nodes": -10649.732547620417,
      "h_bonds": 258.4299787944893,
      "h_tau": -11.881132924834674,
      "tau_mean": 0.00013717265619467097,
      "bond_mean_avg": 5.0,
      "n_parameters": 10080,
      "dim_x0": 28,
      "dim_b0": 18,
      "dim_x1": 28,
      "dim_b1": 18,
      "dim_x2": 28
    },
    {
      "step": 3,
      "train_loss": 7734.709044928108,
      "train_quality": 0.23787846906864407,
      "val_loss": 9381.912286287346,
      "val_quality": 0.19958710065448537,
      "test_quality": 0.21620528792547866,
      "patience_counter": 2,
      "elbo_raw": -104722.79530003323,
      "elbo_relative": 361854309.2386003,
      "e_log_p_nodes": -15694.197637770523,
      "e_log_p_bonds": -509.61221570343224,
      "e_log_p_tau": -0.00012896844554896765,
      "h_nodes": -9627.43859794198,
      "h_bonds": 258.4299787944893,
      "h_tau": -11.942805555096129,
      "tau_mean": 0.00012896844554896765,
      "bond_mean_avg": 5.0,
      "n_parameters": 10080,
      "dim_x0": 28,
      "dim_b0": 18,
      "dim_x1": 28,
      "dim_b1": 18,
      "dim_x2": 28
    },
    {
      "step": 4,
      "train_loss": 7754.315601249583,
      "train_quality": 0.23594658273223268,
      "val_loss": 9366.517014435949,
      "val_quality": 0.2009005401541062,
      "test_quality": 0.21769768494552555,
      "patience_counter": 3,
      "elbo_raw": -104543.18880547324,
      "elbo_relative": 361854488.84509486,
      "e_log_p_nodes": -15561.985908147242,
      "e_log_p_bonds": -509.61221570343224,
      "e_log_p_tau": -0.00012856295297633677,
      "h_nodes": -9558.911777679765,
      "h_bonds": 258.4299787944893,
      "h_tau": -11.945954630587948,
      "tau_mean": 0.00012856295297633677,
      "bond_mean_avg": 5.0,
      "n_parameters": 10080,
      "dim_x0": 28,
      "dim_b0": 18,
      "dim_x1": 28,
      "dim_b1": 18,
      "dim_x2": 28
    },
    {
      "step": 5,
      "train_loss": 7757.441136898786,
      "train_quality": 0.23563861536072406,
      "val_loss": 9350.600608602079,
      "val_quality": 0.20225843992463266,
      "test_quality": 0.21889712890017743,
      "patience_counter": 4,
      "elbo_raw": -104490.82344457987,
      "elbo_relative": 361854541.2104557,
      "e_log_p_nodes": -15524.776212523151,
      "e_log_p_bonds": -509.61221570343224,
      "e_log_p_tau": -0.00012849320213346633,
      "h_nodes": -9540.122757220937,
      "h_bonds": 258.4299787944893,
      "h_tau": -11.946497320139315,
      "tau_mean": 0.00012849320213346633,
      "bond_mean_avg": 5.0,
      "n_parameters": 10080,
      "dim_x0": 28,
      "dim_b0": 18,
      "dim_x1": 28,
      "dim_b1": 18,
      "dim_x2": 28
    },
    {
      "step": 6,
      "train_loss": 7763.277126726071,
      "train_quality": 0.23506357970316583,
      "val_loss": 9346.70441107761,
      "val_quality": 0.20259084196185284,
      "test_quality": 0.21925114407609192,
      "patience_counter": 5,
      "elbo_raw": -99176.0659844252,
      "elbo_relative": 361859855.9679159,
      "e_log_p_nodes": -9816.521754183941,
      "e_log_p_bonds": -786.9667375206959,
      "e_log_p_tau": -0.00012838876373286276,
      "h_nodes": -9530.525004975194,
      "h_bonds": 138.15540705517782,
      "h_tau": -11.947310443829338,
      "tau_mean": 0.00012838876373286276,
      "bond_mean_avg": 5.162161899767417,
      "n_parameters": 10080,
      "dim_x0": 28,
      "dim_b0": 18,
      "dim_x1": 28,
      "dim_b1": 18,
      "dim_x2": 28
    },
    {
      "step": 7,
      "train_loss": 7763.016111627418,
      "train_quality": 0.23508929821764735,
      "val_loss": 9727.731254231447,
      "val_quality": 0.17008373776487695,
      "test_quality": 0.196694433746752,
      "patience_counter": 6,
      "elbo_raw": -86790.90524461221,
      "elbo_relative": 361872241.12865573,
      "e_log_p_nodes": -9808.11706657884,
      "e_log_p_bonds": -1194.647961006455,
      "e_log_p_tau": -0.00012666673367827435,
      "h_nodes": 3361.262399765579,
      "h_bonds": 121.42034389250878,
      "h_tau": -11.96081382830016,
      "tau_mean": 0.00012666673367827435,
      "bond_mean_avg": 6.916970759088078,
      "n_parameters": 10080,
      "dim_x0": 28,
      "dim_b0": 18,
      "dim_x1": 28,
      "dim_b1": 18,
      "dim_x2": 28
    },
    {
      "step": 8,
      "train_loss": 7848.273915494538,
      "train_quality": 0.2266886191966747,
      "val_loss": 9746.758532725296,
      "val_quality": 0.16846043553381929,
      "test_quality": 0.1612585957930095,
      "patience_counter": 7,
      "elbo_raw": -77555.80516499741,
      "elbo_relative": 361881476.2287353,
      "e_log_p_nodes": -9780.695237764425,
      "e_log_p_bonds": -1636.646809422219,
      "e_log_p_tau": -0.00012448685270476984,
      "h_nodes": 13147.153442281677,
      "h_bonds": 101.7120412260951,
      "h_tau": -11.978173211828107,
      "tau_mean": 0.00012448685270476984,
      "bond_mean_avg": 8.780431489001547,
      "n_parameters": 10080,