{
  "experiment_name": "kfold_appliances",
  "run_name": "appliances-MPO2-L3-d18-seed9536-fold1",
  "config": {
    "params": {
      "model": "MPO2",
      "L": 3,
      "bond_dim": 18,
      "init_strength": 0.1,
      "bond_prior_alpha": 5.0,
      "added_bias": true,
      "n_epochs": 100,
      "batch_size": 256,
      "patience": 100,
      "min_delta": 0.0001,
      "warmup_epochs": 5,
      "trim_every": 3,
      "trimming_threshold": 0.3,
      "trim_method": "relevance",
      "soft_trim_relaxation": 2
    },
    "fold": 1,
    "seed": 9536
  },
  "hparams": {
    "seed": 9536,
    "fold": 1,
    "dataset": "appliances",
    "n_features": 28,
    "n_train": 13420,
    "n_val": 2368,
    "n_test": 3947,
    "L": 3,
    "bond_dim": 18,
    "model": "MPO2",
    "init_strength": 0.1,
    "bond_prior_alpha": 5.0,
    "added_bias": true,
    "n_epochs": 100,
    "batch_size": 256,
    "patience": 100,
    "min_delta": 0.0001,
    "warmup_epochs": 5,
    "trim_every": 3,
    "trimming_threshold": 0.3,
    "trim_method": "relevance",
    "soft_trim_relaxation": 2
  },
  "metrics_log": [
    {
      "step": 0,
      "train_loss": 128392.37649569176,
      "train_quality": -11.885328902279765,
      "val_loss": 123516.59863803058,
      "val_quality": -9.302984492889976,
      "patience_counter": 0,
      "elbo_raw": -864921060.3846401,
      "elbo_relative": 0.0,
      "e_log_p_nodes": -105688.6372182204,
      "e_log_p_bonds": -509.61221570343224,
      "e_log_p_tau": -1.0,
      "h_nodes": -6058.2757484830745,
      "h_bonds": 258.4299787944893,
      "h_tau": 1.0,
      "tau_mean": 1.0,
      "bond_mean_avg": 5.0,
      "n_parameters": 10080,
      "dim_x0": 28,
      "dim_b0": 18,
      "dim_x1": 28,
      "dim_b1": 18,
      "dim_x2": 28
    },
    {
      "step": 1,
      "train_loss": 3589.156427991914,
      "train_quality": 0.6397958950626694,
      "val_loss": 6981.138816931463,
      "val_quality": 0.4176769295247492,
      "test_quality": 0.39218893170580293,
      "patience_counter": 0,
      "elbo_raw": -2324860.879553375,
      "elbo_relative": 862596199.5050868,
      "e_log_p_nodes": -2231120.0955125852,
      "e_log_p_bonds": -509.61221570343224,
      "e_log_p_tau": -0.0002786585120575035,
      "h_nodes": -19509.914927013495,
      "h_bonds": 258.4299787944893,
      "h_tau": -11.17238626035396,
      "tau_mean": 0.0002786585120575035,
      "bond_mean_avg": 5.0,
      "n_parameters": 10080,
      "dim_x0": 28,
      "dim_b0": 18,
      "dim_x1": 28,
      "dim_b1": 18,
      "dim_x2": 28
    },
    {
      "step": 2,
      "train_loss": 7390.687156988079,
      "train_quality": 0.25827812031470676,
      "val_loss": 9221.858450523163,
      "val_quality": 0.23077006929405297,
      "test_quality": 0.24186558894911991,
      "patience_counter": 1,
      "elbo_raw": -107003.19831528352,
      "elbo_relative": 864814057.1863248,
      "e_log_p_nodes": -17312.740321045894,
      "e_log_p_bonds": -509.61221570343224,
      "e_log_p_tau": -0.0001353163007849739,
      "h_nodes": -10611.74932090731,
      "h_bonds": 258.4299787944893,
      "h_tau": -11.894758314643695,
      "tau_mean": 0.0001353163007849739,
      "bond_mean_avg": 5.0,
      "n_parameters": 10080,
      "dim_x0": 28,
      "dim_b0": 18,
      "dim_x1": 28,
      "dim_b1": 18,
      "dim_x2": 28
    },
    {
      "step": 3,
      "train_loss": 7737.948862733885,
      "train_quality": 0.22342728714353666,
      "val_loss": 9425.365535170746,
      "val_quality": 0.21379477722450835,
      "test_quality": 0.2144034971529739,
      "patience_counter": 2,
      "elbo_raw": -104686.03797181422,
      "elbo_relative": 864816374.3466682,
      "e_log_p_nodes": -15653.706527769824,
      "e_log_p_bonds": -509.61221570343224,
      "e_log_p_tau": -0.00012891146998250918,
      "h_nodes": -9628.218812846915,
      "h_bonds": 258.4299787944893,
      "h_tau": -11.943247431830969,
      "tau_mean": 0.00012891146998250918,
      "bond_mean_avg": 5.0,
      "n_parameters": 10080,
      "dim_x0": 28,
      "dim_b0": 18,
      "dim_x1": 28,
      "dim_b1": 18,
      "dim_x2": 28
    },
    {
      "step": 4,
      "train_loss": 7728.43466602506,
      "train_quality": 0.22438212229169918,
      "val_loss": 9407.320344372172,
      "val_quality": 0.21529999452338966,
      "test_quality": 0.21513716630421698,
      "patience_counter": 3,
      "elbo_raw": -104469.97876063854,
      "elbo_relative": 864816590.4058795,
      "e_log_p_nodes": -15520.144399734654,
      "e_log_p_bonds": -509.61221570343224,
      "e_log_p_tau": -0.00012898837294019963,
      "h_nodes": -9549.714513584913,
      "h_bonds": 258.4299787944893,
      "h_tau": -11.942651053337613,
      "tau_mean": 0.00012898837294019963,
      "bond_mean_avg": 5.0,
      "n_parameters": 10080,
      "dim_x0": 28,
      "dim_b0": 18,
      "dim_x1": 28,
      "dim_b1": 18,
      "dim_x2": 28
    },
    {
      "step": 5,
      "train_loss": 7722.003469120189,
      "train_quality": 0.22502755070120728,
      "val_loss": 9403.911754983035,
      "val_quality": 0.21558431779658638,
      "test_quality": 0.2158552704217236,
      "patience_counter": 4,
      "elbo_raw": -104410.56257777789,
      "elbo_relative": 864816649.8220624,
      "e_log_p_nodes": -15485.618509299042,
      "e_log_p_bonds": -509.61221570343224,
      "e_log_p_tau": -0.00012907486414449217,
      "h_nodes": -9529.32879772004,
      "h_bonds": 258.4299787944893,
      "h_tau": -11.941980743155,
      "tau_mean": 0.00012907486414449217,
      "bond_mean_avg": 5.0,
      "n_parameters": 10080,
      "dim_x0": 28,
      "dim_b0": 18,
      "dim_x1": 28,
      "dim_b1": 18,
      "dim_x2": 28
    },
    {
      "step": 6,
      "train_loss": 7725.317349873283,
      "train_quality": 0.2246949729842742,
      "val_loss": 9411.591409252533,
      "val_quality": 0.21494372892252545,
      "test_quality": 0.21566676824630937,
      "patience_counter": 5,
      "elbo_raw": -99110.94521463789,
      "elbo_relative": 864821949.4394255,
      "e_log_p_nodes": -9789.256316585534,
      "e_log_p_bonds": -793.5104499478807,
      "e_log_p_tau": -0.00012901060484110094,
      "h_nodes": -9519.674449671666,
      "h_bonds": 139.26937713624648,
      "h_tau": -11.942478712335287,
      "tau_mean": 0.00012901060484110094,
      "bond_mean_avg": 5.267287179372651,
      "n_parameters": 10080,
      "dim_x0": 28,
      "dim_b0": 18,
      "dim_x1": 28,
      "dim_b1": 18,
      "dim_x2": 28
    },
    {
      "step": 7,
      "train_loss": 7701.2869064833085,
      "train_quality": 0.22710664395102997,
      "val_loss": 9602.800359554345,
      "val_quality": 0.19899427053730412,
      "test_quality": 0.21520935257424267,
      "patience_counter": 6,
      "elbo_raw": -86477.37700709346,
      "elbo_relative": 864834583.007633,
      "e_log_p_nodes": -9805.282637161148,
      "e_log_p_bonds": -1203.6746018207198,
      "e_log_p_tau": -0.00012756125296598217,
      "h_nodes": 3632.70381969185,
      "h_bonds": 122.47749196000612,
      "h_tau": -11.953776656737318,
      "tau_mean": 0.00012756125296598217,
      "bond_mean_avg": 7.040933711460513,
      "n_parameters": 10080,
      "dim_x0": 28,
      "dim_b0": 18,
      "dim_x1": 28,
      "dim_b1": 18,
      "dim_x2": 28
    },
    {
      "step": 8,
      "train_loss": 7825.861324106388,
      "train_quality": 0.21460448153535738,
      "val_loss": 9831.452751486377,
      "val_quality": 0.17992151372312337,
      "test_quality": 0.17790004643563906,
      "patience_counter": 7,
      "elbo_raw": -77281.51774409972,
      "elbo_relative": 864843778.866896,
      "e_log_p_nodes": -9779.538597434015,
      "e_log_p_bonds": -1643.775579243288,
      "e_log_p_tau": -0.00012473846246693782,
      "h_nodes": 13414.388316624347,
      "h_bonds": 101.18391688620459,
      "h_tau": -11.976154076270177,
      "tau_mean": 0.00012473846246693782,
      "bond_mean_avg": 8.790862423948365,
      "n_parameters": 10080,