{
  "experiment_name": "kfold_appliances",
  "run_name": "appliances-MPO2-L3-d18-seed47659-fold1",
  "config": {
    "params": {
      "model": "MPO2",
      "L": 3,
      "bond_dim": 18,
      "init_strength": 0.1,
      "bond_prior_alpha": 5.0,
      "added_bias": true,
      "n_epochs": 100,
      "batch_size": 256,
      "patience": 100,
      "min_delta": 0.0001,
      "warmup_epochs": 5,
      "trim_every": 3,
      "trimming_threshold": 0.3,
      "trim_method": "relevance",
      "soft_trim_relaxation": 2
    },
    "fold": 1,
    "seed": 47659
  },
  "hparams": {
    "seed": 47659,
    "fold": 1,
    "dataset": "appliances",
    "n_features": 28,
    "n_train": 13420,
    "n_val": 2368,
    "n_test": 3947,
    "L": 3,
    "bond_dim": 18,
    "model": "MPO2",
    "init_strength": 0.1,
    "bond_prior_alpha": 5.0,
    "added_bias": true,
    "n_epochs": 100,
    "batch_size": 256,
    "patience": 100,
    "min_delta": 0.0001,
    "warmup_epochs": 5,
    "trim_every": 3,
    "trimming_threshold": 0.3,
    "trim_method": "relevance",
    "soft_trim_relaxation": 2
  },
  "metrics_log": [
    {
      "step": 0,
      "train_loss": 65052.333414832334,
      "train_quality": -5.2078067281531455,
      "val_loss": 66618.49162728434,
      "val_quality": -4.710295653408566,
      "patience_counter": 0,
      "elbo_raw": -439931921.0287844,
      "elbo_relative": 0.0,
      "e_log_p_nodes": -105730.28664019771,
      "e_log_p_bonds": -509.61221570343224,
      "e_log_p_tau": -1.0,
      "h_nodes": -6058.2757484830745,
      "h_bonds": 258.4299787944893,
      "h_tau": 1.0,
      "tau_mean": 1.0,
      "bond_mean_avg": 5.0,
      "n_parameters": 10080,
      "dim_x0": 28,
      "dim_b0": 18,
      "dim_x1": 28,
      "dim_b1": 18,
      "dim_x2": 28
    },
    {
      "step": 1,
      "train_loss": 3629.79632049881,
      "train_quality": 0.653616206562079,
      "val_loss": 8153.4986144794375,
      "val_quality": 0.301111649918144,
      "test_quality": 0.38656423831286246,
      "patience_counter": 0,
      "elbo_raw": -2263602.781538198,
      "elbo_relative": 437668318.2472462,
      "e_log_p_nodes": -2169576.219133276,
      "e_log_p_bonds": -509.61221570343224,
      "e_log_p_tau": -0.00027553859829070157,
      "h_nodes": -19720.13515680612,
      "h_bonds": 258.4299787944893,
      "h_tau": -11.183645599921874,
      "tau_mean": 0.00027553859829070157,
      "bond_mean_avg": 5.0,
      "n_parameters": 10080,
      "dim_x0": 28,
      "dim_b0": 18,
      "dim_x1": 28,
      "dim_b1": 18,
      "dim_x2": 28
    },
    {
      "step": 2,
      "train_loss": 7644.446880813981,
      "train_quality": 0.27050658618025425,
      "val_loss": 8894.381146720152,
      "val_quality": 0.2376058844737674,
      "test_quality": 0.2630579453169978,
      "patience_counter": 1,
      "elbo_raw": -107318.41951381204,
      "elbo_relative": 439824602.6092706,
      "e_log_p_nodes": -17427.17345251527,
      "e_log_p_bonds": -509.61221570343224,
      "e_log_p_tau": -0.00013082320116580183,
      "h_nodes": -10585.925494761957,
      "h_bonds": 258.4299787944893,
      "h_tau": -11.928526519157458,
      "tau_mean": 0.00013082320116580183,
      "bond_mean_avg": 5.0,
      "n_parameters": 10080,
      "dim_x0": 28,
      "dim_b0": 18,
      "dim_x1": 28,
      "dim_b1": 18,
      "dim_x2": 28
    },
    {
      "step": 3,
      "train_loss": 8122.664433568154,
      "train_quality": 0.22487129555082674,
      "val_loss": 9234.003398275954,
      "val_quality": 0.20849469598108694,
      "test_quality": 0.224964468673299,
      "patience_counter": 2,
      "elbo_raw": -105021.73481157795,
      "elbo_relative": 439826899.2939728,
      "e_log_p_nodes": -15666.896620689431,
      "e_log_p_bonds": -509.61221570343224,
      "e_log_p_tau": -0.00012281465882647537,
      "h_nodes": -9625.571641431601,
      "h_bonds": 258.4299787944893,
      "h_tau": -11.991696941251575,
      "tau_mean": 0.00012281465882647537,
      "bond_mean_avg": 5.0,
      "n_parameters": 10080,
      "dim_x0": 28,
      "dim_b0": 18,
      "dim_x1": 28,
      "dim_b1": 18,
      "dim_x2": 28
    },
    {
      "step": 4,
      "train_loss": 8159.059653202501,
      "train_quality": 0.2213981766408878,
      "val_loss": 9238.15831560326,
      "val_quality": 0.20813855152667438,
      "test_quality": 0.22546980394318017,
      "patience_counter": 3,
      "elbo_raw": -104832.8845694692,
      "elbo_relative": 439827088.1442149,
      "e_log_p_nodes": -15520.7363898902,
      "e_log_p_bonds": -509.61221570343224,
      "e_log_p_tau": -0.00012219243666343455,
      "h_nodes": -9548.79451964368,
      "h_bonds": 258.4299787944893,
      "h_tau": -11.99677616966801,
      "tau_mean": 0.00012219243666343455,
      "bond_mean_avg": 5.0,
      "n_parameters": 10080,
      "dim_x0": 28,
      "dim_b0": 18,
      "dim_x1": 28,
      "dim_b1": 18,
      "dim_x2": 28
    },
    {
      "step": 5,
      "train_loss": 8166.038835058192,
      "train_quality": 0.22073216806277152,
      "val_loss": 9231.227472497369,
      "val_quality": 0.20873263827789423,
      "test_quality": 0.22761110260450157,
      "patience_counter": 4,
      "elbo_raw": -104775.41016262224,
      "elbo_relative": 439827145.61862177,
      "e_log_p_nodes": -15478.626671819691,
      "e_log_p_bonds": -509.61221570343224,
      "e_log_p_tau": -0.00012206861388143845,
      "h_nodes": -9526.635848261001,
      "h_bonds": 258.4299787944893,
      "h_tau": -11.997790025889117,
      "tau_mean": 0.00012206861388143845,
      "bond_mean_avg": 5.0,
      "n_parameters": 10080,
      "dim_x0": 28,
      "dim_b0": 18,
      "dim_x1": 28,
      "dim_b1": 18,
      "dim_x2": 28
    },
    {
      "step": 6,
      "train_loss": 8170.362396473677,
      "train_quality": 0.22031957973218108,
      "val_loss": 9227.104310693583,
      "val_quality": 0.209086060763924,
      "test_quality": 0.22877945566951496,
      "patience_counter": 5,
      "elbo_raw": -99502.01468059694,
      "elbo_relative": 439832419.0141038,
      "e_log_p_nodes": -9818.806953695555,
      "e_log_p_bonds": -782.8267888078637,
      "e_log_p_tau": -0.00012199566486971839,
      "h_nodes": -9516.1989386447,
      "h_bonds": 138.8035352190317,
      "h_tau": -11.998387811145221,
      "tau_mean": 0.00012199566486971839,
      "bond_mean_avg": 5.172854689424399,
      "n_parameters": 10080,
      "dim_x0": 28,
      "dim_b0": 18,
      "dim_x1": 28,
      "dim_b1": 18,
      "dim_x2": 28
    },
    {
      "step": 7,
      "train_loss": 8149.36243748781,
      "train_quality": 0.22232356144721188,
      "val_loss": 9443.02330027527,
      "val_quality": 0.19057826754346463,
      "test_quality": 0.21423399471636584,
      "patience_counter": 6,
      "elbo_raw": -87050.24780056956,
      "elbo_relative": 439844870.7809838,
      "e_log_p_nodes": -9811.292803411672,
      "e_log_p_bonds": -1190.3647805787677,
      "e_log_p_tau": -0.00012060786586519797,
      "h_nodes": 3428.9472150337924,
      "h_bonds": 122.22516906026526,
      "h_tau": -12.009828816459049,
      "tau_mean": 0.00012060786586519797,
      "bond_mean_avg": 6.937191741429887,
      "n_parameters": 10080,
      "dim_x0": 28,
      "dim_b0": 18,
      "dim_x1": 28,
      "dim_b1": 18,
      "dim_x2": 28
    },
    {
      "step": 8,
      "train_loss": 8249.126121575571,
      "train_quality": 0.2128033238662469,
      "val_loss": 9746.736664090242,
      "val_quality": 0.16454505876146897,
      "test_quality": 0.17708443591823586,
      "patience_counter": 7,
      "elbo_raw": -77827.45626103481,
      "elbo_relative": 439854093.57252336,
      "e_log_p_nodes": -9777.039335601448,
      "e_log_p_bonds": -1639.1354351781777,
      "e_log_p_tau": -0.00011841771776502599,
      "h_nodes": 13208.937590223519,
      "h_bonds": 102.52669009483516,
      "h_tau": -12.028154966850707,
      "tau_mean": 0.00011841771776502599,
      "bond_mean_avg": 8.850560217734047,
      "n_parameters": 10080,
      "dim_x0": 28,