{
  "experiment_name": "kfold_appliances",
  "run_name": "appliances-MPO2-L3-d18-seed47659-fold4",
  "config": {
    "params": {
      "model": "MPO2",
      "L": 3,
      "bond_dim": 18,
      "init_strength": 0.1,
      "bond_prior_alpha": 5.0,
      "added_bias": true,
      "n_epochs": 100,
      "batch_size": 256,
      "patience": 100,
      "min_delta": 0.0001,
      "warmup_epochs": 5,
      "trim_every": 3,
      "trimming_threshold": 0.3,
      "trim_method": "relevance",
      "soft_trim_relaxation": 2
    },
    "fold": 4,
    "seed": 47659
  },
  "hparams": {
    "seed": 47659,
    "fold": 4,
    "dataset": "appliances",
    "n_features": 28,
    "n_train": 13420,
    "n_val": 2368,
    "n_test": 3947,
    "L": 3,
    "bond_dim": 18,
    "model": "MPO2",
    "init_strength": 0.1,
    "bond_prior_alpha": 5.0,
    "added_bias": true,
    "n_epochs": 100,
    "batch_size": 256,
    "patience": 100,
    "min_delta": 0.0001,
    "warmup_epochs": 5,
    "trim_every": 3,
    "trimming_threshold": 0.3,
    "trim_method": "relevance",
    "soft_trim_relaxation": 2
  },
  "metrics_log": [
    {
      "step": 0,
      "train_loss": 64086.794221749784,
      "train_quality": -5.184900899284764,
      "val_loss": 65368.93886846138,
      "val_quality": -5.367095627927173,
      "patience_counter": 0,
      "elbo_raw": -433435313.7935685,
      "elbo_relative": 0.0,
      "e_log_p_nodes": -105730.28664019771,
      "e_log_p_bonds": -509.61221570343224,
      "e_log_p_tau": -1.0,
      "h_nodes": -6058.2757484830745,
      "h_bonds": 258.4299787944893,
      "h_tau": 1.0,
      "tau_mean": 1.0,
      "bond_mean_avg": 5.0,
      "n_parameters": 10080,
      "dim_x0": 28,
      "dim_b0": 18,
      "dim_x1": 28,
      "dim_b1": 18,
      "dim_x2": 28
    },
    {
      "step": 1,
      "train_loss": 3598.982020859059,
      "train_quality": 0.6526687376450715,
      "val_loss": 6818.31932330167,
      "val_quality": 0.33587890663847253,
      "test_quality": 0.38808624407549486,
      "patience_counter": 0,
      "elbo_raw": -2178744.5940270326,
      "elbo_relative": 431256569.19954145,
      "e_log_p_nodes": -2084836.572314693,
      "e_log_p_bonds": -509.61221570343224,
      "e_log_p_tau": -0.00027789774555210365,
      "h_nodes": -19658.810020976904,
      "h_bonds": 258.4299787944893,
      "h_tau": -11.175120097119361,
      "tau_mean": 0.00027789774555210365,
      "bond_mean_avg": 5.0,
      "n_parameters": 10080,
      "dim_x0": 28,
      "dim_b0": 18,
      "dim_x1": 28,
      "dim_b1": 18,
      "dim_x2": 28
    },
    {
      "step": 2,
      "train_loss": 7439.21484594422,
      "train_quality": 0.282054795385009,
      "val_loss": 7912.454970552883,
      "val_quality": 0.22930740010092965,
      "test_quality": 0.23769227976325202,
      "patience_counter": 1,
      "elbo_raw": -107120.57958399924,
      "elbo_relative": 433328193.2139845,
      "e_log_p_nodes": -17407.59720099508,
      "e_log_p_bonds": -509.61221570343224,
      "e_log_p_tau": -0.00013443207504550595,
      "h_nodes": -10590.278872470359,
      "h_bonds": 258.4299787944893,
      "h_tau": -11.901314268165152,
      "tau_mean": 0.00013443207504550595,
      "bond_mean_avg": 5.0,
      "n_parameters": 10080,
      "dim_x0": 28,
      "dim_b0": 18,
      "dim_x1": 28,
      "dim_b1": 18,
      "dim_x2": 28
    },
    {
      "step": 3,
      "train_loss": 7867.539504514501,
      "train_quality": 0.24071795527391315,
      "val_loss": 8153.579836171288,
      "val_quality": 0.20582124437867133,
      "test_quality": 0.21136474367097635,
      "patience_counter": 2,
      "elbo_raw": -104838.02011010025,
      "elbo_relative": 433330475.7734584,
      "e_log_p_nodes": -15687.514588849652,
      "e_log_p_bonds": -509.61221570343224,
      "e_log_p_tau": -0.00012679412022490962,
      "h_nodes": -9635.24742258404,
      "h_bonds": 258.4299787944893,
      "h_tau": -11.959808650928608,
      "tau_mean": 0.00012679412022490962,
      "bond_mean_avg": 5.0,
      "n_parameters": 10080,
      "dim_x0": 28,
      "dim_b0": 18,
      "dim_x1": 28,
      "dim_b1": 18,
      "dim_x2": 28
    },
    {
      "step": 4,
      "train_loss": 7891.507545857449,
      "train_quality": 0.23840484284168317,
      "val_loss": 8134.861608156548,
      "val_quality": 0.20764444588412967,
      "test_quality": 0.209379970538344,
      "patience_counter": 3,
      "elbo_raw": -104652.04912321367,
      "elbo_relative": 433330661.74444526,
      "e_log_p_nodes": -15552.312254309789,
      "e_log_p_bonds": -509.61221570343224,
      "e_log_p_tau": -0.00012633039577871654,
      "h_nodes": -9559.889168730579,
      "h_bonds": 258.4299787944893,
      "h_tau": -11.963472657655075,
      "tau_mean": 0.00012633039577871654,
      "bond_mean_avg": 5.0,
      "n_parameters": 10080,
      "dim_x0": 28,
      "dim_b0": 18,
      "dim_x1": 28,
      "dim_b1": 18,
      "dim_x2": 28
    },
    {
      "step": 5,
      "train_loss": 7898.553077821307,
      "train_quality": 0.23772489126182372,
      "val_loss": 8127.030022331489,
      "val_quality": 0.2084072616301036,
      "test_quality": 0.20785281781254528,
      "patience_counter": 4,
      "elbo_raw": -104598.42382587779,
      "elbo_relative": 433330715.36974263,
      "e_log_p_nodes": -15513.860772970289,
      "e_log_p_bonds": -509.61221570343224,
      "e_log_p_tau": -0.00012619863672140891,
      "h_nodes": -9537.714309217994,
      "h_bonds": 258.4299787944893,
      "h_tau": -11.964516173866286,
      "tau_mean": 0.00012619863672140891,
      "bond_mean_avg": 5.0,
      "n_parameters": 10080,
      "dim_x0": 28,
      "dim_b0": 18,
      "dim_x1": 28,
      "dim_b1": 18,
      "dim_x2": 28
    },
    {
      "step": 6,
      "train_loss": 7906.193075084811,
      "train_quality": 0.23698756890829664,
      "val_loss": 8128.999724425966,
      "val_quality": 0.20821540779537484,
      "test_quality": 0.20653358002774558,
      "patience_counter": 5,
      "elbo_raw": -99294.5906998844,
      "elbo_relative": 433336019.2028686,
      "e_log_p_nodes": -9819.580982586882,
      "e_log_p_bonds": -784.2801033647704,
      "e_log_p_tau": -0.00012606839017724537,
      "h_nodes": -9526.433747044859,
      "h_bonds": 138.3091725013183,
      "h_tau": -11.96554878250754,
      "tau_mean": 0.00012606839017724537,
      "bond_mean_avg": 5.150818723876865,
      "n_parameters": 10080,
      "dim_x0": 28,
      "dim_b0": 18,
      "dim_x1": 28,
      "dim_b1": 18,
      "dim_x2": 28
    },
    {
      "step": 7,
      "train_loss": 7973.5275050193895,
      "train_quality": 0.23048924454502473,
      "val_loss": 8348.288504551896,
      "val_quality": 0.18685614057516098,
      "test_quality": 0.1910510043994993,
      "patience_counter": 6,
      "elbo_raw": -86902.4537463616,
      "elbo_relative": 433348411.3398221,
      "e_log_p_nodes": -9811.253942469468,
      "e_log_p_bonds": -1192.2077095688562,
      "e_log_p_tau": -0.00012329303737160447,
      "h_nodes": 3430.774639974725,
      "h_bonds": 122.22775319053795,
      "h_tau": -11.987809381818806,
      "tau_mean": 0.00012329303737160447,
      "bond_mean_avg": 6.950956676656377,
      "n_parameters": 10080,
      "dim_x0": 28,
      "dim_b0": 18,
      "dim_x1": 28,
      "dim_b1": 18,
      "dim_x2": 28
    },
    {
      "step": 8,
      "train_loss": 8221.465489373542,
      "train_quality": 0.2065611969492469,
      "val_loss": 8855.86907886578,
      "val_quality": 0.1374165426334243,
      "test_quality": 0.16739780106569957,
      "patience_counter": 7,
      "elbo_raw": -77835.35558677537,
      "elbo_relative": 433357478.4379817,
      "e_log_p_nodes": -9778.340598692876,
      "e_log_p_bonds": -1635.754452007236,
      "e_log_p_tau": -0.00011885104248109632,
      "h_nodes": 13174.45810922188,
      "h_bonds": 102.51566016579369,
      "h_tau": -12.02450235622382,
      "tau_mean": 0.00011885104248109632,
      "bond_mean_avg": 8.826464571695734,
      "n_parameters": 10080,