{
  "experiment_name": "kfold_appliances",
  "run_name": "appliances-MPO2-L3-d18-seed42806-fold0",
  "config": {
    "params": {
      "model": "MPO2",
      "L": 3,
      "bond_dim": 18,
      "init_strength": 0.1,
      "bond_prior_alpha": 5.0,
      "added_bias": true,
      "n_epochs": 100,
      "batch_size": 256,
      "patience": 100,
      "min_delta": 0.0001,
      "warmup_epochs": 5,
      "trim_every": 3,
      "trimming_threshold": 0.3,
      "trim_method": "relevance",
      "soft_trim_relaxation": 2
    },
    "fold": 0,
    "seed": 42806
  },
  "hparams": {
    "seed": 42806,
    "fold": 0,
    "dataset": "appliances",
    "n_features": 28,
    "n_train": 13420,
    "n_val": 2368,
    "n_test": 3947,
    "L": 3,
    "bond_dim": 18,
    "model": "MPO2",
    "init_strength": 0.1,
    "bond_prior_alpha": 5.0,
    "added_bias": true,
    "n_epochs": 100,
    "batch_size": 256,
    "patience": 100,
    "min_delta": 0.0001,
    "warmup_epochs": 5,
    "trim_every": 3,
    "trimming_threshold": 0.3,
    "trim_method": "relevance",
    "soft_trim_relaxation": 2
  },
  "metrics_log": [
    {
      "step": 0,
      "train_loss": 97266.64052716494,
      "train_quality": -8.536555154249887,
      "val_loss": 100084.11787558725,
      "val_quality": -7.38648477767776,
      "patience_counter": 0,
      "elbo_raw": -656076534.8853104,
      "elbo_relative": 0.0,
      "e_log_p_nodes": -106033.53377876093,
      "e_log_p_bonds": -509.61221570343224,
      "e_log_p_tau": -1.0,
      "h_nodes": -6058.2757484830745,
      "h_bonds": 258.4299787944893,
      "h_tau": 1.0,
      "tau_mean": 1.0,
      "bond_mean_avg": 5.0,
      "n_parameters": 10080,
      "dim_x0": 28,
      "dim_b0": 18,
      "dim_x1": 28,
      "dim_b1": 18,
      "dim_x2": 28
    },
    {
      "step": 1,
      "train_loss": 3672.9504155421096,
      "train_quality": 0.6398837872182925,
      "val_loss": 7366.7374315854695,
      "val_quality": 0.3827089388154534,
      "test_quality": 0.405882861231061,
      "patience_counter": 0,
      "elbo_raw": -2306168.980736262,
      "elbo_relative": 653770365.9045742,
      "e_log_p_nodes": -2212354.1260288013,
      "e_log_p_bonds": -509.61221570343224,
      "e_log_p_tau": -0.00027230125037382526,
      "h_nodes": -19429.103140615745,
      "h_bonds": 258.4299787944893,
      "h_tau": -11.195464329823153,
      "tau_mean": 0.00027230125037382526,
      "bond_mean_avg": 5.0,
      "n_parameters": 10080,
      "dim_x0": 28,
      "dim_b0": 18,
      "dim_x1": 28,
      "dim_b1": 18,
      "dim_x2": 28
    },
    {
      "step": 2,
      "train_loss": 7395.189406588693,
      "train_quality": 0.27493505204015734,
      "val_loss": 9171.848999982321,
      "val_quality": 0.23145076707247347,
      "test_quality": 0.22886725394171337,
      "patience_counter": 1,
      "elbo_raw": -106883.30302621382,
      "elbo_relative": 655969651.5822842,
      "e_log_p_nodes": -17187.27406847668,
      "e_log_p_bonds": -509.61221570343224,
      "e_log_p_tau": -0.00013523321627166105,
      "h_nodes": -10613.198576466035,
      "h_bonds": 258.4299787944893,
      "h_tau": -11.89537250547437,
      "tau_mean": 0.00013523321627166105,
      "bond_mean_avg": 5.0,
      "n_parameters": 10080,
      "dim_x0": 28,
      "dim_b0": 18,
      "dim_x1": 28,
      "dim_b1": 18,
      "dim_x2": 28
    },
    {
      "step": 3,
      "train_loss": 7788.133951357406,
      "train_quality": 0.23640861272408087,
      "val_loss": 9584.621132129161,
      "val_quality": 0.1968627897152443,
      "test_quality": 0.2071282847099859,
      "patience_counter": 2,
      "elbo_raw": -104757.79212160419,
      "elbo_relative": 655971777.0931888,
      "e_log_p_nodes": -15679.352739804359,
      "e_log_p_bonds": -509.61221570343224,
      "e_log_p_tau": -0.00012809066660108127,
      "h_nodes": -9631.457081808796,
      "h_bonds": 258.4299787944893,
      "h_tau": -11.949634975397203,
      "tau_mean": 0.00012809066660108127,
      "bond_mean_avg": 5.0,
      "n_parameters": 10080,
      "dim_x0": 28,
      "dim_b0": 18,
      "dim_x1": 28,
      "dim_b1": 18,
      "dim_x2": 28
    },
    {
      "step": 4,
      "train_loss": 7793.854658620425,
      "train_quality": 0.2358477231936168,
      "val_loss": 9586.55213946161,
      "val_quality": 0.19670098218830678,
      "test_quality": 0.20913245161519523,
      "patience_counter": 3,
      "elbo_raw": -104568.68399638231,
      "elbo_relative": 655971966.201314,
      "e_log_p_nodes": -15553.382043464086,
      "e_log_p_bonds": -509.61221570343224,
      "e_log_p_tau": -0.00012791736014249887,
      "h_nodes": -9559.232361512715,
      "h_bonds": 258.4299787944893,
      "h_tau": -11.950988889861037,
      "tau_mean": 0.00012791736014249887,
      "bond_mean_avg": 5.0,
      "n_parameters": 10080,
      "dim_x0": 28,
      "dim_b0": 18,
      "dim_x1": 28,
      "dim_b1": 18,
      "dim_x2": 28
    },
    {
      "step": 5,
      "train_loss": 7784.131783975378,
      "train_quality": 0.23680100717472063,
      "val_loss": 9570.150604327246,
      "val_quality": 0.1980753383564441,
      "test_quality": 0.21074709850995543,
      "patience_counter": 4,
      "elbo_raw": -104512.93136792834,
      "elbo_relative": 655972021.9539425,
      "e_log_p_nodes": -15525.214991711004,
      "e_log_p_bonds": -509.61221570343224,
      "e_log_p_tau": -0.00012805848959314937,
      "h_nodes": -9539.046324989808,
      "h_bonds": 258.4299787944893,
      "h_tau": -11.94988621189259,
      "tau_mean": 0.00012805848959314937,
      "bond_mean_avg": 5.0,
      "n_parameters": 10080,
      "dim_x0": 28,
      "dim_b0": 18,
      "dim_x1": 28,
      "dim_b1": 18,
      "dim_x2": 28
    },
    {
      "step": 6,
      "train_loss": 7780.7853164319195,
      "train_quality": 0.23712911321526176,
      "val_loss": 9566.759182819538,
      "val_quality": 0.19835952035707316,
      "test_quality": 0.21141748520236237,
      "patience_counter": 5,
      "elbo_raw": -99183.67584786763,
      "elbo_relative": 655977351.2094625,
      "e_log_p_nodes": -9799.695553626687,
      "e_log_p_bonds": -796.0726393150848,
      "e_log_p_tau": -0.00012810613592395388,
      "h_nodes": -9529.939916162746,
      "h_bonds": 137.02751605775697,
      "h_tau": -11.949514214153169,
      "tau_mean": 0.00012810613592395388,
      "bond_mean_avg": 5.142924608665731,
      "n_parameters": 10080,
      "dim_x0": 28,
      "dim_b0": 18,
      "dim_x1": 28,
      "dim_b1": 18,
      "dim_x2": 28
    },
    {
      "step": 7,
      "train_loss": 7568.0318605678185,
      "train_quality": 0.2579886294390038,
      "val_loss": 9385.966169528636,
      "val_quality": 0.21350895551280324,
      "test_quality": 0.19875787464621364,
      "patience_counter": 6,
      "elbo_raw": -86423.28892505173,
      "elbo_relative": 655990111.5963854,
      "e_log_p_nodes": -9810.87886082943,
      "e_log_p_bonds": -1201.848269957629,
      "e_log_p_tau": -0.00012979525304819735,
      "h_nodes": 3575.93710480564,
      "h_bonds": 120.58481912545336,
      "h_tau": -11.93641508906876,
      "tau_mean": 0.00012979525304819735,
      "bond_mean_avg": 6.907937403293708,
      "n_parameters": 10080,
      "dim_x0": 28,
      "dim_b0": 18,
      "dim_x1": 28,
      "dim_b1": 18,
      "dim_x2": 28
    },
    {
      "step": 8,
      "train_loss": 7989.5355925515705,
      "train_quality": 0.21666209069972675,
      "val_loss": 9970.288219455046,
      "val_quality": 0.16454606228871627,
      "test_quality": 0.14164161673871378,
      "patience_counter": 7,
      "elbo_raw": -77526.09944913292,
      "elbo_relative": 655999008.7858613,
      "e_log_p_nodes": -9780.430493797363,
      "e_log_p_bonds": -1639.6249538434788,
      "e_log_p_tau": -0.00012233752704245686,
      "h_nodes": 13297.296857831932,
      "h_bonds": 100.86843951429859,
      "h_tau": -11.995589481593925,
      "tau_mean": 0.00012233752704245686,
      "bond_mean_avg": 8.742055036712399,
      "n_parameters": 10080,