{
  "experiment_name": "kfold_appliances",
  "run_name": "appliances-MPO2-L3-d18-seed9536-fold4",
  "config": {
    "params": {
      "model": "MPO2",
      "L": 3,
      "bond_dim": 18,
      "init_strength": 0.1,
      "bond_prior_alpha": 5.0,
      "added_bias": true,
      "n_epochs": 100,
      "batch_size": 256,
      "patience": 100,
      "min_delta": 0.0001,
      "warmup_epochs": 5,
      "trim_every": 3,
      "trimming_threshold": 0.3,
      "trim_method": "relevance",
      "soft_trim_relaxation": 2
    },
    "fold": 4,
    "seed": 9536
  },
  "hparams": {
    "seed": 9536,
    "fold": 4,
    "dataset": "appliances",
    "n_features": 28,
    "n_train": 13420,
    "n_val": 2368,
    "n_test": 3947,
    "L": 3,
    "bond_dim": 18,
    "model": "MPO2",
    "init_strength": 0.1,
    "bond_prior_alpha": 5.0,
    "added_bias": true,
    "n_epochs": 100,
    "batch_size": 256,
    "patience": 100,
    "min_delta": 0.0001,
    "warmup_epochs": 5,
    "trim_every": 3,
    "trimming_threshold": 0.3,
    "trim_method": "relevance",
    "soft_trim_relaxation": 2
  },
  "metrics_log": [
    {
      "step": 0,
      "train_loss": 129711.62724783088,
      "train_quality": -11.31670830304042,
      "val_loss": 123682.92033901431,
      "val_quality": -10.446028527773887,
      "patience_counter": 0,
      "elbo_raw": -873785205.1776214,
      "elbo_relative": 0.0,
      "e_log_p_nodes": -105688.6372182204,
      "e_log_p_bonds": -509.61221570343224,
      "e_log_p_tau": -1.0,
      "h_nodes": -6058.2757484830745,
      "h_bonds": 258.4299787944893,
      "h_tau": 1.0,
      "tau_mean": 1.0,
      "bond_mean_avg": 5.0,
      "n_parameters": 10080,
      "dim_x0": 28,
      "dim_b0": 18,
      "dim_x1": 28,
      "dim_b1": 18,
      "dim_x2": 28
    },
    {
      "step": 1,
      "train_loss": 3728.6339436237536,
      "train_quality": 0.645949267410821,
      "val_loss": 6207.812262038043,
      "val_quality": 0.42550842063244365,
      "test_quality": 0.3374940666046752,
      "patience_counter": 0,
      "elbo_raw": -2373544.3536404544,
      "elbo_relative": 871411660.8239809,
      "e_log_p_nodes": -2279420.5802709963,
      "e_log_p_bonds": -509.61221570343224,
      "e_log_p_tau": -0.0002682346957200992,
      "h_nodes": -19637.041912198412,
      "h_bonds": 258.4299787944893,
      "h_tau": -11.210510993805656,
      "tau_mean": 0.0002682346957200992,
      "bond_mean_avg": 5.0,
      "n_parameters": 10080,
      "dim_x0": 28,
      "dim_b0": 18,
      "dim_x1": 28,
      "dim_b1": 18,
      "dim_x2": 28
    },
    {
      "step": 2,
      "train_loss": 7710.601411727868,
      "train_quality": 0.2678433657469057,
      "val_loss": 8153.117670372332,
      "val_quality": 0.2454833926172898,
      "test_quality": 0.22465578087664495,
      "patience_counter": 1,
      "elbo_raw": -107334.73041356626,
      "elbo_relative": 873677870.4472078,
      "e_log_p_nodes": -17380.146648615682,
      "e_log_p_bonds": -509.61221570343224,
      "e_log_p_tau": -0.00012970171509353622,
      "h_nodes": -10591.481151428312,
      "h_bonds": 258.4299787944893,
      "h_tau": -11.93713600661431,
      "tau_mean": 0.00012970171509353622,
      "bond_mean_avg": 5.0,
      "n_parameters": 10080,
      "dim_x0": 28,
      "dim_b0": 18,
      "dim_x1": 28,
      "dim_b1": 18,
      "dim_x2": 28
    },
    {
      "step": 3,
      "train_loss": 8128.525912172282,
      "train_quality": 0.22815953574735715,
      "val_loss": 8413.834974923182,
      "val_quality": 0.22135574671926495,
      "test_quality": 0.20400466592498212,
      "patience_counter": 2,
      "elbo_raw": -105042.77673373125,
      "elbo_relative": 873680162.4008876,
      "e_log_p_nodes": -15680.38013462013,
      "e_log_p_bonds": -509.61221570343224,
      "e_log_p_tau": -0.0001227292305338481,
      "h_nodes": -9628.457478825097,
      "h_bonds": 258.4299787944893,
      "h_tau": -11.992392770385777,
      "tau_mean": 0.0001227292305338481,
      "bond_mean_avg": 5.0,
      "n_parameters": 10080,
      "dim_x0": 28,
      "dim_b0": 18,
      "dim_x1": 28,
      "dim_b1": 18,
      "dim_x2": 28
    },
    {
      "step": 4,
      "train_loss": 8129.38192913594,
      "train_quality": 0.2280782530476676,
      "val_loss": 8394.07597812661,
      "val_quality": 0.2231843099549473,
      "test_quality": 0.20708410728386017,
      "patience_counter": 3,
      "elbo_raw": -104822.31083755115,
      "elbo_relative": 873680382.8667839,
      "e_log_p_nodes": -15534.809305686173,
      "e_log_p_bonds": -509.61221570343224,
      "e_log_p_tau": -0.00012263738722791755,
      "h_nodes": -9548.54603795786,
      "h_bonds": 258.4299787944893,
      "h_tau": -11.993141391460085,
      "tau_mean": 0.00012263738722791755,
      "bond_mean_avg": 5.0,
      "n_parameters": 10080,
      "dim_x0": 28,
      "dim_b0": 18,
      "dim_x1": 28,
      "dim_b1": 18,
      "dim_x2": 28
    },
    {
      "step": 5,
      "train_loss": 8121.270035390213,
      "train_quality": 0.22884851421215424,
      "val_loss": 8380.609475318353,
      "val_quality": 0.2244305448828594,
      "test_quality": 0.20889218277116173,
      "patience_counter": 4,
      "elbo_raw": -104758.48711186514,
      "elbo_relative": 873680446.6905096,
      "e_log_p_nodes": -15496.254420941877,
      "e_log_p_bonds": -509.61221570343224,
      "e_log_p_tau": -0.00012273975294932186,
      "h_nodes": -9528.87178137039,
      "h_bonds": 258.4299787944893,
      "h_tau": -11.992307037231512,
      "tau_mean": 0.00012273975294932186,
      "bond_mean_avg": 5.0,
      "n_parameters": 10080,
      "dim_x0": 28,
      "dim_b0": 18,
      "dim_x1": 28,
      "dim_b1": 18,
      "dim_x2": 28
    },
    {
      "step": 6,
      "train_loss": 8121.407740346236,
      "train_quality": 0.22883543850096932,
      "val_loss": 8379.308353748562,
      "val_quality": 0.22455095499740985,
      "test_quality": 0.20936398837381132,
      "patience_counter": 5,
      "elbo_raw": -99453.96782472936,
      "elbo_relative": 873685751.2097967,
      "e_log_p_nodes": -9792.918908011756,
      "e_log_p_bonds": -796.3793359240055,
      "e_log_p_tau": -0.00012272913380932953,
      "h_nodes": -9519.675969521752,
      "h_bonds": 137.76327289334705,
      "h_tau": -11.992393558502954,
      "tau_mean": 0.00012272913380932953,
      "bond_mean_avg": 5.189748075556773,
      "n_parameters": 10080,
      "dim_x0": 28,
      "dim_b0": 18,
      "dim_x1": 28,
      "dim_b1": 18,
      "dim_x2": 28
    },
    {
      "step": 7,
      "train_loss": 8013.762212320565,
      "train_quality": 0.23905687043386592,
      "val_loss": 8291.766633707552,
      "val_quality": 0.2326523567286537,
      "test_quality": 0.21137354247925866,
      "patience_counter": 6,
      "elbo_raw": -86737.26571658158,
      "elbo_relative": 873698467.9119048,
      "e_log_p_nodes": -9808.958448175714,
      "e_log_p_bonds": -1203.1839547447985,
      "e_log_p_tau": -0.0001225582103649866,
      "h_nodes": 3645.907085047972,
      "h_bonds": 121.08334786527585,
      "h_tau": -11.993787217616045,
      "tau_mean": 0.0001225582103649866,
      "bond_mean_avg": 6.946574179097864,
      "n_parameters": 10080,
      "dim_x0": 28,
      "dim_b0": 18,
      "dim_x1": 28,
      "dim_b1": 18,
      "dim_x2": 28
    },
    {
      "step": 8,
      "train_loss": 8055.114213331674,
      "train_quality": 0.23513031007064,
      "val_loss": 8408.240235899495,
      "val_quality": 0.22187350246351034,
      "test_quality": 0.18487667179822842,
      "patience_counter": 7,
      "elbo_raw": -77485.98552605744,
      "elbo_relative": 873707719.1920953,
      "e_log_p_nodes": -9782.494263349416,
      "e_log_p_bonds": -1642.548256342443,
      "e_log_p_tau": -0.00012115619276761507,
      "h_nodes": 13407.216391468295,
      "h_bonds": 101.16507303174116,
      "h_tau": -12.005292758905853,
      "tau_mean": 0.00012115619276761507,
      "bond_mean_avg": 8.780173587427736,
      "n_parameters": 10080,
      "dim_x0": 28,