{
  "experiment_name": "kfold_appliances",
  "run_name": "appliances-MPO2-L3-d18-seed42-fold1",
  "config": {
    "params": {
      "model": "MPO2",
      "L": 3,
      "bond_dim": 18,
      "init_strength": 0.1,
      "bond_prior_alpha": 5.0,
      "added_bias": true,
      "n_epochs": 100,
      "batch_size": 256,
      "patience": 100,
      "min_delta": 0.0001,
      "warmup_epochs": 5,
      "trim_every": 3,
      "trimming_threshold": 0.3,
      "trim_method": "relevance",
      "soft_trim_relaxation": 2
    },
    "fold": 1,
    "seed": 42
  },
  "hparams": {
    "seed": 42,
    "fold": 1,
    "dataset": "appliances",
    "n_features": 28,
    "n_train": 13420,
    "n_val": 2368,
    "n_test": 3947,
    "L": 3,
    "bond_dim": 18,
    "model": "MPO2",
    "init_strength": 0.1,
    "bond_prior_alpha": 5.0,
    "added_bias": true,
    "n_epochs": 100,
    "batch_size": 256,
    "patience": 100,
    "min_delta": 0.0001,
    "warmup_epochs": 5,
    "trim_every": 3,
    "trimming_threshold": 0.3,
    "trim_method": "relevance",
    "soft_trim_relaxation": 2
  },
  "metrics_log": [
    {
      "step": 0,
      "train_loss": 66229.84369883488,
      "train_quality": -5.43740347322917,
      "val_loss": 67174.42955875318,
      "val_quality": -5.720526134156584,
      "patience_counter": 0,
      "elbo_raw": -447820458.3787274,
      "elbo_relative": 0.0,
      "e_log_p_nodes": -106009.08764639017,
      "e_log_p_bonds": -509.61221570343224,
      "e_log_p_tau": -1.0,
      "h_nodes": -6058.2757484830745,
      "h_bonds": 258.4299787944893,
      "h_tau": 1.0,
      "tau_mean": 1.0,
      "bond_mean_avg": 5.0,
      "n_parameters": 10080,
      "dim_x0": 28,
      "dim_b0": 18,
      "dim_x1": 28,
      "dim_b1": 18,
      "dim_x2": 28
    },
    {
      "step": 1,
      "train_loss": 3550.0373658053636,
      "train_quality": 0.6549437294062221,
      "val_loss": 6677.786833426524,
      "val_quality": 0.33191481896965624,
      "test_quality": 0.3741345337343599,
      "patience_counter": 0,
      "elbo_raw": -2310744.5533773364,
      "elbo_relative": 445509713.82535005,
      "e_log_p_nodes": -2216914.429383865,
      "e_log_p_bonds": -509.61221570343224,
      "e_log_p_tau": -0.00028172914430193454,
      "h_nodes": -19672.804901262607,
      "h_bonds": 258.4299787944893,
      "h_tau": -11.161427193212148,
      "tau_mean": 0.00028172914430193454,
      "bond_mean_avg": 5.0,
      "n_parameters": 10080,
      "dim_x0": 28,
      "dim_b0": 18,
      "dim_x1": 28,
      "dim_b1": 18,
      "dim_x2": 28
    },
    {
      "step": 2,
      "train_loss": 7321.9317707722985,
      "train_quality": 0.2883234146490099,
      "val_loss": 7863.07883289014,
      "val_quality": 0.21333121637970376,
      "test_quality": 0.18840905567939104,
      "patience_counter": 1,
      "elbo_raw": -107175.07995776345,
      "elbo_relative": 447713283.2987696,
      "e_log_p_nodes": -17509.240552155625,
      "e_log_p_bonds": -509.61221570343224,
      "e_log_p_tau": -0.00013658727015436044,
      "h_nodes": -10649.86664352291,
      "h_bonds": 258.4299787944893,
      "h_tau": -11.885409569265903,
      "tau_mean": 0.00013658727015436044,
      "bond_mean_avg": 5.0,
      "n_parameters": 10080,
      "dim_x0": 28,
      "dim_b0": 18,
      "dim_x1": 28,
      "dim_b1": 18,
      "dim_x2": 28
    },
    {
      "step": 3,
      "train_loss": 7726.929601853354,
      "train_quality": 0.2489584652720066,
      "val_loss": 8152.254657908496,
      "val_quality": 0.18440036125867332,
      "test_quality": 0.15419933986929246,
      "patience_counter": 2,
      "elbo_raw": -104780.41817482012,
      "elbo_relative": 447715677.9605526,
      "e_log_p_nodes": -15724.76280827346,
      "e_log_p_bonds": -509.61221570343224,
      "e_log_p_tau": -0.00012910779115113074,
      "h_nodes": -9661.743475855412,
      "h_bonds": 258.4299787944893,
      "h_tau": -11.941725675620546,
      "tau_mean": 0.00012910779115113074,
      "bond_mean_avg": 5.0,
      "n_parameters": 10080,
      "dim_x0": 28,
      "dim_b0": 18,
      "dim_x1": 28,
      "dim_b1": 18,
      "dim_x2": 28
    },
    {
      "step": 4,
      "train_loss": 7727.473217288677,
      "train_quality": 0.24890562697893504,
      "val_loss": 8116.695346635611,
      "val_quality": 0.1879579244905727,
      "test_quality": 0.15798004001117905,
      "patience_counter": 3,
      "elbo_raw": -104540.39252486743,
      "elbo_relative": 447715917.98620254,
      "e_log_p_nodes": -15564.267692683687,
      "e_log_p_bonds": -509.61221570343224,
      "e_log_p_tau": -0.0001290141669220195,
      "h_nodes": -9577.348934816157,
      "h_bonds": 258.4299787944893,
      "h_tau": -11.942451101960614,
      "tau_mean": 0.0001290141669220195,
      "bond_mean_avg": 5.0,
      "n_parameters": 10080,
      "dim_x0": 28,
      "dim_b0": 18,
      "dim_x1": 28,
      "dim_b1": 18,
      "dim_x2": 28
    },
    {
      "step": 5,
      "train_loss": 7720.66431510276,
      "train_quality": 0.24956743815245697,
      "val_loss": 8090.267365643667,
      "val_quality": 0.19060193558372251,
      "test_quality": 0.16079723739318807,
      "patience_counter": 4,
      "elbo_raw": -104465.07058811994,
      "elbo_relative": 447715993.30813926,
      "e_log_p_nodes": -15520.46949083649,
      "e_log_p_bonds": -509.61221570343224,
      "e_log_p_tau": -0.0001291058440799848,
      "h_nodes": -9550.599347761095,
      "h_bonds": 258.4299787944893,
      "h_tau": -11.941740756708896,
      "tau_mean": 0.0001291058440799848,
      "bond_mean_avg": 5.0,
      "n_parameters": 10080,
      "dim_x0": 28,
      "dim_b0": 18,
      "dim_x1": 28,
      "dim_b1": 18,
      "dim_x2": 28
    },
    {
      "step": 6,
      "train_loss": 7722.045187989736,
      "train_quality": 0.24943322017122282,
      "val_loss": 8080.461677359844,
      "val_quality": 0.19158295447450724,
      "test_quality": 0.16193873486954813,
      "patience_counter": 5,
      "elbo_raw": -99145.08975670813,
      "elbo_relative": 447721313.28897065,
      "e_log_p_nodes": -9808.882823355163,
      "e_log_p_bonds": -791.7169604287133,
      "e_log_p_tau": -0.00012907306805141937,
      "h_nodes": -9537.538596543864,
      "h_bonds": 137.58323388468,
      "h_tau": -11.941994658380281,
      "tau_mean": 0.00012907306805141937,
      "bond_mean_avg": 5.1546119088036155,
      "n_parameters": 10080,
      "dim_x0": 28,
      "dim_b0": 18,
      "dim_x1": 28,
      "dim_b1": 18,
      "dim_x2": 28
    },
    {
      "step": 7,
      "train_loss": 7703.63735959146,
      "train_quality": 0.25122242292103625,
      "val_loss": 8301.348399570576,
      "val_quality": 0.169484143973898,
      "test_quality": 0.1595650186475277,
      "patience_counter": 6,
      "elbo_raw": -86667.91525204328,
      "elbo_relative": 447733790.46347535,
      "e_log_p_nodes": -9808.623321020166,
      "e_log_p_bonds": -1195.027687465858,
      "e_log_p_tau": -0.00012756933618872233,
      "h_nodes": 3436.676001766367,
      "h_bonds": 122.23889607442955,
      "h_tau": -11.953713291361055,
      "tau_mean": 0.00012756933618872233,
      "bond_mean_avg": 6.970177899470909,
      "n_parameters": 10080,
      "dim_x0": 28,
      "dim_b0": 18,
      "dim_x1": 28,
      "dim_b1": 18,
      "dim_x2": 28
    },
    {
      "step": 8,
      "train_loss": 7996.075899516154,
      "train_quality": 0.22279800324132615,
      "val_loss": 8686.861704250636,
      "val_quality": 0.13091511918000132,
      "test_quality": 0.11124002434621938,
      "patience_counter": 7,
      "elbo_raw": -77603.6608723075,
      "elbo_relative": 447742854.7178551,
      "e_log_p_nodes": -9778.479908421217,
      "e_log_p_bonds": -1640.5384247177872,
      "e_log_p_tau": -0.00012219477515096954,
      "h_nodes": 13224.914603004192,
      "h_bonds": 102.48535546613316,
      "h_tau": -11.996757032109599,
      "tau_mean": 0.00012219477515096954,
      "bond_mean_avg": 8.85676924968314,
      "n_parameters": 10080,
      "dim_x0": 28,