{
  "experiment_name": "kfold_appliances",
  "run_name": "appliances-MPO2-L3-d18-seed47659-fold3",
  "config": {
    "params": {
      "model": "MPO2",
      "L": 3,
      "bond_dim": 18,
      "init_strength": 0.1,
      "bond_prior_alpha": 5.0,
      "added_bias": true,
      "n_epochs": 100,
      "batch_size": 256,
      "patience": 100,
      "min_delta": 0.0001,
      "warmup_epochs": 5,
      "trim_every": 3,
      "trimming_threshold": 0.3,
      "trim_method": "relevance",
      "soft_trim_relaxation": 2
    },
    "fold": 3,
    "seed": 47659
  },
  "hparams": {
    "seed": 47659,
    "fold": 3,
    "dataset": "appliances",
    "n_features": 28,
    "n_train": 13420,
    "n_val": 2368,
    "n_test": 3947,
    "L": 3,
    "bond_dim": 18,
    "model": "MPO2",
    "init_strength": 0.1,
    "bond_prior_alpha": 5.0,
    "added_bias": true,
    "n_epochs": 100,
    "batch_size": 256,
    "patience": 100,
    "min_delta": 0.0001,
    "warmup_epochs": 5,
    "trim_every": 3,
    "trimming_threshold": 0.3,
    "trim_method": "relevance",
    "soft_trim_relaxation": 2
  },
  "metrics_log": [
    {
      "step": 0,
      "train_loss": 65229.20673531464,
      "train_quality": -5.222822242405022,
      "val_loss": 65927.42869962429,
      "val_quality": -5.2261966897763985,
      "patience_counter": 0,
      "elbo_raw": -441112926.21459794,
      "elbo_relative": 0.0,
      "e_log_p_nodes": -105730.28664019771,
      "e_log_p_bonds": -509.61221570343224,
      "e_log_p_tau": -1.0,
      "h_nodes": -6058.2757484830745,
      "h_bonds": 258.4299787944893,
      "h_tau": 1.0,
      "tau_mean": 1.0,
      "bond_mean_avg": 5.0,
      "n_parameters": 10080,
      "dim_x0": 28,
      "dim_b0": 18,
      "dim_x1": 28,
      "dim_b1": 18,
      "dim_x2": 28
    },
    {
      "step": 1,
      "train_loss": 3616.041354453934,
      "train_quality": 0.655032098408612,
      "val_loss": 7016.548241730942,
      "val_quality": 0.337356085350094,
      "test_quality": 0.32053393373518035,
      "patience_counter": 0,
      "elbo_raw": -2206557.0788939423,
      "elbo_relative": 438906369.135704,
      "e_log_p_nodes": -2112573.165917527,
      "e_log_p_bonds": -509.61221570343224,
      "e_log_p_tau": -0.0002765867123844405,
      "h_nodes": -19702.958274957728,
      "h_bonds": 258.4299787944893,
      "h_tau": -11.179848942418175,
      "tau_mean": 0.0002765867123844405,
      "bond_mean_avg": 5.0,
      "n_parameters": 10080,
      "dim_x0": 28,
      "dim_b0": 18,
      "dim_x1": 28,
      "dim_b1": 18,
      "dim_x2": 28
    },
    {
      "step": 2,
      "train_loss": 7556.842106672745,
      "train_quality": 0.2790823697341235,
      "val_loss": 8109.991627858831,
      "val_quality": 0.23409112074506377,
      "test_quality": 0.23945029067926937,
      "patience_counter": 1,
      "elbo_raw": -107257.40189472119,
      "elbo_relative": 441005668.8127032,
      "e_log_p_nodes": -17417.46069225345,
      "e_log_p_bonds": -509.61221570343224,
      "e_log_p_tau": -0.00013234003825226125,
      "h_nodes": -10611.972007538323,
      "h_bonds": 258.4299787944893,
      "h_tau": -11.916998663764389,
      "tau_mean": 0.00013234003825226125,
      "bond_mean_avg": 5.0,
      "n_parameters": 10080,
      "dim_x0": 28,
      "dim_b0": 18,
      "dim_x1": 28,
      "dim_b1": 18,
      "dim_x2": 28
    },
    {
      "step": 3,
      "train_loss": 8010.204868864394,
      "train_quality": 0.2358318685914047,
      "val_loss": 8437.300857762839,
      "val_quality": 0.20317998582053098,
      "test_quality": 0.2185321083125661,
      "patience_counter": 2,
      "elbo_raw": -104953.12715471562,
      "elbo_relative": 441007973.08744323,
      "e_log_p_nodes": -15689.254416744949,
      "e_log_p_bonds": -509.61221570343224,
      "e_log_p_tau": -0.00012453882281782548,
      "h_nodes": -9628.163098380777,
      "h_bonds": 258.4299787944893,
      "h_tau": -11.977755824234919,
      "tau_mean": 0.00012453882281782548,
      "bond_mean_avg": 5.0,
      "n_parameters": 10080,
      "dim_x0": 28,
      "dim_b0": 18,
      "dim_x1": 28,
      "dim_b1": 18,
      "dim_x2": 28
    },
    {
      "step": 4,
      "train_loss": 8038.478524375136,
      "train_quality": 0.23313458096225603,
      "val_loss": 8442.551010530788,
      "val_quality": 0.2026841605710199,
      "test_quality": 0.21845972602773311,
      "patience_counter": 3,
      "elbo_raw": -104772.27538639502,
      "elbo_relative": 441008153.93921155,
      "e_log_p_nodes": -15549.479519969067,
      "e_log_p_bonds": -509.61221570343224,
      "e_log_p_tau": -0.0001240255578829366,
      "h_nodes": -9559.375065745211,
      "h_bonds": 258.4299787944893,
      "h_tau": -11.981885665067239,
      "tau_mean": 0.0001240255578829366,
      "bond_mean_avg": 5.0,
      "n_parameters": 10080,
      "dim_x0": 28,
      "dim_b0": 18,
      "dim_x1": 28,
      "dim_b1": 18,
      "dim_x2": 28
    },
    {
      "step": 5,
      "train_loss": 8041.259261685059,
      "train_quality": 0.2328693005020368,
      "val_loss": 8439.72058925773,
      "val_quality": 0.20295146599925484,
      "test_quality": 0.21911600693005218,
      "patience_counter": 4,
      "elbo_raw": -104715.5591823905,
      "elbo_relative": 441008210.65541553,
      "e_log_p_nodes": -15509.30483164502,
      "e_log_p_bonds": -509.61221570343224,
      "e_log_p_tau": -0.0001239639242008658,
      "h_nodes": -9539.493209247858,
      "h_bonds": 258.4299787944893,
      "h_tau": -11.98238273197785,
      "tau_mean": 0.0001239639242008658,
      "bond_mean_avg": 5.0,
      "n_parameters": 10080,
      "dim_x0": 28,
      "dim_b0": 18,
      "dim_x1": 28,
      "dim_b1": 18,
      "dim_x2": 28
    },
    {
      "step": 6,
      "train_loss": 8045.137320117524,
      "train_quality": 0.23249933634826736,
      "val_loss": 8438.79635182221,
      "val_quality": 0.203038751127389,
      "test_quality": 0.2193384417287374,
      "patience_counter": 5,
      "elbo_raw": -99415.48490204121,
      "elbo_relative": 441013510.7296959,
      "e_log_p_nodes": -9821.83946353601,
      "e_log_p_bonds": -783.7154130341307,
      "e_log_p_tau": -0.00012389554178241058,
      "h_nodes": -9528.783069584904,
      "h_bonds": 138.1317192363419,
      "h_tau": -11.982934515792294,
      "tau_mean": 0.00012389554178241058,
      "bond_mean_avg": 5.134432562828403,
      "n_parameters": 10080,
      "dim_x0": 28,
      "dim_b0": 18,
      "dim_x1": 28,
      "dim_b1": 18,
      "dim_x2": 28
    },
    {
      "step": 7,
      "train_loss": 8076.610722313371,
      "train_quality": 0.2294967950476624,
      "val_loss": 8293.751888103374,
      "val_quality": 0.2167367729930857,
      "test_quality": 0.20735225971266624,
      "patience_counter": 6,
      "elbo_raw": -86975.44351884496,
      "elbo_relative": 441025950.7710791,
      "e_log_p_nodes": -9811.873303308572,
      "e_log_p_bonds": -1192.4803112985626,
      "e_log_p_tau": -0.0001216920415661351,
      "h_nodes": 3445.803418184764,
      "h_bonds": 122.80954790154152,
      "h_tau": -12.000879717401403,
      "tau_mean": 0.0001216920415661351,
      "bond_mean_avg": 6.9897423472929265,
      "n_parameters": 10080,
      "dim_x0": 28,
      "dim_b0": 18,
      "dim_x1": 28,
      "dim_b1": 18,
      "dim_x2": 28
    },
    {
      "step": 8,
      "train_loss": 8209.003480598129,
      "train_quality": 0.21686661537476282,
      "val_loss": 8666.410863321536,
      "val_quality": 0.18154280101989972,
      "test_quality": 0.1641599431734193,
      "patience_counter": 7,
      "elbo_raw": -77783.43337277298,
      "elbo_relative": 441035142.78122514,
      "e_log_p_nodes": -9776.421839801897,
      "e_log_p_bonds": -1641.004491167749,
      "e_log_p_tau": -0.00011903841725113197,
      "h_nodes": 13218.473490952412,
      "h_bonds": 103.1936036472791,
      "h_tau": -12.022927046338737,
      "tau_mean": 0.00011903841725113197,
      "bond_mean_avg": 8.90793541668248,
      "n_parameters": 10080,
      "dim_x0": 28,