{
  "experiment_name": "kfold_appliances",
  "run_name": "appliances-MPO2-L3-d18-seed19540-fold1",
  "config": {
    "params": {
      "model": "MPO2",
      "L": 3,
      "bond_dim": 18,
      "init_strength": 0.1,
      "bond_prior_alpha": 5.0,
      "added_bias": true,
      "n_epochs": 100,
      "batch_size": 256,
      "patience": 100,
      "min_delta": 0.0001,
      "warmup_epochs": 5,
      "trim_every": 3,
      "trimming_threshold": 0.3,
      "trim_method": "relevance",
      "soft_trim_relaxation": 2
    },
    "fold": 1,
    "seed": 19540
  },
  "hparams": {
    "seed": 19540,
    "fold": 1,
    "dataset": "appliances",
    "n_features": 28,
    "n_train": 13420,
    "n_val": 2368,
    "n_test": 3947,
    "L": 3,
    "bond_dim": 18,
    "model": "MPO2",
    "init_strength": 0.1,
    "bond_prior_alpha": 5.0,
    "added_bias": true,
    "n_epochs": 100,
    "batch_size": 256,
    "patience": 100,
    "min_delta": 0.0001,
    "warmup_epochs": 5,
    "trim_every": 3,
    "trimming_threshold": 0.3,
    "trim_method": "relevance",
    "soft_trim_relaxation": 2
  },
  "metrics_log": [
    {
      "step": 0,
      "train_loss": 53356.934005435796,
      "train_quality": -4.04342034036005,
      "val_loss": 52013.41966469807,
      "val_quality": -4.272848773641729,
      "patience_counter": 0,
      "elbo_raw": -361438254.49763054,
      "elbo_relative": 0.0,
      "e_log_p_nodes": -105921.46341108611,
      "e_log_p_bonds": -509.61221570343224,
      "e_log_p_tau": -1.0,
      "h_nodes": -6058.2757484830745,
      "h_bonds": 258.4299787944893,
      "h_tau": 1.0,
      "tau_mean": 1.0,
      "bond_mean_avg": 5.0,
      "n_parameters": 10080,
      "dim_x0": 28,
      "dim_b0": 18,
      "dim_x1": 28,
      "dim_b1": 18,
      "dim_x2": 28
    },
    {
      "step": 1,
      "train_loss": 3716.4120251956674,
      "train_quality": 0.6487161725011972,
      "val_loss": 7054.183846077464,
      "val_quality": 0.28488369190849716,
      "test_quality": 0.3452620312305763,
      "patience_counter": 0,
      "elbo_raw": -2261234.0158401337,
      "elbo_relative": 359177020.4817904,
      "e_log_p_nodes": -2167171.6292276015,
      "e_log_p_bonds": -509.61221570343224,
      "e_log_p_tau": -0.00026911682138780826,
      "h_nodes": -19597.69750101084,
      "h_bonds": 258.4299787944893,
      "h_tau": -11.20722775581089,
      "tau_mean": 0.00026911682138780826,
      "bond_mean_avg": 5.0,
      "n_parameters": 10080,
      "dim_x0": 28,
      "dim_b0": 18,
      "dim_x1": 28,
      "dim_b1": 18,
      "dim_x2": 28
    },
    {
      "step": 2,
      "train_loss": 7599.233314501965,
      "train_quality": 0.281702957939892,
      "val_loss": 7420.853405508094,
      "val_quality": 0.24771264741192167,
      "test_quality": 0.2410544957714933,
      "patience_counter": 1,
      "elbo_raw": -107343.9588901617,
      "elbo_relative": 361330910.5387404,
      "e_log_p_nodes": -17422.337708995292,
      "e_log_p_bonds": -509.61221570343224,
      "e_log_p_tau": -0.00013160363812558402,
      "h_nodes": -10656.208906243202,
      "h_bonds": 258.4299787944893,
      "h_tau": -11.922578657548002,
      "tau_mean": 0.00013160363812558402,
      "bond_mean_avg": 5.0,
      "n_parameters": 10080,
      "dim_x0": 28,
      "dim_b0": 18,
      "dim_x1": 28,
      "dim_b1": 18,
      "dim_x2": 28
    },
    {
      "step": 3,
      "train_loss": 8093.850103861979,
      "train_quality": 0.2349506393773647,
      "val_loss": 7707.698040441623,
      "val_quality": 0.21863383676487813,
      "test_quality": 0.209229932811823,
      "patience_counter": 2,
      "elbo_raw": -105022.63363781599,
      "elbo_relative": 361333231.8639927,
      "e_log_p_nodes": -15690.938895387804,
      "e_log_p_bonds": -509.61221570343224,
      "e_log_p_tau": -0.00012325455051237307,
      "h_nodes": -9626.427862074386,
      "h_bonds": 258.4299787944893,
      "h_tau": -11.988121588154172,
      "tau_mean": 0.00012325455051237307,
      "bond_mean_avg": 5.0,
      "n_parameters": 10080,
      "dim_x0": 28,
      "dim_b0": 18,
      "dim_x1": 28,
      "dim_b1": 18,
      "dim_x2": 28
    },
    {
      "step": 4,
      "train_loss": 8107.911173269525,
      "train_quality": 0.23362155469926071,
      "val_loss": 7700.082307173734,
      "val_quality": 0.21940588001988492,
      "test_quality": 0.20936124700782843,
      "patience_counter": 3,
      "elbo_raw": -104826.1362503489,
      "elbo_relative": 361333428.36138016,
      "e_log_p_nodes": -15549.853170222046,
      "e_log_p_bonds": -509.61221570343224,
      "e_log_p_tau": -0.000122963617214096,
      "h_nodes": -9555.158367806422,
      "h_bonds": 258.4299787944893,
      "h_tau": -11.990484804780863,
      "tau_mean": 0.000122963617214096,
      "bond_mean_avg": 5.0,
      "n_parameters": 10080,
      "dim_x0": 28,
      "dim_b0": 18,
      "dim_x1": 28,
      "dim_b1": 18,
      "dim_x2": 28
    },
    {
      "step": 5,
      "train_loss": 8105.324458295452,
      "train_quality": 0.2338660569585851,
      "val_loss": 7689.293041113925,
      "val_quality": 0.2204996394511759,
      "test_quality": 0.2107412800446199,
      "patience_counter": 4,
      "elbo_raw": -104770.2300464176,
      "elbo_relative": 361333484.26758415,
      "e_log_p_nodes": -15514.046519017995,
      "e_log_p_bonds": -509.61221570343224,
      "e_log_p_tau": -0.00012298522263537098,
      "h_nodes": -9536.234772019538,
      "h_bonds": 258.4299787944893,
      "h_tau": -11.99030911441514,
      "tau_mean": 0.00012298522263537098,
      "bond_mean_avg": 5.0,
      "n_parameters": 10080,
      "dim_x0": 28,
      "dim_b0": 18,
      "dim_x1": 28,
      "dim_b1": 18,
      "dim_x2": 28
    },
    {
      "step": 6,
      "train_loss": 8109.023898923675,
      "train_quality": 0.23351637730663155,
      "val_loss": 7689.601216825665,
      "val_quality": 0.22046839820739328,
      "test_quality": 0.21126774312731056,
      "patience_counter": 5,
      "elbo_raw": -99466.0033761073,
      "elbo_relative": 361338788.4942544,
      "e_log_p_nodes": -9819.530933766047,
      "e_log_p_bonds": -785.8781513909228,
      "e_log_p_tau": -0.00012292166643759303,
      "h_nodes": -9526.456466608857,
      "h_bonds": 138.0940547923675,
      "h_tau": -11.990826027133153,
      "tau_mean": 0.00012292166643759303,
      "bond_mean_avg": 5.150305685043724,
      "n_parameters": 10080,
      "dim_x0": 28,
      "dim_b0": 18,
      "dim_x1": 28,
      "dim_b1": 18,
      "dim_x2": 28
    },
    {
      "step": 7,
      "train_loss": 8129.7044520178515,
      "train_quality": 0.2315616037787065,
      "val_loss": 7893.522554208254,
      "val_quality": 0.19979591828454468,
      "test_quality": 0.17710289231586307,
      "patience_counter": 6,
      "elbo_raw": -87082.454500035,
      "elbo_relative": 361351172.0431305,
      "e_log_p_nodes": -9807.713625882525,
      "e_log_p_bonds": -1193.2785211119508,
      "e_log_p_tau": -0.00012094479675493116,
      "h_nodes": 3376.883178275297,
      "h_bonds": 122.70334214595164,
      "h_tau": -12.007039105061267,
      "tau_mean": 0.00012094479675493116,
      "bond_mean_avg": 6.991337402723329,
      "n_parameters": 10080,
      "dim_x0": 28,
      "dim_b0": 18,
      "dim_x1": 28,
      "dim_b1": 18,
      "dim_x2": 28
    },
    {
      "step": 8,
      "train_loss": 8358.995012406996,
      "train_quality": 0.20988853170898525,
      "val_loss": 7977.494063679555,
      "val_quality": 0.19128332531159875,
      "test_quality": 0.1446996740942632,
      "patience_counter": 7,
      "elbo_raw": -77953.52041472495,
      "elbo_relative": 361360300.9772158,
      "e_log_p_nodes": -9776.86788814587,
      "e_log_p_bonds": -1638.0154835703731,
      "e_log_p_tau": -0.00011692745348079534,
      "h_nodes": 13166.39381003934,
      "h_bonds": 102.70805094329695,
      "h_tau": -12.040819634625223,
      "tau_mean": 0.00011692745348079534,
      "bond_mean_avg": 8.856533587743103,
      "n_parameters": 10080,
      "dim_x0": 28,