{
  "experiment_name": "kfold_appliances",
  "run_name": "appliances-MPO2-L3-d18-seed42-fold0",
  "config": {
    "params": {
      "model": "MPO2",
      "L": 3,
      "bond_dim": 18,
      "init_strength": 0.1,
      "bond_prior_alpha": 5.0,
      "added_bias": true,
      "n_epochs": 100,
      "batch_size": 256,
      "patience": 100,
      "min_delta": 0.0001,
      "warmup_epochs": 5,
      "trim_every": 3,
      "trimming_threshold": 0.3,
      "trim_method": "relevance",
      "soft_trim_relaxation": 2
    },
    "fold": 0,
    "seed": 42
  },
  "hparams": {
    "seed": 42,
    "fold": 0,
    "dataset": "appliances",
    "n_features": 28,
    "n_train": 13420,
    "n_val": 2368,
    "n_test": 3947,
    "L": 3,
    "bond_dim": 18,
    "model": "MPO2",
    "init_strength": 0.1,
    "bond_prior_alpha": 5.0,
    "added_bias": true,
    "n_epochs": 100,
    "batch_size": 256,
    "patience": 100,
    "min_delta": 0.0001,
    "warmup_epochs": 5,
    "trim_every": 3,
    "trimming_threshold": 0.3,
    "trim_method": "relevance",
    "soft_trim_relaxation": 2
  },
  "metrics_log": [
    {
      "step": 0,
      "train_loss": 65436.35472719967,
      "train_quality": -5.208314653811037,
      "val_loss": 69682.20918463313,
      "val_quality": -5.232655648297664,
      "patience_counter": 0,
      "elbo_raw": -442491297.6888084,
      "elbo_relative": 0.0,
      "e_log_p_nodes": -106009.08764639017,
      "e_log_p_bonds": -509.61221570343224,
      "e_log_p_tau": -1.0,
      "h_nodes": -6058.2757484830745,
      "h_bonds": 258.4299787944893,
      "h_tau": 1.0,
      "tau_mean": 1.0,
      "bond_mean_avg": 5.0,
      "n_parameters": 10080,
      "dim_x0": 28,
      "dim_b0": 18,
      "dim_x1": 28,
      "dim_b1": 18,
      "dim_x2": 28
    },
    {
      "step": 1,
      "train_loss": 3626.0673476318916,
      "train_quality": 0.6559746161921911,
      "val_loss": 7156.023408060614,
      "val_quality": 0.35993662894036005,
      "test_quality": 0.31107292456550184,
      "patience_counter": 0,
      "elbo_raw": -2393011.458085353,
      "elbo_relative": 440098286.230723,
      "e_log_p_nodes": -2298935.1764591546,
      "e_log_p_bonds": -509.61221570343224,
      "e_log_p_tau": -0.00027582195649014017,
      "h_nodes": -19776.75384343376,
      "h_bonds": 258.4299787944893,
      "h_tau": -11.182617749014753,
      "tau_mean": 0.00027582195649014017,
      "bond_mean_avg": 5.0,
      "n_parameters": 10080,
      "dim_x0": 28,
      "dim_b0": 18,
      "dim_x1": 28,
      "dim_b1": 18,
      "dim_x2": 28
    },
    {
      "step": 2,
      "train_loss": 7633.592892370118,
      "train_quality": 0.2757581498464792,
      "val_loss": 8281.054717550582,
      "val_quality": 0.2593093263956714,
      "test_quality": 0.21974491284025777,
      "patience_counter": 1,
      "elbo_raw": -107551.87583096566,
      "elbo_relative": 442383745.81297743,
      "e_log_p_nodes": -17604.23636975721,
      "e_log_p_bonds": -509.61221570343224,
      "e_log_p_tau": -0.00013101115501510546,
      "h_nodes": -10651.94142409378,
      "h_bonds": 258.4299787944893,
      "h_tau": -11.9270908490289,
      "tau_mean": 0.00013101115501510546,
      "bond_mean_avg": 5.0,
      "n_parameters": 10080,
      "dim_x0": 28,
      "dim_b0": 18,
      "dim_x1": 28,
      "dim_b1": 18,
      "dim_x2": 28
    },
    {
      "step": 3,
      "train_loss": 8110.852539470166,
      "train_quality": 0.23047784544816108,
      "val_loss": 8562.32676881656,
      "val_quality": 0.23415122851754366,
      "test_quality": 0.20691632170766738,
      "patience_counter": 2,
      "elbo_raw": -105103.20628168607,
      "elbo_relative": 442386194.4825267,
      "e_log_p_nodes": -15729.62254087251,
      "e_log_p_bonds": -509.61221570343224,
      "e_log_p_tau": -0.00012300359897440862,
      "h_nodes": -9654.635134841412,
      "h_bonds": 258.4299787944893,
      "h_tau": -11.990159706496343,
      "tau_mean": 0.00012300359897440862,
      "bond_mean_avg": 5.0,
      "n_parameters": 10080,
      "dim_x0": 28,
      "dim_b0": 18,
      "dim_x1": 28,
      "dim_b1": 18,
      "dim_x2": 28
    },
    {
      "step": 4,
      "train_loss": 8120.889064376293,
      "train_quality": 0.22952562393600906,
      "val_loss": 8568.125607442655,
      "val_quality": 0.23363255718465392,
      "test_quality": 0.2104940963935189,
      "patience_counter": 3,
      "elbo_raw": -104868.3712140244,
      "elbo_relative": 442386429.31759435,
      "e_log_p_nodes": -15565.299554119647,
      "e_log_p_bonds": -509.61221570343224,
      "e_log_p_tau": -0.0001227729161402391,
      "h_nodes": -9571.527426756506,
      "h_bonds": 258.4299787944893,
      "h_tau": -11.992036882606044,
      "tau_mean": 0.0001227729161402391,
      "bond_mean_avg": 5.0,
      "n_parameters": 10080,
      "dim_x0": 28,
      "dim_b0": 18,
      "dim_x1": 28,
      "dim_b1": 18,
      "dim_x2": 28
    },
    {
      "step": 5,
      "train_loss": 8113.878945276684,
      "train_quality": 0.2301907133242017,
      "val_loss": 8561.108993430667,
      "val_quality": 0.23426015122143107,
      "test_quality": 0.21327915359387128,
      "patience_counter": 4,
      "elbo_raw": -104799.28129000151,
      "elbo_relative": 442386498.4075184,
      "e_log_p_nodes": -15526.922100614585,
      "e_log_p_bonds": -509.61221570343224,
      "e_log_p_tau": -0.00012285898879427982,
      "h_nodes": -9545.514875815028,
      "h_bonds": 258.4299787944893,
      "h_tau": -11.99133605624229,
      "tau_mean": 0.00012285898879427982,
      "bond_mean_avg": 5.0,
      "n_parameters": 10080,
      "dim_x0": 28,
      "dim_b0": 18,
      "dim_x1": 28,
      "dim_b1": 18,
      "dim_x2": 28
    },
    {
      "step": 6,
      "train_loss": 8114.210789783833,
      "train_quality": 0.2301592293712048,
      "val_loss": 8561.861891597928,
      "val_quality": 0.23419280899635408,
      "test_quality": 0.2143774680047662,
      "patience_counter": 5,
      "elbo_raw": -99475.78738322819,
      "elbo_relative": 442391821.9014252,
      "e_log_p_nodes": -9813.081829120878,
      "e_log_p_bonds": -790.7288568525163,
      "e_log_p_tau": -0.00012284569406984254,
      "h_nodes": -9532.8049683905,
      "h_bonds": 137.20920601575267,
      "h_tau": -11.991444273342495,
      "tau_mean": 0.00012284569406984254,
      "bond_mean_avg": 5.125683218091692,
      "n_parameters": 10080,
      "dim_x0": 28,
      "dim_b0": 18,
      "dim_x1": 28,
      "dim_b1": 18,
      "dim_x2": 28
    },
    {
      "step": 7,
      "train_loss": 8115.9058967418005,
      "train_quality": 0.2299984050494528,
      "val_loss": 8691.61771880151,
      "val_quality": 0.22258692854590645,
      "test_quality": 0.20488797875352927,
      "patience_counter": 6,
      "elbo_raw": -87033.31935221379,
      "elbo_relative": 442404264.3694562,
      "e_log_p_nodes": -9808.41344259844,
      "e_log_p_bonds": -1193.8019634345078,
      "e_log_p_tau": -0.00012113894719432061,
      "h_nodes": 3416.4258425609196,
      "h_bonds": 122.75185572564978,
      "h_tau": -12.005435110695544,
      "tau_mean": 0.00012113894719432061,
      "bond_mean_avg": 6.9988499575204255,
      "n_parameters": 10080,
      "dim_x0": 28,
      "dim_b0": 18,
      "dim_x1": 28,
      "dim_b1": 18,
      "dim_x2": 28
    },
    {
      "step": 8,
      "train_loss": 8301.060632814704,
      "train_quality": 0.21243173487083233,
      "val_loss": 8954.05449726645,
      "val_quality": 0.19911353284333067,
      "test_quality": 0.17602927101519072,
      "patience_counter": 7,
      "elbo_raw": -77906.58254251089,
      "elbo_relative": 442413391.10626584,
      "e_log_p_nodes": -9773.073505123839,
      "e_log_p_bonds": -1637.7518642483942,
      "e_log_p_tau": -0.00011770385374498612,
      "h_nodes": 13164.908934294,
      "h_bonds": 102.671647239623,
      "h_tau": -12.034201565562398,
      "tau_mean": 0.00011770385374498612,
      "bond_mean_avg": 8.852469875596377,
      "n_parameters": 10080,
      "dim_x0": 28,