{
  "experiment_name": "kfold_appliances",
  "run_name": "appliances-MPO2-L3-d18-seed42-fold4",
  "config": {
    "params": {
      "model": "MPO2",
      "L": 3,
      "bond_dim": 18,
      "init_strength": 0.1,
      "bond_prior_alpha": 5.0,
      "added_bias": true,
      "n_epochs": 100,
      "batch_size": 256,
      "patience": 100,
      "min_delta": 0.0001,
      "warmup_epochs": 5,
      "trim_every": 3,
      "trimming_threshold": 0.3,
      "trim_method": "relevance",
      "soft_trim_relaxation": 2
    },
    "fold": 4,
    "seed": 42
  },
  "hparams": {
    "seed": 42,
    "fold": 4,
    "dataset": "appliances",
    "n_features": 28,
    "n_train": 13420,
    "n_val": 2368,
    "n_test": 3947,
    "L": 3,
    "bond_dim": 18,
    "model": "MPO2",
    "init_strength": 0.1,
    "bond_prior_alpha": 5.0,
    "added_bias": true,
    "n_epochs": 100,
    "batch_size": 256,
    "patience": 100,
    "min_delta": 0.0001,
    "warmup_epochs": 5,
    "trim_every": 3,
    "trimming_threshold": 0.3,
    "trim_method": "relevance",
    "soft_trim_relaxation": 2
  },
  "metrics_log": [
    {
      "step": 0,
      "train_loss": 66683.22798017289,
      "train_quality": -5.31250048286087,
      "val_loss": 65727.48013306715,
      "val_quality": -5.285143481685506,
      "patience_counter": 0,
      "elbo_raw": -450874838.4867709,
      "elbo_relative": 0.0,
      "e_log_p_nodes": -106009.08764639017,
      "e_log_p_bonds": -509.61221570343224,
      "e_log_p_tau": -1.0,
      "h_nodes": -6058.2757484830745,
      "h_bonds": 258.4299787944893,
      "h_tau": 1.0,
      "tau_mean": 1.0,
      "bond_mean_avg": 5.0,
      "n_parameters": 10080,
      "dim_x0": 28,
      "dim_b0": 18,
      "dim_x1": 28,
      "dim_b1": 18,
      "dim_x2": 28
    },
    {
      "step": 1,
      "train_loss": 3669.5921238430046,
      "train_quality": 0.6526217647929564,
      "val_loss": 7141.151791033334,
      "val_quality": 0.317132445359647,
      "test_quality": 0.3422928814491297,
      "patience_counter": 0,
      "elbo_raw": -2329945.9729808792,
      "elbo_relative": 448544892.5137901,
      "e_log_p_nodes": -2235847.3086486813,
      "e_log_p_bonds": -509.61221570343224,
      "e_log_p_tau": -0.0002725504516367984,
      "h_nodes": -19719.05821135154,
      "h_bonds": 258.4299787944893,
      "h_tau": -11.194549580803141,
      "tau_mean": 0.0002725504516367984,
      "bond_mean_avg": 5.0,
      "n_parameters": 10080,
      "dim_x0": 28,
      "dim_b0": 18,
      "dim_x1": 28,
      "dim_b1": 18,
      "dim_x2": 28
    },
    {
      "step": 2,
      "train_loss": 7652.73304029639,
      "train_quality": 0.2755617495535787,
      "val_loss": 8563.59731440906,
      "val_quality": 0.1811121051427721,
      "test_quality": 0.2539673316859842,
      "patience_counter": 1,
      "elbo_raw": -107466.39859800646,
      "elbo_relative": 450767372.0881729,
      "e_log_p_nodes": -17516.322427175073,
      "e_log_p_bonds": -509.61221570343224,
      "e_log_p_tau": -0.0001306833038745889,
      "h_nodes": -10637.574846862932,
      "h_bonds": 258.4299787944893,
      "h_tau": -11.929596452806436,
      "tau_mean": 0.0001306833038745889,
      "bond_mean_avg": 5.0,
      "n_parameters": 10080,
      "dim_x0": 28,
      "dim_b0": 18,
      "dim_x1": 28,
      "dim_b1": 18,
      "dim_x2": 28
    },
    {
      "step": 3,
      "train_loss": 8123.01135390468,
      "train_quality": 0.2310433275807552,
      "val_loss": 8687.688822907467,
      "val_quality": 0.16924594301100804,
      "test_quality": 0.2270386828960893,
      "patience_counter": 2,
      "elbo_raw": -105110.2922011822,
      "elbo_relative": 450769728.19456977,
      "e_log_p_nodes": -15728.821730574973,
      "e_log_p_bonds": -509.61221570343224,
      "e_log_p_tau": -0.00012282111585647546,
      "h_nodes": -9652.56334872433,
      "h_bonds": 258.4299787944893,
      "h_tau": -11.991644367233675,
      "tau_mean": 0.00012282111585647546,
      "bond_mean_avg": 5.0,
      "n_parameters": 10080,
      "dim_x0": 28,
      "dim_b0": 18,
      "dim_x1": 28,
      "dim_b1": 18,
      "dim_x2": 28
    },
    {
      "step": 4,
      "train_loss": 8132.168782388541,
      "train_quality": 0.2301764488546184,
      "val_loss": 8639.915203054452,
      "val_quality": 0.17381426138876732,
      "test_quality": 0.22956763159510984,
      "patience_counter": 3,
      "elbo_raw": -104878.02234584768,
      "elbo_relative": 450769960.4644251,
      "e_log_p_nodes": -15561.390039314801,
      "e_log_p_bonds": -509.61221570343224,
      "e_log_p_tau": -0.00012260664524845892,
      "h_nodes": -9575.98906192054,
      "h_bonds": 258.4299787944893,
      "h_tau": -11.9933920966796,
      "tau_mean": 0.00012260664524845892,
      "bond_mean_avg": 5.0,
      "n_parameters": 10080,
      "dim_x0": 28,
      "dim_b0": 18,
      "dim_x1": 28,
      "dim_b1": 18,
      "dim_x2": 28
    },
    {
      "step": 5,
      "train_loss": 8122.628046237501,
      "train_quality": 0.23107961301425084,
      "val_loss": 8600.822422664887,
      "val_quality": 0.17755248067465823,
      "test_quality": 0.23177988011856665,
      "patience_counter": 4,
      "elbo_raw": -104802.17765890271,
      "elbo_relative": 450770036.309112,
      "e_log_p_nodes": -15517.871446442496,
      "e_log_p_bonds": -509.61221570343224,
      "e_log_p_tau": -0.00012273127484653456,
      "h_nodes": -9550.48429633114,
      "h_bonds": 258.4299787944893,
      "h_tau": -11.992376113426872,
      "tau_mean": 0.00012273127484653456,
      "bond_mean_avg": 5.0,
      "n_parameters": 10080,
      "dim_x0": 28,
      "dim_b0": 18,
      "dim_x1": 28,
      "dim_b1": 18,
      "dim_x2": 28
    },
    {
      "step": 6,
      "train_loss": 8121.344689928422,
      "train_quality": 0.23120110064414112,
      "val_loss": 8581.556616886517,
      "val_quality": 0.17939475963259477,
      "test_quality": 0.23248922456972798,
      "patience_counter": 5,
      "elbo_raw": -99485.97979041465,
      "elbo_relative": 450775352.50698054,
      "e_log_p_nodes": -9814.060028841046,
      "e_log_p_bonds": -789.8429247081386,
      "e_log_p_tau": -0.00012274243775335238,
      "h_nodes": -9537.050237435622,
      "h_bonds": 136.99970759037393,
      "h_tau": -11.992285163512861,
      "tau_mean": 0.00012274243775335238,
      "bond_mean_avg": 5.103133825823063,
      "n_parameters": 10080,
      "dim_x0": 28,
      "dim_b0": 18,
      "dim_x1": 28,
      "dim_b1": 18,
      "dim_x2": 28
    },
    {
      "step": 7,
      "train_loss": 7962.594023462224,
      "train_quality": 0.246229072280732,
      "val_loss": 8620.978402666988,
      "val_quality": 0.17562507944049077,
      "test_quality": 0.24347335053629304,
      "patience_counter": 6,
      "elbo_raw": -86881.31404142614,
      "elbo_relative": 450787957.1727295,
      "e_log_p_nodes": -9809.704534414826,
      "e_log_p_bonds": -1194.1666345173235,
      "e_log_p_tau": -0.00012340250575839236,
      "h_nodes": 3446.595330120605,
      "h_bonds": 121.99445989623823,
      "h_tau": -11.986921904142946,
      "tau_mean": 0.00012340250575839236,
      "bond_mean_avg": 6.949018629880078,
      "n_parameters": 10080,
      "dim_x0": 28,
      "dim_b0": 18,
      "dim_x1": 28,
      "dim_b1": 18,
      "dim_x2": 28
    },
    {
      "step": 8,
      "train_loss": 8335.735468376579,
      "train_quality": 0.2109060139564165,
      "val_loss": 9093.166151414849,
      "val_quality": 0.1304724622221516,
      "test_quality": 0.18456606173208512,
      "patience_counter": 7,
      "elbo_raw": -77928.05279489126,
      "elbo_relative": 450796910.43397605,
      "e_log_p_nodes": -9779.391394421878,
      "e_log_p_bonds": -1636.234749325761,
      "e_log_p_tau": -0.0001172754614766771,
      "h_nodes": 13173.201365337725,
      "h_bonds": 102.17041565755463,
      "h_tau": -12.037847782186873,
      "tau_mean": 0.0001172754614766771,
      "bond_mean_avg": 8.806772049101276,
      "n_parameters": 10080,
      "dim_x0": 28,