{
  "experiment_name": "kfold_appliances",
  "run_name": "appliances-MPO2-L3-d18-seed19540-fold0",
  "config": {
    "params": {
      "model": "MPO2",
      "L": 3,
      "bond_dim": 18,
      "init_strength": 0.1,
      "bond_prior_alpha": 5.0,
      "added_bias": true,
      "n_epochs": 100,
      "batch_size": 256,
      "patience": 100,
      "min_delta": 0.0001,
      "warmup_epochs": 5,
      "trim_every": 3,
      "trimming_threshold": 0.3,
      "trim_method": "relevance",
      "soft_trim_relaxation": 2
    },
    "fold": 0,
    "seed": 19540
  },
  "hparams": {
    "seed": 19540,
    "fold": 0,
    "dataset": "appliances",
    "n_features": 28,
    "n_train": 13420,
    "n_val": 2368,
    "n_test": 3947,
    "L": 3,
    "bond_dim": 18,
    "model": "MPO2",
    "init_strength": 0.1,
    "bond_prior_alpha": 5.0,
    "added_bias": true,
    "n_epochs": 100,
    "batch_size": 256,
    "patience": 100,
    "min_delta": 0.0001,
    "warmup_epochs": 5,
    "trim_every": 3,
    "trimming_threshold": 0.3,
    "trim_method": "relevance",
    "soft_trim_relaxation": 2
  },
  "metrics_log": [
    {
      "step": 0,
      "train_loss": 54695.076146588704,
      "train_quality": -4.0375753846072575,
      "val_loss": 49705.73298489018,
      "val_quality": -3.8416745447278196,
      "patience_counter": 0,
      "elbo_raw": -370445244.6981469,
      "elbo_relative": 0.0,
      "e_log_p_nodes": -105921.46341108611,
      "e_log_p_bonds": -509.61221570343224,
      "e_log_p_tau": -1.0,
      "h_nodes": -6058.2757484830745,
      "h_bonds": 258.4299787944893,
      "h_tau": 1.0,
      "tau_mean": 1.0,
      "bond_mean_avg": 5.0,
      "n_parameters": 10080,
      "dim_x0": 28,
      "dim_b0": 18,
      "dim_x1": 28,
      "dim_b1": 18,
      "dim_x2": 28
    },
    {
      "step": 1,
      "train_loss": 3919.8967405115804,
      "train_quality": 0.6389661241666458,
      "val_loss": 6154.407463045682,
      "val_quality": 0.4005190918164462,
      "test_quality": 0.3350746713037289,
      "patience_counter": 0,
      "elbo_raw": -2297062.5215732446,
      "elbo_relative": 368148182.17657363,
      "e_log_p_nodes": -2202648.4381556776,
      "e_log_p_bonds": -509.61221570343224,
      "e_log_p_tau": -0.00025514677030485705,
      "h_nodes": -19591.653499429292,
      "h_bonds": 258.4299787944893,
      "h_tau": -11.26053437198425,
      "tau_mean": 0.00025514677030485705,
      "bond_mean_avg": 5.0,
      "n_parameters": 10080,
      "dim_x0": 28,
      "dim_b0": 18,
      "dim_x1": 28,
      "dim_b1": 18,
      "dim_x2": 28
    },
    {
      "step": 2,
      "train_loss": 7900.475313316343,
      "train_quality": 0.27234327531799274,
      "val_loss": 7202.085947672801,
      "val_quality": 0.2984681221301102,
      "test_quality": 0.23191917735861578,
      "patience_counter": 1,
      "elbo_raw": -107474.37745657073,
      "elbo_relative": 370337770.32069033,
      "e_log_p_nodes": -17297.371234017985,
      "e_log_p_bonds": -509.61221570343224,
      "e_log_p_tau": -0.00012658551515905728,
      "h_nodes": -10650.687883554654,
      "h_bonds": 258.4299787944893,
      "h_tau": -11.961455232449225,
      "tau_mean": 0.00012658551515905728,
      "bond_mean_avg": 5.0,
      "n_parameters": 10080,
      "dim_x0": 28,
      "dim_b0": 18,
      "dim_x1": 28,
      "dim_b1": 18,
      "dim_x2": 28
    },
    {
      "step": 3,
      "train_loss": 8390.170579825053,
      "train_quality": 0.22724091886617104,
      "val_loss": 7494.442017145114,
      "val_quality": 0.269990663805714,
      "test_quality": 0.2072235539130466,
      "patience_counter": 2,
      "elbo_raw": -105243.89505575749,
      "elbo_relative": 370340000.8030911,
      "e_log_p_nodes": -15681.03125127493,
      "e_log_p_bonds": -509.61221570343224,
      "e_log_p_tau": -0.00011890056644277129,
      "h_nodes": -9616.23674121322,
      "h_bonds": 258.4299787944893,
      "h_tau": -12.024085753677355,
      "tau_mean": 0.00011890056644277129,
      "bond_mean_avg": 5.0,
      "n_parameters": 10080,
      "dim_x0": 28,
      "dim_b0": 18,
      "dim_x1": 28,
      "dim_b1": 18,
      "dim_x2": 28
    },
    {
      "step": 4,
      "train_loss": 8401.205787979015,
      "train_quality": 0.22622454414148063,
      "val_loss": 7482.554517574522,
      "val_quality": 0.27114858665716646,
      "test_quality": 0.2106723621092229,
      "patience_counter": 3,
      "elbo_raw": -105061.6781441638,
      "elbo_relative": 370340183.0200027,
      "e_log_p_nodes": -15552.79733025954,
      "e_log_p_bonds": -509.61221570343224,
      "e_log_p_tau": -0.00011867240884971615,
      "h_nodes": -9549.365111147421,
      "h_bonds": 258.4299787944893,
      "h_tau": -12.026006491192675,
      "tau_mean": 0.00011867240884971615,
      "bond_mean_avg": 5.0,
      "n_parameters": 10080,
      "dim_x0": 28,
      "dim_b0": 18,
      "dim_x1": 28,
      "dim_b1": 18,
      "dim_x2": 28
    },
    {
      "step": 5,
      "train_loss": 8399.616637223804,
      "train_quality": 0.22637090954200445,
      "val_loss": 7472.459727888652,
      "val_quality": 0.272131887442034,
      "test_quality": 0.2126361795364976,
      "patience_counter": 4,
      "elbo_raw": -105009.47793941016,
      "elbo_relative": 370340235.22020745,
      "e_log_p_nodes": -15518.856123083551,
      "e_log_p_bonds": -509.61221570343224,
      "e_log_p_tau": -0.00011867854052560193,
      "h_nodes": -9531.44991523734,
      "h_bonds": 258.4299787944893,
      "h_tau": -12.025954823606298,
      "tau_mean": 0.00011867854052560193,
      "bond_mean_avg": 5.0,
      "n_parameters": 10080,
      "dim_x0": 28,
      "dim_b0": 18,
      "dim_x1": 28,
      "dim_b1": 18,
      "dim_x2": 28
    },
    {
      "step": 6,
      "train_loss": 8406.141342925102,
      "train_quality": 0.22576996519475512,
      "val_loss": 7473.267383779702,
      "val_quality": 0.27205321629619683,
      "test_quality": 0.21296988921773186,
      "patience_counter": 5,
      "elbo_raw": -99702.48871458584,
      "elbo_relative": 370345542.2094323,
      "e_log_p_nodes": -9819.503227933008,
      "e_log_p_bonds": -785.854552662004,
      "e_log_p_tau": -0.00011857909840133559,
      "h_nodes": -9521.523241363439,
      "h_bonds": 137.99999731573837,
      "h_tau": -12.026793086435646,
      "tau_mean": 0.00011857909840133559,
      "bond_mean_avg": 5.144606285673357,
      "n_parameters": 10080,
      "dim_x0": 28,
      "dim_b0": 18,
      "dim_x1": 28,
      "dim_b1": 18,
      "dim_x2": 28
    },
    {
      "step": 7,
      "train_loss": 8501.337962081363,
      "train_quality": 0.21700208005507382,
      "val_loss": 7810.702847367889,
      "val_quality": 0.23918472012011194,
      "test_quality": 0.1938535038276329,
      "patience_counter": 6,
      "elbo_raw": -87370.47893542054,
      "elbo_relative": 370357874.21921146,
      "e_log_p_nodes": -9809.328245750467,
      "e_log_p_bonds": -1191.4358657870475,
      "e_log_p_tau": -0.00011567189004805429,
      "h_nodes": 3388.409781728018,
      "h_bonds": 122.07821941787472,
      "h_tau": -12.05161567221512,
      "tau_mean": 0.00011567189004805429,
      "bond_mean_avg": 6.937096427201756,
      "n_parameters": 10080,
      "dim_x0": 28,
      "dim_b0": 18,
      "dim_x1": 28,
      "dim_b1": 18,
      "dim_x2": 28
    },
    {
      "step": 8,
      "train_loss": 8603.310883343895,
      "train_quality": 0.2076100778084391,
      "val_loss": 8024.777449672243,
      "val_quality": 0.21833240610303883,
      "test_quality": 0.17581077194084516,
      "patience_counter": 7,
      "elbo_raw": -78177.53566646599,
      "elbo_relative": 370367067.1624804,
      "e_log_p_nodes": -9778.572517143182,
      "e_log_p_bonds": -1635.7986487835155,
      "e_log_p_tau": -0.00011353551714603555,
      "h_nodes": 13140.444511848953,
      "h_bonds": 101.69057957549884,
      "h_tau": -12.070257607025269,
      "tau_mean": 0.00011353551714603555,
      "bond_mean_avg": 8.773112730849201,
      "n_parameters": 10080,