{
  "fold": 2,
  "seed": 42806,
  "model": "CPD",
  "dataset": "ai4i",
  "params": {
    "model": "CPD",
    "L": 3,
    "bond_dim": 64,
    "init_strength": 0.01,
    "bond_prior_alpha": 1.0,
    "added_bias": false,
    "n_epochs": 100,
    "batch_size": 256,
    "patience": 100,
    "min_delta": 0.0001,
    "warmup_epochs": 5,
    "trim_every": 3,
    "trimming_threshold": 0.3,
    "trim_method": "relevance",
    "soft_trim_relaxation": 2
  },
  "n_features": 9,
  "n_train": 6800,
  "n_val": 1200,
  "n_test": 2000,
  "train_loss": 0.01982362686851393,
  "train_quality": 0.40339868787922994,
  "val_loss": 0.022020658627451686,
  "val_quality": 0.4265453482434457,
  "test_loss": 0.016304720408317902,
  "test_quality": 0.4111215101148378,
  "best_epoch": 5,
  "n_parameters": 1728,
  "elbo_raw": -1553.3906511078712,
  "elbo_relative": 150963677.5534942,
  "tau_mean": 46.49888972172744,
  "success": true,
  "singular": false,
  "recovered_from_run": true,
  "run_id": "ai4i-CPD-L3-d64-seed42806-fold2"
}