{
  "fold": 4,
  "seed": 42806,
  "model": "CPD",
  "dataset": "ai4i",
  "params": {
    "model": "CPD",
    "L": 3,
    "bond_dim": 64,
    "init_strength": 0.01,
    "bond_prior_alpha": 1.0,
    "added_bias": false,
    "n_epochs": 100,
    "batch_size": 256,
    "patience": 100,
    "min_delta": 0.0001,
    "warmup_epochs": 5,
    "trim_every": 3,
    "trimming_threshold": 0.3,
    "trim_method": "relevance",
    "soft_trim_relaxation": 2
  },
  "n_features": 9,
  "n_train": 6800,
  "n_val": 1200,
  "n_test": 2000,
  "train_loss": 0.01780891377441388,
  "train_quality": 0.4209558434807601,
  "val_loss": 0.02901245088356265,
  "val_quality": 0.41676188699962013,
  "test_loss": 0.018513968602316973,
  "test_quality": 0.363781147686702,
  "best_epoch": 7,
  "n_parameters": 1728,
  "elbo_raw": -4179.16377842076,
  "elbo_relative": 140055726.24614108,
  "tau_mean": 52.620270975737434,
  "success": true,
  "singular": false,
  "recovered_from_run": true,
  "run_id": "ai4i-CPD-L3-d64-seed42806-fold4"
}