{
  "fold": 4,
  "seed": 47659,
  "model": "CPD",
  "dataset": "ai4i",
  "params": {
    "model": "CPD",
    "L": 3,
    "bond_dim": 64,
    "init_strength": 0.01,
    "bond_prior_alpha": 1.0,
    "added_bias": false,
    "n_epochs": 100,
    "batch_size": 256,
    "patience": 100,
    "min_delta": 0.0001,
    "warmup_epochs": 5,
    "trim_every": 3,
    "trimming_threshold": 0.3,
    "trim_method": "relevance",
    "soft_trim_relaxation": 2
  },
  "n_features": 9,
  "n_train": 6800,
  "n_val": 1200,
  "n_test": 2000,
  "train_loss": 0.018434761837424384,
  "train_quality": 0.45196965512291865,
  "val_loss": 0.020351933419695285,
  "val_quality": 0.28125606071462383,
  "test_loss": 0.02042632043017787,
  "test_quality": 0.36912477148109823,
  "best_epoch": 6,
  "n_parameters": 1728,
  "elbo_raw": -1399.3467317263178,
  "elbo_relative": 785056887.4807801,
  "tau_mean": 49.993094739852076,
  "success": true,
  "singular": false,
  "recovered_from_run": true,
  "run_id": "ai4i-CPD-L3-d64-seed47659-fold4"
}