{
  "fold": 1,
  "seed": 9536,
  "model": "CPD",
  "dataset": "ai4i",
  "params": {
    "model": "CPD",
    "L": 3,
    "bond_dim": 64,
    "init_strength": 0.01,
    "bond_prior_alpha": 1.0,
    "added_bias": false,
    "n_epochs": 100,
    "batch_size": 256,
    "patience": 100,
    "min_delta": 0.0001,
    "warmup_epochs": 5,
    "trim_every": 3,
    "trimming_threshold": 0.3,
    "trim_method": "relevance",
    "soft_trim_relaxation": 2
  },
  "n_features": 9,
  "n_train": 6800,
  "n_val": 1200,
  "n_test": 2000,
  "train_loss": 0.018937694052376827,
  "train_quality": 0.38148436511316797,
  "val_loss": 0.016878520437617613,
  "val_quality": 0.4761838484877293,
  "test_loss": 0.020807914841488518,
  "test_quality": 0.48285329452508896,
  "best_epoch": 7,
  "n_parameters": 1728,
  "elbo_raw": -4355.7964744547835,
  "elbo_relative": 100066830.67050128,
  "tau_mean": 49.563018941086376,
  "success": true,
  "singular": false,
  "recovered_from_run": true,
  "run_id": "ai4i-CPD-L3-d64-seed9536-fold1"
}