{
  "fold": 4,
  "seed": 19540,
  "model": "CPD",
  "dataset": "ai4i",
  "params": {
    "model": "CPD",
    "L": 3,
    "bond_dim": 64,
    "init_strength": 0.01,
    "bond_prior_alpha": 1.0,
    "added_bias": false,
    "n_epochs": 100,
    "batch_size": 256,
    "patience": 100,
    "min_delta": 0.0001,
    "warmup_epochs": 5,
    "trim_every": 3,
    "trimming_threshold": 0.3,
    "trim_method": "relevance",
    "soft_trim_relaxation": 2
  },
  "n_features": 9,
  "n_train": 6800,
  "n_val": 1200,
  "n_test": 2000,
  "train_loss": 0.019962047103807324,
  "train_quality": 0.38915686712987185,
  "val_loss": 0.026932422041764173,
  "val_quality": 0.3255184740845146,
  "test_loss": 0.01948755143414313,
  "test_quality": 0.31932512738870833,
  "best_epoch": 7,
  "n_parameters": 1728,
  "elbo_raw": -4485.349766128118,
  "elbo_relative": 201449299.67860848,
  "tau_mean": 46.94700348307673,
  "success": true,
  "singular": false,
  "recovered_from_run": true,
  "run_id": "ai4i-CPD-L3-d64-seed19540-fold4"
}