{
  "fold": 2,
  "seed": 47659,
  "model": "CPD",
  "dataset": "ai4i",
  "params": {
    "model": "CPD",
    "L": 3,
    "bond_dim": 64,
    "init_strength": 0.01,
    "bond_prior_alpha": 1.0,
    "added_bias": false,
    "n_epochs": 100,
    "batch_size": 256,
    "patience": 100,
    "min_delta": 0.0001,
    "warmup_epochs": 5,
    "trim_every": 3,
    "trimming_threshold": 0.3,
    "trim_method": "relevance",
    "soft_trim_relaxation": 2
  },
  "n_features": 9,
  "n_train": 6800,
  "n_val": 1200,
  "n_test": 2000,
  "train_loss": 0.020533374260243924,
  "train_quality": 0.38958190636956636,
  "val_loss": 0.01780285196678453,
  "val_quality": 0.38821814547132205,
  "test_loss": 0.022525099787535953,
  "test_quality": 0.2941274235362116,
  "best_epoch": 3,
  "n_parameters": 1728,
  "elbo_raw": -1602.3074568983584,
  "elbo_relative": 685811871.4839154,
  "tau_mean": 44.09837115047709,
  "success": true,
  "singular": false,
  "recovered_from_run": true,
  "run_id": "ai4i-CPD-L3-d64-seed47659-fold2"
}