{
  "fold": 2,
  "seed": 19540,
  "model": "CPD",
  "dataset": "ai4i",
  "params": {
    "model": "CPD",
    "L": 3,
    "bond_dim": 64,
    "init_strength": 0.01,
    "bond_prior_alpha": 1.0,
    "added_bias": false,
    "n_epochs": 100,
    "batch_size": 256,
    "patience": 100,
    "min_delta": 0.0001,
    "warmup_epochs": 5,
    "trim_every": 3,
    "trimming_threshold": 0.3,
    "trim_method": "relevance",
    "soft_trim_relaxation": 2
  },
  "n_features": 9,
  "n_train": 6800,
  "n_val": 1200,
  "n_test": 2000,
  "train_loss": 0.01784586319174143,
  "train_quality": 0.43245118054489584,
  "val_loss": 0.022380790310897142,
  "val_quality": 0.3522072310568254,
  "test_loss": 0.021815996295890174,
  "test_quality": 0.39557412859871377,
  "best_epoch": 6,
  "n_parameters": 1728,
  "elbo_raw": -1305.625153985857,
  "elbo_relative": 181635535.15681994,
  "tau_mean": 51.65005206173307,
  "success": true,
  "singular": false,
  "recovered_from_run": true,
  "run_id": "ai4i-CPD-L3-d64-seed19540-fold2"
}