{
  "fold": 2,
  "seed": 9536,
  "model": "CPD",
  "dataset": "ai4i",
  "params": {
    "model": "CPD",
    "L": 3,
    "bond_dim": 64,
    "init_strength": 0.01,
    "bond_prior_alpha": 1.0,
    "added_bias": false,
    "n_epochs": 100,
    "batch_size": 256,
    "patience": 100,
    "min_delta": 0.0001,
    "warmup_epochs": 5,
    "trim_every": 3,
    "trimming_threshold": 0.3,
    "trim_method": "relevance",
    "soft_trim_relaxation": 2
  },
  "n_features": 9,
  "n_train": 6800,
  "n_val": 1200,
  "n_test": 2000,
  "train_loss": 0.019177845028801387,
  "train_quality": 0.44123286798045136,
  "val_loss": 0.01686530457430332,
  "val_quality": 0.3502237107503001,
  "test_loss": 0.019832295653096906,
  "test_quality": 0.36927702156718245,
  "best_epoch": 7,
  "n_parameters": 1728,
  "elbo_raw": -4410.311502010525,
  "elbo_relative": 105876073.88976164,
  "tau_mean": 48.93563541516626,
  "success": true,
  "singular": false,
  "recovered_from_run": true,
  "run_id": "ai4i-CPD-L3-d64-seed9536-fold2"
}