{
  "fold": 1,
  "seed": 19540,
  "model": "CPD",
  "dataset": "ai4i",
  "params": {
    "model": "CPD",
    "L": 3,
    "bond_dim": 64,
    "init_strength": 0.01,
    "bond_prior_alpha": 1.0,
    "added_bias": false,
    "n_epochs": 100,
    "batch_size": 256,
    "patience": 100,
    "min_delta": 0.0001,
    "warmup_epochs": 5,
    "trim_every": 3,
    "trimming_threshold": 0.3,
    "trim_method": "relevance",
    "soft_trim_relaxation": 2
  },
  "n_features": 9,
  "n_train": 6800,
  "n_val": 1200,
  "n_test": 2000,
  "train_loss": 0.018817854910656264,
  "train_quality": 0.43599189054220755,
  "val_loss": 0.02170504274616955,
  "val_quality": 0.2921627512799133,
  "test_loss": 0.0198181952448066,
  "test_quality": 0.3789541147313905,
  "best_epoch": 7,
  "n_parameters": 1728,
  "elbo_raw": -4335.793320244213,
  "elbo_relative": 186325293.5541119,
  "tau_mean": 49.85295568928234,
  "success": true,
  "singular": false,
  "recovered_from_run": true,
  "run_id": "ai4i-CPD-L3-d64-seed19540-fold1"
}