{
  "fold": 0,
  "seed": 42,
  "model": "CPD",
  "dataset": "ai4i",
  "params": {
    "model": "CPD",
    "L": 3,
    "bond_dim": 64,
    "init_strength": 0.01,
    "bond_prior_alpha": 1.0,
    "added_bias": false,
    "n_epochs": 100,
    "batch_size": 256,
    "patience": 100,
    "min_delta": 0.0001,
    "warmup_epochs": 5,
    "trim_every": 3,
    "trimming_threshold": 0.3,
    "trim_method": "relevance",
    "soft_trim_relaxation": 2
  },
  "n_features": 9,
  "n_train": 6800,
  "n_val": 1200,
  "n_test": 2000,
  "train_loss": 0.01927713670447481,
  "train_quality": 0.4492896592067328,
  "val_loss": 0.017141877907677933,
  "val_quality": 0.3188469828898087,
  "test_loss": 0.021050192370586942,
  "test_quality": 0.28811733712368415,
  "best_epoch": 6,
  "n_parameters": 1728,
  "elbo_raw": -1556.543334427371,
  "elbo_relative": 932445578.9099416,
  "tau_mean": 47.853994117162195,
  "success": true,
  "singular": false,
  "recovered_from_run": true,
  "run_id": "ai4i-CPD-L3-d64-seed42-fold0"
}