{
  "fold": 3,
  "seed": 47659,
  "model": "CPD",
  "dataset": "ai4i",
  "params": {
    "model": "CPD",
    "L": 3,
    "bond_dim": 64,
    "init_strength": 0.01,
    "bond_prior_alpha": 1.0,
    "added_bias": false,
    "n_epochs": 100,
    "batch_size": 256,
    "patience": 100,
    "min_delta": 0.0001,
    "warmup_epochs": 5,
    "trim_every": 3,
    "trimming_threshold": 0.3,
    "trim_method": "relevance",
    "soft_trim_relaxation": 2
  },
  "n_features": 9,
  "n_train": 6800,
  "n_val": 1200,
  "n_test": 2000,
  "train_loss": 0.017543128704529,
  "train_quality": 0.4244416283071276,
  "val_loss": 0.024993597243008286,
  "val_quality": 0.3970989676036597,
  "test_loss": 0.021411002089891527,
  "test_quality": 0.39117509394568817,
  "best_epoch": 6,
  "n_parameters": 1728,
  "elbo_raw": -1250.7143441210228,
  "elbo_relative": 761085576.8683914,
  "tau_mean": 52.46321733867326,
  "success": true,
  "singular": false,
  "recovered_from_run": true,
  "run_id": "ai4i-CPD-L3-d64-seed47659-fold3"
}