{
  "fold": 4,
  "seed": 42,
  "model": "CPD",
  "dataset": "ai4i",
  "params": {
    "model": "CPD",
    "L": 3,
    "bond_dim": 64,
    "init_strength": 0.01,
    "bond_prior_alpha": 1.0,
    "added_bias": false,
    "n_epochs": 100,
    "batch_size": 256,
    "patience": 100,
    "min_delta": 0.0001,
    "warmup_epochs": 5,
    "trim_every": 3,
    "trimming_threshold": 0.3,
    "trim_method": "relevance",
    "soft_trim_relaxation": 2
  },
  "n_features": 9,
  "n_train": 6800,
  "n_val": 1200,
  "n_test": 2000,
  "train_loss": 0.018843586608480924,
  "train_quality": 0.42338200994232145,
  "val_loss": 0.0159917454757885,
  "val_quality": 0.4191273967022642,
  "test_loss": 0.022325313976445466,
  "test_quality": 0.38146316255735513,
  "best_epoch": 5,
  "n_parameters": 1728,
  "elbo_raw": -1388.2742802827784,
  "elbo_relative": 847030885.6330262,
  "tau_mean": 48.887164320212484,
  "success": true,
  "singular": false,
  "recovered_from_run": true,
  "run_id": "ai4i-CPD-L3-d64-seed42-fold4"
}