{
  "fold": 0,
  "seed": 42806,
  "model": "CPD",
  "dataset": "ai4i",
  "params": {
    "model": "CPD",
    "L": 3,
    "bond_dim": 64,
    "init_strength": 0.01,
    "bond_prior_alpha": 1.0,
    "added_bias": false,
    "n_epochs": 100,
    "batch_size": 256,
    "patience": 100,
    "min_delta": 0.0001,
    "warmup_epochs": 5,
    "trim_every": 3,
    "trimming_threshold": 0.3,
    "trim_method": "relevance",
    "soft_trim_relaxation": 2
  },
  "n_features": 9,
  "n_train": 6800,
  "n_val": 1200,
  "n_test": 2000,
  "train_loss": 0.017534734293846343,
  "train_quality": 0.44717928305158083,
  "val_loss": 0.01856317701664649,
  "val_quality": 0.36209013688500047,
  "test_loss": 0.025624635522439734,
  "test_quality": 0.33269178326979865,
  "best_epoch": 4,
  "n_parameters": 1728,
  "elbo_raw": -1158.7811832237321,
  "elbo_relative": 123371624.08823615,
  "tau_mean": 52.25582746542282,
  "success": true,
  "singular": false,
  "recovered_from_run": true,
  "run_id": "ai4i-CPD-L3-d64-seed42806-fold0"
}