{
  "fold": 0,
  "seed": 47659,
  "model": "CPD",
  "dataset": "ai4i",
  "params": {
    "model": "CPD",
    "L": 3,
    "bond_dim": 64,
    "init_strength": 0.01,
    "bond_prior_alpha": 1.0,
    "added_bias": false,
    "n_epochs": 100,
    "batch_size": 256,
    "patience": 100,
    "min_delta": 0.0001,
    "warmup_epochs": 5,
    "trim_every": 3,
    "trimming_threshold": 0.3,
    "trim_method": "relevance",
    "soft_trim_relaxation": 2
  },
  "n_features": 9,
  "n_train": 6800,
  "n_val": 1200,
  "n_test": 2000,
  "train_loss": 0.018346965742374797,
  "train_quality": 0.4455541487333856,
  "val_loss": 0.02152546755812703,
  "val_quality": 0.2980189943902771,
  "test_loss": 0.01973660238035661,
  "test_quality": 0.39908042929129806,
  "best_epoch": 6,
  "n_parameters": 1728,
  "elbo_raw": -1400.850537203618,
  "elbo_relative": 651866828.5748104,
  "tau_mean": 50.315701167821146,
  "success": true,
  "singular": false,
  "recovered_from_run": true,
  "run_id": "ai4i-CPD-L3-d64-seed47659-fold0"
}