{
  "fold": 3,
  "seed": 42806,
  "model": "CPD",
  "dataset": "ai4i",
  "params": {
    "model": "CPD",
    "L": 3,
    "bond_dim": 64,
    "init_strength": 0.01,
    "bond_prior_alpha": 1.0,
    "added_bias": false,
    "n_epochs": 100,
    "batch_size": 256,
    "patience": 100,
    "min_delta": 0.0001,
    "warmup_epochs": 5,
    "trim_every": 3,
    "trimming_threshold": 0.3,
    "trim_method": "relevance",
    "soft_trim_relaxation": 2
  },
  "n_features": 9,
  "n_train": 6800,
  "n_val": 1200,
  "n_test": 2000,
  "train_loss": 0.018124565281847867,
  "train_quality": 0.41331925436160766,
  "val_loss": 0.021852734687986167,
  "val_quality": 0.4193143150947559,
  "test_loss": 0.02082795138441602,
  "test_quality": 0.4229485330724565,
  "best_epoch": 5,
  "n_parameters": 1728,
  "elbo_raw": -1260.7908680544524,
  "elbo_relative": 128756081.21363668,
  "tau_mean": 50.79799101498365,
  "success": true,
  "singular": false,
  "recovered_from_run": true,
  "run_id": "ai4i-CPD-L3-d64-seed42806-fold3"
}