{
  "fold": 0,
  "seed": 9536,
  "model": "CPD",
  "dataset": "ai4i",
  "params": {
    "model": "CPD",
    "L": 3,
    "bond_dim": 64,
    "init_strength": 0.01,
    "bond_prior_alpha": 1.0,
    "added_bias": false,
    "n_epochs": 100,
    "batch_size": 256,
    "patience": 100,
    "min_delta": 0.0001,
    "warmup_epochs": 5,
    "trim_every": 3,
    "trimming_threshold": 0.3,
    "trim_method": "relevance",
    "soft_trim_relaxation": 2
  },
  "n_features": 9,
  "n_train": 6800,
  "n_val": 1200,
  "n_test": 2000,
  "train_loss": 0.018502499918192892,
  "train_quality": 0.4338193394102049,
  "val_loss": 0.01822505013487368,
  "val_quality": 0.420391965497955,
  "test_loss": 0.02236743336578433,
  "test_quality": 0.3377517878376216,
  "best_epoch": 7,
  "n_parameters": 1728,
  "elbo_raw": -4291.0279889212725,
  "elbo_relative": 108007447.70340258,
  "tau_mean": 50.69291083033524,
  "success": true,
  "singular": false,
  "recovered_from_run": true,
  "run_id": "ai4i-CPD-L3-d64-seed9536-fold0"
}