{
  "fold": 1,
  "seed": 42806,
  "model": "CPD",
  "dataset": "ai4i",
  "params": {
    "model": "CPD",
    "L": 3,
    "bond_dim": 64,
    "init_strength": 0.01,
    "bond_prior_alpha": 1.0,
    "added_bias": false,
    "n_epochs": 100,
    "batch_size": 256,
    "patience": 100,
    "min_delta": 0.0001,
    "warmup_epochs": 5,
    "trim_every": 3,
    "trimming_threshold": 0.3,
    "trim_method": "relevance",
    "soft_trim_relaxation": 2
  },
  "n_features": 9,
  "n_train": 6800,
  "n_val": 1200,
  "n_test": 2000,
  "train_loss": 0.019818058606589025,
  "train_quality": 0.3751925074071304,
  "val_loss": 0.018953011081441415,
  "val_quality": 0.5160847540333049,
  "test_loss": 0.018021436607368102,
  "test_quality": 0.4434005881394445,
  "best_epoch": 4,
  "n_parameters": 1728,
  "elbo_raw": -1536.0435284350833,
  "elbo_relative": 133538557.97701979,
  "tau_mean": 46.407309196038895,
  "success": true,
  "singular": false,
  "recovered_from_run": true,
  "run_id": "ai4i-CPD-L3-d64-seed42806-fold1"
}