{
  "fold": 3,
  "seed": 42,
  "model": "CPD",
  "dataset": "ai4i",
  "params": {
    "model": "CPD",
    "L": 3,
    "bond_dim": 64,
    "init_strength": 0.01,
    "bond_prior_alpha": 1.0,
    "added_bias": false,
    "n_epochs": 100,
    "batch_size": 256,
    "patience": 100,
    "min_delta": 0.0001,
    "warmup_epochs": 5,
    "trim_every": 3,
    "trimming_threshold": 0.3,
    "trim_method": "relevance",
    "soft_trim_relaxation": 2
  },
  "n_features": 9,
  "n_train": 6800,
  "n_val": 1200,
  "n_test": 2000,
  "train_loss": 0.01984429548792614,
  "train_quality": 0.43086936088077243,
  "val_loss": 0.01760707311616232,
  "val_quality": 0.3604534031057982,
  "test_loss": 0.017687298108977182,
  "test_quality": 0.3822056389253423,
  "best_epoch": 7,
  "n_parameters": 1728,
  "elbo_raw": -4502.61608437747,
  "elbo_relative": 982701430.641251,
  "tau_mean": 47.27384080170285,
  "success": true,
  "singular": false,
  "recovered_from_run": true,
  "run_id": "ai4i-CPD-L3-d64-seed42-fold3"
}