{
  "fold": 0,
  "seed": 19540,
  "model": "CPD",
  "dataset": "ai4i",
  "params": {
    "model": "CPD",
    "L": 3,
    "bond_dim": 64,
    "init_strength": 0.01,
    "bond_prior_alpha": 1.0,
    "added_bias": false,
    "n_epochs": 100,
    "batch_size": 256,
    "patience": 100,
    "min_delta": 0.0001,
    "warmup_epochs": 5,
    "trim_every": 3,
    "trimming_threshold": 0.3,
    "trim_method": "relevance",
    "soft_trim_relaxation": 2
  },
  "n_features": 9,
  "n_train": 6800,
  "n_val": 1200,
  "n_test": 2000,
  "train_loss": 0.01886359056052568,
  "train_quality": 0.4437445897058072,
  "val_loss": 0.018477341858038218,
  "val_quality": 0.38166967359403603,
  "test_loss": 0.020534447423412237,
  "test_quality": 0.32691045968934995,
  "best_epoch": 7,
  "n_parameters": 1728,
  "elbo_raw": -4351.898494258208,
  "elbo_relative": 195778297.7810628,
  "tau_mean": 49.72207413494086,
  "success": true,
  "singular": false,
  "recovered_from_run": true,
  "run_id": "ai4i-CPD-L3-d64-seed19540-fold0"
}