{
  "fold": 1,
  "seed": 47659,
  "model": "CPD",
  "dataset": "ai4i",
  "params": {
    "model": "CPD",
    "L": 3,
    "bond_dim": 64,
    "init_strength": 0.01,
    "bond_prior_alpha": 1.0,
    "added_bias": false,
    "n_epochs": 100,
    "batch_size": 256,
    "patience": 100,
    "min_delta": 0.0001,
    "warmup_epochs": 5,
    "trim_every": 3,
    "trimming_threshold": 0.3,
    "trim_method": "relevance",
    "soft_trim_relaxation": 2
  },
  "n_features": 9,
  "n_train": 6800,
  "n_val": 1200,
  "n_test": 2000,
  "train_loss": 0.01861172606412939,
  "train_quality": 0.4132247701049907,
  "val_loss": 0.02483412671893725,
  "val_quality": 0.3897311818415051,
  "test_loss": 0.017061774861651287,
  "test_quality": 0.4573874025314638,
  "best_epoch": 7,
  "n_parameters": 1728,
  "elbo_raw": -4304.212581067741,
  "elbo_relative": 599137576.619595,
  "tau_mean": 50.361434763779656,
  "success": true,
  "singular": false,
  "recovered_from_run": true,
  "run_id": "ai4i-CPD-L3-d64-seed47659-fold1"
}