{
  "fold": 2,
  "seed": 42,
  "model": "CPD",
  "dataset": "ai4i",
  "params": {
    "model": "CPD",
    "L": 3,
    "bond_dim": 64,
    "init_strength": 0.01,
    "bond_prior_alpha": 1.0,
    "added_bias": false,
    "n_epochs": 100,
    "batch_size": 256,
    "patience": 100,
    "min_delta": 0.0001,
    "warmup_epochs": 5,
    "trim_every": 3,
    "trimming_threshold": 0.3,
    "trim_method": "relevance",
    "soft_trim_relaxation": 2
  },
  "n_features": 9,
  "n_train": 6800,
  "n_val": 1200,
  "n_test": 2000,
  "train_loss": 0.019777609807009787,
  "train_quality": 0.3818222712455377,
  "val_loss": 0.020095512556214015,
  "val_quality": 0.3446521858649293,
  "test_loss": 0.023434084121696272,
  "test_quality": 0.3589538209405768,
  "best_epoch": 7,
  "n_parameters": 1728,
  "elbo_raw": -4468.698394996201,
  "elbo_relative": 953969143.9599264,
  "tau_mean": 47.42557486336355,
  "success": true,
  "singular": false,
  "recovered_from_run": true,
  "run_id": "ai4i-CPD-L3-d64-seed42-fold2"
}