{
  "fold": 3,
  "seed": 19540,
  "model": "CPD",
  "dataset": "ai4i",
  "params": {
    "model": "CPD",
    "L": 3,
    "bond_dim": 64,
    "init_strength": 0.01,
    "bond_prior_alpha": 1.0,
    "added_bias": false,
    "n_epochs": 100,
    "batch_size": 256,
    "patience": 100,
    "min_delta": 0.0001,
    "warmup_epochs": 5,
    "trim_every": 3,
    "trimming_threshold": 0.3,
    "trim_method": "relevance",
    "soft_trim_relaxation": 2
  },
  "n_features": 9,
  "n_train": 6800,
  "n_val": 1200,
  "n_test": 2000,
  "train_loss": 0.01752465387853348,
  "train_quality": 0.4117395147773728,
  "val_loss": 0.026075193610393343,
  "val_quality": 0.39324738544750804,
  "test_loss": 0.02045895100740504,
  "test_quality": 0.44033945159741106,
  "best_epoch": 7,
  "n_parameters": 1728,
  "elbo_raw": -4116.9753398432385,
  "elbo_relative": 186574837.86208948,
  "tau_mean": 53.49172953332182,
  "success": true,
  "singular": false,
  "recovered_from_run": true,
  "run_id": "ai4i-CPD-L3-d64-seed19540-fold3"
}