{
  "fold": 1,
  "seed": 42,
  "model": "CPD",
  "dataset": "ai4i",
  "params": {
    "model": "CPD",
    "L": 3,
    "bond_dim": 64,
    "init_strength": 0.01,
    "bond_prior_alpha": 1.0,
    "added_bias": false,
    "n_epochs": 100,
    "batch_size": 256,
    "patience": 100,
    "min_delta": 0.0001,
    "warmup_epochs": 5,
    "trim_every": 3,
    "trimming_threshold": 0.3,
    "trim_method": "relevance",
    "soft_trim_relaxation": 2
  },
  "n_features": 9,
  "n_train": 6800,
  "n_val": 1200,
  "n_test": 2000,
  "train_loss": 0.019159797829215612,
  "train_quality": 0.4137058754397922,
  "val_loss": 0.022249149762457215,
  "val_quality": 0.3257691521720073,
  "test_loss": 0.018038574649193093,
  "test_quality": 0.45078021406670643,
  "best_epoch": 7,
  "n_parameters": 1728,
  "elbo_raw": -4388.280804119773,
  "elbo_relative": 878144090.420633,
  "tau_mean": 48.95141616484776,
  "success": true,
  "singular": false,
  "recovered_from_run": true,
  "run_id": "ai4i-CPD-L3-d64-seed42-fold1"
}