{
  "experiment_name": "kfold_seoulBike",
  "run_name": "seoulBike-MPO2-L3-d18-seed19540-fold0",
  "config": {
    "params": {
      "model": "MPO2",
      "L": 3,
      "bond_dim": 18,
      "init_strength": 0.01,
      "bond_prior_alpha": 1.0,
      "added_bias": false,
      "n_epochs": 100,
      "batch_size": 256,
      "patience": 100,
      "min_delta": 0.0001,
      "warmup_epochs": 5,
      "trim_every": 3,
      "trimming_threshold": 0.3,
      "trim_method": "relevance",
      "soft_trim_relaxation": 2
    },
    "fold": 0,
    "seed": 19540
  },
  "hparams": {
    "seed": 19540,
    "fold": 0,
    "dataset": "seoulBike",
    "n_features": 17,
    "n_train": 5957,
    "n_val": 1051,
    "n_test": 1752,
    "L": 3,
    "bond_dim": 18,
    "model": "MPO2",
    "init_strength": 0.01,
    "bond_prior_alpha": 1.0,
    "added_bias": false,
    "n_epochs": 100,
    "batch_size": 256,
    "patience": 100,
    "min_delta": 0.0001,
    "warmup_epochs": 5,
    "trim_every": 3,
    "trimming_threshold": 0.3,
    "trim_method": "relevance",
    "soft_trim_relaxation": 2
  },
  "metrics_log": [
    {
      "step": 0,
      "train_loss": 974335.6335590184,
      "train_quality": -1.3397234789318615,
      "val_loss": 1140324.7554510701,
      "val_quality": -1.6389163874116646,
      "patience_counter": 0,
      "elbo_raw": -2908526362.448257,
      "elbo_relative": 0.0,
      "e_log_p_nodes": -6185.520126735959,
      "e_log_p_bonds": -1652.718856384988,
      "e_log_p_tau": -1.0,
      "h_nodes": -3169.2678578519253,
      "h_bonds": 87.0,
      "h_tau": 1.0,
      "tau_mean": 1.0,
      "bond_mean_avg": 1.0,
      "n_parameters": 6120,
      "dim_x0": 17,
      "dim_b0": 18,
      "dim_x1": 17,
      "dim_b1": 18,
      "dim_x2": 17
    },
    {
      "step": 1,
      "train_loss": 106391.98729864473,
      "train_quality": 0.744515316817897,
      "val_loss": 128588.41198517021,
      "val_quality": 0.7024233088014649,
      "test_quality": -2.8817681532426325,
      "patience_counter": 0,
      "elbo_raw": -157657.4247933493,
      "elbo_relative": 2908368705.0234637,
      "e_log_p_nodes": -92528.56332577075,
      "e_log_p_bonds": -1652.718856384988,
      "e_log_p_tau": -0.0001,
      "h_nodes": 1045.1177762493771,
      "h_bonds": 87.0,
      "h_tau": -11.791269113840826,
      "tau_mean": 0.0001,
      "bond_mean_avg": 1.0,
      "n_parameters": 6120,
      "dim_x0": 17,
      "dim_b0": 18,
      "dim_x1": 17,
      "dim_b1": 18,
      "dim_x2": 17
    },
    {
      "step": 2,
      "train_loss": 112158.60469708883,
      "train_quality": 0.7306676347087324,
      "val_loss": 117788.41795283726,
      "val_quality": 0.7274164356275137,
      "test_quality": 0.4363091282751502,
      "patience_counter": 0,
      "elbo_raw": -75001.45845785482,
      "elbo_relative": 2908451360.989799,
      "e_log_p_nodes": -13547.829960659205,
      "e_log_p_bonds": -1652.718856384988,
      "e_log_p_tau": -0.0001,
      "h_nodes": 6489.360599527615,
      "h_bonds": 87.0,
      "h_tau": -11.791269113840826,
      "tau_mean": 0.0001,
      "bond_mean_avg": 1.0,
      "n_parameters": 6120,
      "dim_x0": 17,
      "dim_b0": 18,
      "dim_x1": 17,
      "dim_b1": 18,
      "dim_x2": 17
    },
    {
      "step": 3,
      "train_loss": 110121.96692495175,
      "train_quality": 0.7355583202686382,
      "val_loss": 116271.93581380438,
      "val_quality": 0.7309258477917071,
      "test_quality": 0.494619194292637,
      "patience_counter": 0,
      "elbo_raw": -71971.33916329438,
      "elbo_relative": 2908454391.1090937,
      "e_log_p_nodes": -11422.12312584855,
      "e_log_p_bonds": -1652.718856384988,
      "e_log_p_tau": -0.0001,
      "h_nodes": 6788.710615453707,
      "h_bonds": 87.0,
      "h_tau": -11.791269113840826,
      "tau_mean": 0.0001,
      "bond_mean_avg": 1.0,
      "n_parameters": 6120,
      "dim_x0": 17,
      "dim_b0": 18,
      "dim_x1": 17,
      "dim_b1": 18,
      "dim_x2": 17
    },
    {
      "step": 4,
      "train_loss": 110122.59194018228,
      "train_quality": 0.7355568193866431,
      "val_loss": 116101.90719815291,
      "val_quality": 0.7313193245605194,
      "test_quality": 0.4939768489222406,
      "patience_counter": 0,
      "elbo_raw": -71238.51767610243,
      "elbo_relative": 2908455123.930581,
      "e_log_p_nodes": -10760.051286111313,
      "e_log_p_bonds": -1652.718856384988,
      "e_log_p_tau": -0.0001,
      "h_nodes": 6864.2796362752215,
      "h_bonds": 87.0,
      "h_tau": -11.791269113840826,
      "tau_mean": 0.0001,
      "bond_mean_avg": 1.0,
      "n_parameters": 6120,
      "dim_x0": 17,
      "dim_b0": 18,
      "dim_x1": 17,
      "dim_b1": 18,
      "dim_x2": 17
    },
    {
      "step": 5,
      "train_loss": 110157.11239532907,
      "train_quality": 0.7354739235993717,
      "val_loss": 115950.77012806696,
      "val_quality": 0.7316690828982988,
      "test_quality": 0.4998135437301422,
      "patience_counter": 0,
      "elbo_raw": -70950.53459069524,
      "elbo_relative": 2908455411.9136662,
      "e_log_p_nodes": -10496.69129775721,
      "e_log_p_bonds": -1652.718856384988,
      "e_log_p_tau": -0.0001,
      "h_nodes": 6900.699289167683,
      "h_bonds": 87.0,
      "h_tau": -11.791269113840826,
      "tau_mean": 0.0001,
      "bond_mean_avg": 1.0,
      "n_parameters": 6120,
      "dim_x0": 17,
      "dim_b0": 18,
      "dim_x1": 17,
      "dim_b1": 18,
      "dim_x2": 17
    },
    {
      "step": 6,
      "train_loss": 110168.32406436703,
      "train_quality": 0.7354470004279485,
      "val_loss": 115786.62365467825,
      "val_quality": 0.7320489473329614,
      "test_quality": 0.5016554991272237,
      "patience_counter": 0,
      "elbo_raw": -66726.2495591609,
      "elbo_relative": 2908459636.198698,
      "e_log_p_nodes": -6279.328193799658,
      "e_log_p_bonds": -1536.367406579108,
      "e_log_p_tau": -0.0001,
      "h_nodes": 6922.089249520436,
      "h_bonds": -39.745803686555114,
      "h_tau": -11.791269113840826,
      "tau_mean": 0.0001,
      "bond_mean_avg": 1.8338994629144305,
      "n_parameters": 6120,
      "dim_x0": 17,
      "dim_b0": 18,
      "dim_x1": 17,
      "dim_b1": 18,
      "dim_x2": 17
    },
    {
      "step": 7,
      "train_loss": 112842.46347392307,
      "train_quality": 0.7290254486064054,
      "val_loss": 122264.87574878745,
      "val_quality": 0.7170571079194898,
      "test_quality": 0.48068837282422294,
      "patience_counter": 1,
      "elbo_raw": -62451.661825216266,
      "elbo_relative": 2908463910.786432,
      "e_log_p_nodes": -6262.332851306966,
      "e_log_p_bonds": -1636.957480951126,
      "e_log_p_tau": -0.0001,
      "h_nodes": 12092.692019364176,
      "h_bonds": -42.99575039572981,
      "h_tau": -11.791269113840826,
      "tau_mean": 0.0001,
      "bond_mean_avg": 2.6718810363118743,
      "n_parameters": 6120,
      "dim_x0": 17,
      "dim_b0": 18,
      "dim_x1": 17,
      "dim_b1": 18,
      "dim_x2": 17
    },
    {
      "step": 8,
      "train_loss": 123883.71762414338,
      "train_quality": 0.702511503429464,
      "val_loss": 130498.31867389026,
      "val_quality": 0.6980034415354098,
      "test_quality": 0.45676834664967514,
      "patience_counter": 2,
      "elbo_raw": -61114.631692724644,
      "elbo_relative": 2908465247.816564,
      "e_log_p_nodes": -6253.102507118673,
      "e_log_p_bonds": -1816.3146926240388,
      "e_log_p_tau": -0.0001,
      "h_nodes": 16901.7611298176,
      "h_bonds": -50.8535585810559,
      "h_tau": -11.791269113840826,
      "tau_mean": 0.0001,
      "bond_mean_avg": 3.9459607099700826,
      "n_parameters": 6120,
      "dim_x0": 17,
      "dim_b0": 18,
      "dim_x1": 17,
      "dim_b1": 18,
      "dim_x2": 17
    },
    {
      "step": 9,
      "train_loss": 134278.83693845817,
      "train_quality": 0.67754915586843,
      "val_loss": 161668.14137590487,
      "val_quality": 0.6258708709428108,
      "test_quality": 0.5419999538337776,
      "patience_counter": 3,