{
  "experiment_name": "kfold_seoulBike",
  "run_name": "seoulBike-MPO2-L3-d18-seed47659-fold3",
  "config": {
    "params": {
      "model": "MPO2",
      "L": 3,
      "bond_dim": 18,
      "init_strength": 0.01,
      "bond_prior_alpha": 1.0,
      "added_bias": false,
      "n_epochs": 100,
      "batch_size": 256,
      "patience": 100,
      "min_delta": 0.0001,
      "warmup_epochs": 5,
      "trim_every": 3,
      "trimming_threshold": 0.3,
      "trim_method": "relevance",
      "soft_trim_relaxation": 2
    },
    "fold": 3,
    "seed": 47659
  },
  "hparams": {
    "seed": 47659,
    "fold": 3,
    "dataset": "seoulBike",
    "n_features": 17,
    "n_train": 5957,
    "n_val": 1051,
    "n_test": 1752,
    "L": 3,
    "bond_dim": 18,
    "model": "MPO2",
    "init_strength": 0.01,
    "bond_prior_alpha": 1.0,
    "added_bias": false,
    "n_epochs": 100,
    "batch_size": 256,
    "patience": 100,
    "min_delta": 0.0001,
    "warmup_epochs": 5,
    "trim_every": 3,
    "trimming_threshold": 0.3,
    "trim_method": "relevance",
    "soft_trim_relaxation": 2
  },
  "metrics_log": [
    {
      "step": 0,
      "train_loss": 1062416.5788572873,
      "train_quality": -1.574206343942235,
      "val_loss": 1640483.5397339924,
      "val_quality": -2.93288053455317,
      "patience_counter": 0,
      "elbo_raw": -3173513519.728447,
      "elbo_relative": 0.0,
      "e_log_p_nodes": -6185.520126735959,
      "e_log_p_bonds": -1652.718856384988,
      "e_log_p_tau": -1.0,
      "h_nodes": -3169.2678578519253,
      "h_bonds": 87.0,
      "h_tau": 1.0,
      "tau_mean": 1.0,
      "bond_mean_avg": 1.0,
      "n_parameters": 6120,
      "dim_x0": 17,
      "dim_b0": 18,
      "dim_x1": 17,
      "dim_b1": 18,
      "dim_x2": 17
    },
    {
      "step": 1,
      "train_loss": 105105.82222819143,
      "train_quality": 0.7453314643714539,
      "val_loss": 471109.0800519329,
      "val_quality": -0.1294326859798518,
      "test_quality": -0.08268126316583935,
      "patience_counter": 0,
      "elbo_raw": -176783.5327862288,
      "elbo_relative": 3173336736.1956606,
      "e_log_p_nodes": -112055.46088243974,
      "e_log_p_bonds": -1652.718856384988,
      "e_log_p_tau": -0.0001,
      "h_nodes": 1062.8230786427848,
      "h_bonds": 87.0,
      "h_tau": -11.791269113840826,
      "tau_mean": 0.0001,
      "bond_mean_avg": 1.0,
      "n_parameters": 6120,
      "dim_x0": 17,
      "dim_b0": 18,
      "dim_x1": 17,
      "dim_b1": 18,
      "dim_x2": 17
    },
    {
      "step": 2,
      "train_loss": 110864.70745795594,
      "train_quality": 0.7313778428001113,
      "val_loss": 170972.64028990787,
      "val_quality": 0.5901117245916573,
      "test_quality": 0.6898876247408854,
      "patience_counter": 0,
      "elbo_raw": -74546.48493563753,
      "elbo_relative": 3173438973.243511,
      "e_log_p_nodes": -13505.05709701739,
      "e_log_p_bonds": -1652.718856384988,
      "e_log_p_tau": -0.0001,
      "h_nodes": 6516.900907338149,
      "h_bonds": 87.0,
      "h_tau": -11.791269113840826,
      "tau_mean": 0.0001,
      "bond_mean_avg": 1.0,
      "n_parameters": 6120,
      "dim_x0": 17,
      "dim_b0": 18,
      "dim_x1": 17,
      "dim_b1": 18,
      "dim_x2": 17
    },
    {
      "step": 3,
      "train_loss": 109158.80653650752,
      "train_quality": 0.7355111941253067,
      "val_loss": 339226.3113807329,
      "val_quality": 0.18674188157115568,
      "test_quality": 0.7161760532194159,
      "patience_counter": 1,
      "elbo_raw": -71488.2072242575,
      "elbo_relative": 3173442031.5212226,
      "e_log_p_nodes": -11271.061079796958,
      "e_log_p_bonds": -1652.718856384988,
      "e_log_p_tau": -0.0001,
      "h_nodes": 6836.376639451371,
      "h_bonds": 87.0,
      "h_tau": -11.791269113840826,
      "tau_mean": 0.0001,
      "bond_mean_avg": 1.0,
      "n_parameters": 6120,
      "dim_x0": 17,
      "dim_b0": 18,
      "dim_x1": 17,
      "dim_b1": 18,
      "dim_x2": 17
    },
    {
      "step": 4,
      "train_loss": 109164.31378847433,
      "train_quality": 0.7354978502042566,
      "val_loss": 313276.7080536333,
      "val_quality": 0.2489532280020227,
      "test_quality": 0.7179147431120708,
      "patience_counter": 2,
      "elbo_raw": -70953.59950445185,
      "elbo_relative": 3173442566.1289425,
      "e_log_p_nodes": -10787.68431831788,
      "e_log_p_bonds": -1652.718856384988,
      "e_log_p_tau": -0.0001,
      "h_nodes": 6892.275451230642,
      "h_bonds": 87.0,
      "h_tau": -11.791269113840826,
      "tau_mean": 0.0001,
      "bond_mean_avg": 1.0,
      "n_parameters": 6120,
      "dim_x0": 17,
      "dim_b0": 18,
      "dim_x1": 17,
      "dim_b1": 18,
      "dim_x2": 17
    },
    {
      "step": 5,
      "train_loss": 109230.65419797825,
      "train_quality": 0.7353371092045365,
      "val_loss": 273666.0984479672,
      "val_quality": 0.3439153484419324,
      "test_quality": 0.7177581948015233,
      "patience_counter": 3,
      "elbo_raw": -70710.93385911833,
      "elbo_relative": 3173442808.7945876,
      "e_log_p_nodes": -10553.975679900122,
      "e_log_p_bonds": -1652.718856384988,
      "e_log_p_tau": -0.0001,
      "h_nodes": 6922.782309976962,
      "h_bonds": 87.0,
      "h_tau": -11.791269113840826,
      "tau_mean": 0.0001,
      "bond_mean_avg": 1.0,
      "n_parameters": 6120,
      "dim_x0": 17,
      "dim_b0": 18,
      "dim_x1": 17,
      "dim_b1": 18,
      "dim_x2": 17
    },
    {
      "step": 6,
      "train_loss": 109298.78147563276,
      "train_quality": 0.7351720386721072,
      "val_loss": 250260.9732141096,
      "val_quality": 0.40002658589814233,
      "test_quality": 0.7172701985895209,
      "patience_counter": 4,
      "elbo_raw": -66425.52980372492,
      "elbo_relative": 3173447094.198643,
      "e_log_p_nodes": -6284.486242259746,
      "e_log_p_bonds": -1510.7913131017526,
      "e_log_p_tau": -0.0001,
      "h_nodes": 6941.376148801799,
      "h_bonds": -36.546873041927284,
      "h_tau": -11.791269113840826,
      "tau_mean": 0.0001,
      "bond_mean_avg": 1.8716059373248222,
      "n_parameters": 6120,
      "dim_x0": 17,
      "dim_b0": 18,
      "dim_x1": 17,
      "dim_b1": 18,
      "dim_x2": 17
    },
    {
      "step": 7,
      "train_loss": 112465.94901301713,
      "train_quality": 0.7274980782602394,
      "val_loss": 267531.6080365759,
      "val_quality": 0.35862212077094713,
      "test_quality": 0.7100250735426241,
      "patience_counter": 5,
      "elbo_raw": -62280.46513871364,
      "elbo_relative": 3173451239.263308,
      "e_log_p_nodes": -6263.8785753850625,
      "e_log_p_bonds": -1617.621440907191,
      "e_log_p_tau": -0.0001,
      "h_nodes": 12129.559128859102,
      "h_bonds": -38.990301578492364,
      "h_tau": -11.791269113840826,
      "tau_mean": 0.0001,
      "bond_mean_avg": 2.8679158238845894,
      "n_parameters": 6120,
      "dim_x0": 17,
      "dim_b0": 18,
      "dim_x1": 17,
      "dim_b1": 18,
      "dim_x2": 17
    },
    {
      "step": 8,
      "train_loss": 118548.14636775097,
      "train_quality": 0.7127610802434119,
      "val_loss": 445960.92963011947,
      "val_quality": -0.06914273556071948,
      "test_quality": 0.687332075007614,
      "patience_counter": 6,
      "elbo_raw": -59477.04763195184,
      "elbo_relative": 3173454042.680815,
      "e_log_p_nodes": -6241.1213769003425,
      "e_log_p_bonds": -1814.3040636633748,
      "e_log_p_tau": -0.0001,
      "h_nodes": 16933.674314227246,
      "h_bonds": -48.55129587410237,
      "h_tau": -11.791269113840826,
      "tau_mean": 0.0001,
      "bond_mean_avg": 4.165673234851944,
      "n_parameters": 6120,
      "dim_x0": 17,
      "dim_b0": 18,
      "dim_x1": 17,
      "dim_b1": 18,
      "dim_x2": 17
    },
    {
      "step": 9,
      "train_loss": 127662.41565249849,
      "train_quality": 0.6906774547803849,
      "val_loss": 188252.88949777817,
      "val_quality": 0.5486842100230679,
      "test_quality": 0.6581675991971783,