{
  "experiment_name": "kfold_seoulBike",
  "run_name": "seoulBike-MPO2-L3-d18-seed42-fold3",
  "config": {
    "params": {
      "model": "MPO2",
      "L": 3,
      "bond_dim": 18,
      "init_strength": 0.01,
      "bond_prior_alpha": 1.0,
      "added_bias": false,
      "n_epochs": 100,
      "batch_size": 256,
      "patience": 100,
      "min_delta": 0.0001,
      "warmup_epochs": 5,
      "trim_every": 3,
      "trimming_threshold": 0.3,
      "trim_method": "relevance",
      "soft_trim_relaxation": 2
    },
    "fold": 3,
    "seed": 42
  },
  "hparams": {
    "seed": 42,
    "fold": 3,
    "dataset": "seoulBike",
    "n_features": 17,
    "n_train": 5957,
    "n_val": 1051,
    "n_test": 1752,
    "L": 3,
    "bond_dim": 18,
    "model": "MPO2",
    "init_strength": 0.01,
    "bond_prior_alpha": 1.0,
    "added_bias": false,
    "n_epochs": 100,
    "batch_size": 256,
    "patience": 100,
    "min_delta": 0.0001,
    "warmup_epochs": 5,
    "trim_every": 3,
    "trimming_threshold": 0.3,
    "trim_method": "relevance",
    "soft_trim_relaxation": 2
  },
  "metrics_log": [
    {
      "step": 0,
      "train_loss": 1205399.2002836547,
      "train_quality": -1.8936187676157474,
      "val_loss": 1469047.4698608203,
      "val_quality": -2.5260208178117187,
      "patience_counter": 0,
      "elbo_raw": -3598727958.0473685,
      "elbo_relative": 0.0,
      "e_log_p_nodes": -6185.52012673596,
      "e_log_p_bonds": -1652.718856384988,
      "e_log_p_tau": -1.0,
      "h_nodes": -3169.2678578519253,
      "h_bonds": 87.0,
      "h_tau": 1.0,
      "tau_mean": 1.0,
      "bond_mean_avg": 1.0,
      "n_parameters": 6120,
      "dim_x0": 17,
      "dim_b0": 18,
      "dim_x1": 17,
      "dim_b1": 18,
      "dim_x2": 17
    },
    {
      "step": 1,
      "train_loss": 107620.64381931166,
      "train_quality": 0.7416514672772571,
      "val_loss": 206397.30587879932,
      "val_quality": 0.5046033486325335,
      "test_quality": 0.10274396639421768,
      "patience_counter": 0,
      "elbo_raw": -200325.76476475198,
      "elbo_relative": 3598527632.2826037,
      "e_log_p_nodes": -134807.58157435263,
      "e_log_p_bonds": -1652.718856384988,
      "e_log_p_tau": -0.0001,
      "h_nodes": 1021.7514043683141,
      "h_bonds": 87.0,
      "h_tau": -11.791269113840826,
      "tau_mean": 0.0001,
      "bond_mean_avg": 1.0,
      "n_parameters": 6120,
      "dim_x0": 17,
      "dim_b0": 18,
      "dim_x1": 17,
      "dim_b1": 18,
      "dim_x2": 17
    },
    {
      "step": 2,
      "train_loss": 113102.14711933729,
      "train_quality": 0.7284928549105247,
      "val_loss": 117050.27034517775,
      "val_quality": 0.7190548988817302,
      "test_quality": 0.7179110060579553,
      "patience_counter": 0,
      "elbo_raw": -74530.22285537295,
      "elbo_relative": 3598653427.824513,
      "e_log_p_nodes": -12796.239826280267,
      "e_log_p_bonds": -1652.718856384988,
      "e_log_p_tau": -0.0001,
      "h_nodes": 6489.75010173972,
      "h_bonds": 87.0,
      "h_tau": -11.791269113840826,
      "tau_mean": 0.0001,
      "bond_mean_avg": 1.0,
      "n_parameters": 6120,
      "dim_x0": 17,
      "dim_b0": 18,
      "dim_x1": 17,
      "dim_b1": 18,
      "dim_x2": 17
    },
    {
      "step": 3,
      "train_loss": 111350.12698383567,
      "train_quality": 0.7326986635290598,
      "val_loss": 114354.15286677601,
      "val_quality": 0.7255261440600846,
      "test_quality": 0.719240408023193,
      "patience_counter": 0,
      "elbo_raw": -71940.20309578648,
      "elbo_relative": 3598656017.8442726,
      "e_log_p_nodes": -11036.559060489157,
      "e_log_p_bonds": -1652.718856384988,
      "e_log_p_tau": -0.0001,
      "h_nodes": 6801.777179775712,
      "h_bonds": 87.0,
      "h_tau": -11.791269113840826,
      "tau_mean": 0.0001,
      "bond_mean_avg": 1.0,
      "n_parameters": 6120,
      "dim_x0": 17,
      "dim_b0": 18,
      "dim_x1": 17,
      "dim_b1": 18,
      "dim_x2": 17
    },
    {
      "step": 4,
      "train_loss": 111354.72157699673,
      "train_quality": 0.7326876339871475,
      "val_loss": 114238.04839471131,
      "val_quality": 0.7258048190477486,
      "test_quality": 0.7181058186436196,
      "patience_counter": 0,
      "elbo_raw": -71413.51135755767,
      "elbo_relative": 3598656544.5360107,
      "e_log_p_nodes": -10570.738743732527,
      "e_log_p_bonds": -1652.718856384988,
      "e_log_p_tau": -0.0001,
      "h_nodes": 6865.409532859201,
      "h_bonds": 87.0,
      "h_tau": -11.791269113840826,
      "tau_mean": 0.0001,
      "bond_mean_avg": 1.0,
      "n_parameters": 6120,
      "dim_x0": 17,
      "dim_b0": 18,
      "dim_x1": 17,
      "dim_b1": 18,
      "dim_x2": 17
    },
    {
      "step": 5,
      "train_loss": 111371.19785571037,
      "train_quality": 0.7326480818874821,
      "val_loss": 114004.35882531048,
      "val_quality": 0.7263657228330367,
      "test_quality": 0.7174966228697686,
      "patience_counter": 0,
      "elbo_raw": -71182.388349563,
      "elbo_relative": 3598656775.659019,
      "e_log_p_nodes": -10368.256825674463,
      "e_log_p_bonds": -1652.718856384988,
      "e_log_p_tau": -0.0001,
      "h_nodes": 6899.538909729681,
      "h_bonds": 87.0,
      "h_tau": -11.791269113840826,
      "tau_mean": 0.0001,
      "bond_mean_avg": 1.0,
      "n_parameters": 6120,
      "dim_x0": 17,
      "dim_b0": 18,
      "dim_x1": 17,
      "dim_b1": 18,
      "dim_x2": 17
    },
    {
      "step": 6,
      "train_loss": 111407.09412942245,
      "train_quality": 0.7325619111555981,
      "val_loss": 113953.3278381039,
      "val_quality": 0.7264882078629187,
      "test_quality": 0.7173411375100309,
      "patience_counter": 0,
      "elbo_raw": -67070.33516141382,
      "elbo_relative": 3598660887.7122073,
      "e_log_p_nodes": -6271.152930750501,
      "e_log_p_bonds": -1526.8461531491628,
      "e_log_p_tau": -0.0001,
      "h_nodes": 6925.379879567103,
      "h_bonds": -37.9374411966579,
      "h_tau": -11.791269113840826,
      "tau_mean": 0.0001,
      "bond_mean_avg": 1.9137251198902003,
      "n_parameters": 6120,
      "dim_x0": 17,
      "dim_b0": 18,
      "dim_x1": 17,
      "dim_b1": 18,
      "dim_x2": 17
    },
    {
      "step": 7,
      "train_loss": 115396.9605937415,
      "train_quality": 0.7229840447701572,
      "val_loss": 118291.33101001724,
      "val_quality": 0.7160760940233646,
      "test_quality": 0.7179064386655434,
      "patience_counter": 1,
      "elbo_raw": -63127.0706181115,
      "elbo_relative": 3598664830.9767504,
      "e_log_p_nodes": -6265.46540285095,
      "e_log_p_bonds": -1633.7846442629852,
      "e_log_p_tau": -0.0001,
      "h_nodes": 12176.773739602064,
      "h_bonds": -41.659228639268036,
      "h_tau": -11.791269113840826,
      "tau_mean": 0.0001,
      "bond_mean_avg": 2.7763103488993695,
      "n_parameters": 6120,
      "dim_x0": 17,
      "dim_b0": 18,
      "dim_x1": 17,
      "dim_b1": 18,
      "dim_x2": 17
    },
    {
      "step": 8,
      "train_loss": 127545.11214553847,
      "train_quality": 0.6938218225670496,
      "val_loss": 135182.02981209327,
      "val_quality": 0.6755348883609293,
      "test_quality": 0.6955879348713035,
      "patience_counter": 2,
      "elbo_raw": -62131.996409475905,
      "elbo_relative": 3598665826.050959,
      "e_log_p_nodes": -6249.895326385519,
      "e_log_p_bonds": -1819.237099754102,
      "e_log_p_tau": -0.0001,
      "h_nodes": 16976.417628590854,
      "h_bonds": -50.61206431097525,
      "h_tau": -11.791269113840826,
      "tau_mean": 0.0001,
      "bond_mean_avg": 4.00628344153492,
      "n_parameters": 6120,
      "dim_x0": 17,
      "dim_b0": 18,
      "dim_x1": 17,
      "dim_b1": 18,
      "dim_x2": 17
    },
    {
      "step": 9,
      "train_loss": 141891.49057772857,
      "train_quality": 0.6593826509889249,
      "val_loss": 148671.75942184764,
      "val_quality": 0.6431567192367202,
      "test_quality": 0.6606137900326874,
      "patience_counter": 3,