{
  "experiment_name": "kfold_seoulBike",
  "run_name": "seoulBike-MPO2-L3-d18-seed42806-fold0",
  "config": {
    "params": {
      "model": "MPO2",
      "L": 3,
      "bond_dim": 18,
      "init_strength": 0.01,
      "bond_prior_alpha": 1.0,
      "added_bias": false,
      "n_epochs": 100,
      "batch_size": 256,
      "patience": 100,
      "min_delta": 0.0001,
      "warmup_epochs": 5,
      "trim_every": 3,
      "trimming_threshold": 0.3,
      "trim_method": "relevance",
      "soft_trim_relaxation": 2
    },
    "fold": 0,
    "seed": 42806
  },
  "hparams": {
    "seed": 42806,
    "fold": 0,
    "dataset": "seoulBike",
    "n_features": 17,
    "n_train": 5957,
    "n_val": 1051,
    "n_test": 1752,
    "L": 3,
    "bond_dim": 18,
    "model": "MPO2",
    "init_strength": 0.01,
    "bond_prior_alpha": 1.0,
    "added_bias": false,
    "n_epochs": 100,
    "batch_size": 256,
    "patience": 100,
    "min_delta": 0.0001,
    "warmup_epochs": 5,
    "trim_every": 3,
    "trimming_threshold": 0.3,
    "trim_method": "relevance",
    "soft_trim_relaxation": 2
  },
  "metrics_log": [
    {
      "step": 0,
      "train_loss": 926596.1783657238,
      "train_quality": -1.171037762012047,
      "val_loss": 1354057.2990770042,
      "val_quality": -2.7513486831131955,
      "patience_counter": 0,
      "elbo_raw": -2763256644.6583276,
      "elbo_relative": 0.0,
      "e_log_p_nodes": -6185.52012673596,
      "e_log_p_bonds": -1652.718856384988,
      "e_log_p_tau": -1.0,
      "h_nodes": -3169.2678578519253,
      "h_bonds": 87.0,
      "h_tau": 1.0,
      "tau_mean": 1.0,
      "bond_mean_avg": 1.0,
      "n_parameters": 6120,
      "dim_x0": 17,
      "dim_b0": 18,
      "dim_x1": 17,
      "dim_b1": 18,
      "dim_x2": 17
    },
    {
      "step": 1,
      "train_loss": 106660.9519540372,
      "train_quality": 0.7500907516877653,
      "val_loss": 3691624.838080927,
      "val_quality": -9.227463774481889,
      "test_quality": -6.050499557717342,
      "patience_counter": 0,
      "elbo_raw": -195782.64626430275,
      "elbo_relative": 2763060862.0120635,
      "e_log_p_nodes": -130443.3380932403,
      "e_log_p_bonds": -1652.718856384988,
      "e_log_p_tau": -0.0001,
      "h_nodes": 914.782191420526,
      "h_bonds": 87.0,
      "h_tau": -11.791269113840826,
      "tau_mean": 0.0001,
      "bond_mean_avg": 1.0,
      "n_parameters": 6120,
      "dim_x0": 17,
      "dim_b0": 18,
      "dim_x1": 17,
      "dim_b1": 18,
      "dim_x2": 17
    },
    {
      "step": 2,
      "train_loss": 111987.51540957943,
      "train_quality": 0.7376104817775961,
      "val_loss": 307818.7155192662,
      "val_quality": 0.1472034943514412,
      "test_quality": 0.6536575114326562,
      "patience_counter": 0,
      "elbo_raw": -74350.1179051747,
      "elbo_relative": 2763182294.5404224,
      "e_log_p_nodes": -12933.249855805161,
      "e_log_p_bonds": -1652.718856384988,
      "e_log_p_tau": -0.0001,
      "h_nodes": 6471.372089679853,
      "h_bonds": 87.0,
      "h_tau": -11.791269113840826,
      "tau_mean": 0.0001,
      "bond_mean_avg": 1.0,
      "n_parameters": 6120,
      "dim_x0": 17,
      "dim_b0": 18,
      "dim_x1": 17,
      "dim_b1": 18,
      "dim_x2": 17
    },
    {
      "step": 3,
      "train_loss": 110274.1749115982,
      "train_quality": 0.7416248809378241,
      "val_loss": 580374.5359089805,
      "val_quality": -0.6078989068473473,
      "test_quality": 0.6353430433351772,
      "patience_counter": 1,
      "elbo_raw": -72028.09149145488,
      "elbo_relative": 2763184616.5668364,
      "e_log_p_nodes": -11440.51235835968,
      "e_log_p_bonds": -1652.718856384988,
      "e_log_p_tau": -0.0001,
      "h_nodes": 6794.551045192454,
      "h_bonds": 87.0,
      "h_tau": -11.791269113840826,
      "tau_mean": 0.0001,
      "bond_mean_avg": 1.0,
      "n_parameters": 6120,
      "dim_x0": 17,
      "dim_b0": 18,
      "dim_x1": 17,
      "dim_b1": 18,
      "dim_x2": 17
    },
    {
      "step": 4,
      "train_loss": 110312.51938402746,
      "train_quality": 0.7415350388906063,
      "val_loss": 611051.9290054752,
      "val_quality": -0.6928891050260555,
      "test_quality": 0.6303755947240886,
      "patience_counter": 2,
      "elbo_raw": -71499.13399136982,
      "elbo_relative": 2763185145.5243363,
      "e_log_p_nodes": -10948.83116042021,
      "e_log_p_bonds": -1652.718856384988,
      "e_log_p_tau": -0.0001,
      "h_nodes": 6845.674385547352,
      "h_bonds": 87.0,
      "h_tau": -11.791269113840826,
      "tau_mean": 0.0001,
      "bond_mean_avg": 1.0,
      "n_parameters": 6120,
      "dim_x0": 17,
      "dim_b0": 18,
      "dim_x1": 17,
      "dim_b1": 18,
      "dim_x2": 17
    },
    {
      "step": 5,
      "train_loss": 110356.73633905161,
      "train_quality": 0.7414314374714338,
      "val_loss": 634693.7405701124,
      "val_quality": -0.7583875730302283,
      "test_quality": 0.6231160021939404,
      "patience_counter": 3,
      "elbo_raw": -71270.20657048305,
      "elbo_relative": 2763185374.451757,
      "e_log_p_nodes": -10731.767077688664,
      "e_log_p_bonds": -1652.718856384988,
      "e_log_p_tau": -0.0001,
      "h_nodes": 6871.850259800707,
      "h_bonds": 87.0,
      "h_tau": -11.791269113840826,
      "tau_mean": 0.0001,
      "bond_mean_avg": 1.0,
      "n_parameters": 6120,
      "dim_x0": 17,
      "dim_b0": 18,
      "dim_x1": 17,
      "dim_b1": 18,
      "dim_x2": 17
    },
    {
      "step": 6,
      "train_loss": 110401.66774893289,
      "train_quality": 0.7413261620668614,
      "val_loss": 641999.2886538503,
      "val_quality": -0.7786272321657994,
      "test_quality": 0.6192648041682787,
      "patience_counter": 4,
      "elbo_raw": -66821.86046268788,
      "elbo_relative": 2763189822.797865,
      "e_log_p_nodes": -6269.449621967389,
      "e_log_p_bonds": -1543.3279397666483,
      "e_log_p_tau": -0.0001,
      "h_nodes": 6889.957633046845,
      "h_bonds": -40.35595567618323,
      "h_tau": -11.791269113840826,
      "tau_mean": 0.0001,
      "bond_mean_avg": 1.851500312433674,
      "n_parameters": 6120,
      "dim_x0": 17,
      "dim_b0": 18,
      "dim_x1": 17,
      "dim_b1": 18,
      "dim_x2": 17
    },
    {
      "step": 7,
      "train_loss": 115110.36492724298,
      "train_quality": 0.7302935681249987,
      "val_loss": 655522.8568677605,
      "val_quality": -0.8160936081048566,
      "test_quality": 0.6780593841055894,
      "patience_counter": 5,
      "elbo_raw": -63031.40180390648,
      "elbo_relative": 2763193613.2565236,
      "e_log_p_nodes": -6266.37471374637,
      "e_log_p_bonds": -1645.3392826189308,
      "e_log_p_tau": -0.0001,
      "h_nodes": 12196.42556866561,
      "h_bonds": -42.44025833697393,
      "h_tau": -11.791269113840826,
      "tau_mean": 0.0001,
      "bond_mean_avg": 2.8289907071200178,
      "n_parameters": 6120,
      "dim_x0": 17,
      "dim_b0": 18,
      "dim_x1": 17,
      "dim_b1": 18,
      "dim_x2": 17
    },
    {
      "step": 8,
      "train_loss": 124148.41584654718,
      "train_quality": 0.709117191296632,
      "val_loss": 658221.0094472298,
      "val_quality": -0.8235687061917176,
      "test_quality": 0.6385045333529749,
      "patience_counter": 6,
      "elbo_raw": -61119.792846214856,
      "elbo_relative": 2763195524.8654814,
      "e_log_p_nodes": -6248.516834280641,
      "e_log_p_bonds": -1830.1143726772275,
      "e_log_p_tau": -0.0001,
      "h_nodes": 16983.034823829126,
      "h_bonds": -51.4417222364994,
      "h_tau": -11.791269113840826,
      "tau_mean": 0.0001,
      "bond_mean_avg": 4.045409852229835,
      "n_parameters": 6120,
      "dim_x0": 17,
      "dim_b0": 18,
      "dim_x1": 17,
      "dim_b1": 18,
      "dim_x2": 17
    },
    {
      "step": 9,
      "train_loss": 132825.9725451354,
      "train_quality": 0.6887854613429608,
      "val_loss": 1284485.3067005002,
      "val_quality": -2.5586029240075336,
      "test_quality": 0.47172921369272114,
      "patience_counter": 7,