{
  "experiment_name": "kfold_seoulBike",
  "run_name": "seoulBike-MPO2-L3-d18-seed42806-fold2",
  "config": {
    "params": {
      "model": "MPO2",
      "L": 3,
      "bond_dim": 18,
      "init_strength": 0.01,
      "bond_prior_alpha": 1.0,
      "added_bias": false,
      "n_epochs": 100,
      "batch_size": 256,
      "patience": 100,
      "min_delta": 0.0001,
      "warmup_epochs": 5,
      "trim_every": 3,
      "trimming_threshold": 0.3,
      "trim_method": "relevance",
      "soft_trim_relaxation": 2
    },
    "fold": 2,
    "seed": 42806
  },
  "hparams": {
    "seed": 42806,
    "fold": 2,
    "dataset": "seoulBike",
    "n_features": 17,
    "n_train": 5957,
    "n_val": 1051,
    "n_test": 1752,
    "L": 3,
    "bond_dim": 18,
    "model": "MPO2",
    "init_strength": 0.01,
    "bond_prior_alpha": 1.0,
    "added_bias": false,
    "n_epochs": 100,
    "batch_size": 256,
    "patience": 100,
    "min_delta": 0.0001,
    "warmup_epochs": 5,
    "trim_every": 3,
    "trimming_threshold": 0.3,
    "trim_method": "relevance",
    "soft_trim_relaxation": 2
  },
  "metrics_log": [
    {
      "step": 0,
      "train_loss": 918383.9172488323,
      "train_quality": -1.2202375169583166,
      "val_loss": 1300102.2625426743,
      "val_quality": -2.2177795414564305,
      "patience_counter": 0,
      "elbo_raw": -2740906736.079463,
      "elbo_relative": 0.0,
      "e_log_p_nodes": -6185.52012673596,
      "e_log_p_bonds": -1652.718856384988,
      "e_log_p_tau": -1.0,
      "h_nodes": -3169.2678578519253,
      "h_bonds": 87.0,
      "h_tau": 1.0,
      "tau_mean": 1.0,
      "bond_mean_avg": 1.0,
      "n_parameters": 6120,
      "dim_x0": 17,
      "dim_b0": 18,
      "dim_x1": 17,
      "dim_b1": 18,
      "dim_x2": 17
    },
    {
      "step": 1,
      "train_loss": 107122.71380101396,
      "train_quality": 0.7410256608022041,
      "val_loss": 246187.94624663566,
      "val_quality": 0.3906798260343791,
      "test_quality": 0.24628961887036727,
      "patience_counter": 0,
      "elbo_raw": -247231.37807812524,
      "elbo_relative": 2740659504.701385,
      "e_log_p_nodes": -181743.39129813173,
      "e_log_p_bonds": -1652.718856384988,
      "e_log_p_tau": -0.0001,
      "h_nodes": 903.6393560025372,
      "h_bonds": 87.0,
      "h_tau": -11.791269113840826,
      "tau_mean": 0.0001,
      "bond_mean_avg": 1.0,
      "n_parameters": 6120,
      "dim_x0": 17,
      "dim_b0": 18,
      "dim_x1": 17,
      "dim_b1": 18,
      "dim_x2": 17
    },
    {
      "step": 2,
      "train_loss": 111579.75790354477,
      "train_quality": 0.7302505412195127,
      "val_loss": 156531.83131484297,
      "val_quality": 0.6125805339292856,
      "test_quality": 0.7226488659566257,
      "patience_counter": 0,
      "elbo_raw": -73241.03233896768,
      "elbo_relative": 2740833495.047124,
      "e_log_p_nodes": -11955.894353562775,
      "e_log_p_bonds": -1652.718856384988,
      "e_log_p_tau": -0.0001,
      "h_nodes": 6481.617703056679,
      "h_bonds": 87.0,
      "h_tau": -11.791269113840826,
      "tau_mean": 0.0001,
      "bond_mean_avg": 1.0,
      "n_parameters": 6120,
      "dim_x0": 17,
      "dim_b0": 18,
      "dim_x1": 17,
      "dim_b1": 18,
      "dim_x2": 17
    },
    {
      "step": 3,
      "train_loss": 110617.71480234375,
      "train_quality": 0.7325763269242712,
      "val_loss": 298957.26321040373,
      "val_quality": 0.26007469331923694,
      "test_quality": 0.7319383284314858,
      "patience_counter": 1,
      "elbo_raw": -71512.04194499746,
      "elbo_relative": 2740835224.037518,
      "e_log_p_nodes": -10854.112727572745,
      "e_log_p_bonds": -1652.718856384988,
      "e_log_p_tau": -0.0001,
      "h_nodes": 6828.416255777944,
      "h_bonds": 87.0,
      "h_tau": -11.791269113840826,
      "tau_mean": 0.0001,
      "bond_mean_avg": 1.0,
      "n_parameters": 6120,
      "dim_x0": 17,
      "dim_b0": 18,
      "dim_x1": 17,
      "dim_b1": 18,
      "dim_x2": 17
    },
    {
      "step": 4,
      "train_loss": 110545.91660061151,
      "train_quality": 0.7327499025478661,
      "val_loss": 340535.1524535781,
      "val_quality": 0.15716857182540067,
      "test_quality": 0.7343887149877553,
      "patience_counter": 2,
      "elbo_raw": -71167.83353969504,
      "elbo_relative": 2740835568.2459235,
      "e_log_p_nodes": -10566.049293074893,
      "e_log_p_bonds": -1652.718856384988,
      "e_log_p_tau": -0.0001,
      "h_nodes": 6864.878346657763,
      "h_bonds": 87.0,
      "h_tau": -11.791269113840826,
      "tau_mean": 0.0001,
      "bond_mean_avg": 1.0,
      "n_parameters": 6120,
      "dim_x0": 17,
      "dim_b0": 18,
      "dim_x1": 17,
      "dim_b1": 18,
      "dim_x2": 17
    },
    {
      "step": 5,
      "train_loss": 110550.45680509928,
      "train_quality": 0.732738926384032,
      "val_loss": 349934.8578650123,
      "val_quality": 0.13390410975956568,
      "test_quality": 0.7353519785893134,
      "patience_counter": 3,
      "elbo_raw": -70994.61496405849,
      "elbo_relative": 2740835741.464499,
      "e_log_p_nodes": -10413.365578672589,
      "e_log_p_bonds": -1652.718856384988,
      "e_log_p_tau": -0.0001,
      "h_nodes": 6888.194137344278,
      "h_bonds": 87.0,
      "h_tau": -11.791269113840826,
      "tau_mean": 0.0001,
      "bond_mean_avg": 1.0,
      "n_parameters": 6120,
      "dim_x0": 17,
      "dim_b0": 18,
      "dim_x1": 17,
      "dim_b1": 18,
      "dim_x2": 17
    },
    {
      "step": 6,
      "train_loss": 110580.08196197993,
      "train_quality": 0.7326673061351177,
      "val_loss": 341397.40471727407,
      "val_quality": 0.15503447993614483,
      "test_quality": 0.7356985984697646,
      "patience_counter": 4,
      "elbo_raw": -66853.05183239351,
      "elbo_relative": 2740839883.027631,
      "e_log_p_nodes": -6275.768566676128,
      "e_log_p_bonds": -1530.713727610651,
      "e_log_p_tau": -0.0001,
      "h_nodes": 6905.551007096453,
      "h_bonds": -38.851075489212235,
      "h_tau": -11.791269113840826,
      "tau_mean": 0.0001,
      "bond_mean_avg": 1.862193505022865,
      "n_parameters": 6120,
      "dim_x0": 17,
      "dim_b0": 18,
      "dim_x1": 17,
      "dim_b1": 18,
      "dim_x2": 17
    },
    {
      "step": 7,
      "train_loss": 114816.92128412714,
      "train_quality": 0.7224245422542617,
      "val_loss": 452569.685179571,
      "val_quality": -0.12011917524557103,
      "test_quality": 0.7186211048067773,
      "patience_counter": 5,
      "elbo_raw": -62954.101644600814,
      "elbo_relative": 2740843781.9778185,
      "e_log_p_nodes": -6268.922883245937,
      "e_log_p_bonds": -1629.6604329641896,
      "e_log_p_tau": -0.0001,
      "h_nodes": 12174.15743409912,
      "h_bonds": -41.07842324476462,
      "h_tau": -11.791269113840826,
      "tau_mean": 0.0001,
      "bond_mean_avg": 2.7884268713642877,
      "n_parameters": 6120,
      "dim_x0": 17,
      "dim_b0": 18,
      "dim_x1": 17,
      "dim_b1": 18,
      "dim_x2": 17
    },
    {
      "step": 8,
      "train_loss": 124584.00899707088,
      "train_quality": 0.6988121355424128,
      "val_loss": 242208.6114150028,
      "val_quality": 0.4005287606749439,
      "test_quality": 0.6952405867693359,
      "patience_counter": 6,
      "elbo_raw": -61274.17187361913,
      "elbo_relative": 2740845461.9075894,
      "e_log_p_nodes": -6248.68210348951,
      "e_log_p_bonds": -1815.4014370086697,
      "e_log_p_tau": -0.0001,
      "h_nodes": 16945.51687216463,
      "h_bonds": -49.93595255808956,
      "h_tau": -11.791269113840826,
      "tau_mean": 0.0001,
      "bond_mean_avg": 4.031444939430586,
      "n_parameters": 6120,
      "dim_x0": 17,
      "dim_b0": 18,
      "dim_x1": 17,
      "dim_b1": 18,
      "dim_x2": 17
    },
    {
      "step": 9,
      "train_loss": 135981.23892470787,
      "train_quality": 0.6712587812213315,
      "val_loss": 262139.4912892748,
      "val_quality": 0.35119942762907275,
      "test_quality": 0.6578301326906401,