{
  "experiment_name": "kfold_seoulBike",
  "run_name": "seoulBike-MPO2-L3-d18-seed42806-fold3",
  "config": {
    "params": {
      "model": "MPO2",
      "L": 3,
      "bond_dim": 18,
      "init_strength": 0.01,
      "bond_prior_alpha": 1.0,
      "added_bias": false,
      "n_epochs": 100,
      "batch_size": 256,
      "patience": 100,
      "min_delta": 0.0001,
      "warmup_epochs": 5,
      "trim_every": 3,
      "trimming_threshold": 0.3,
      "trim_method": "relevance",
      "soft_trim_relaxation": 2
    },
    "fold": 3,
    "seed": 42806
  },
  "hparams": {
    "seed": 42806,
    "fold": 3,
    "dataset": "seoulBike",
    "n_features": 17,
    "n_train": 5957,
    "n_val": 1051,
    "n_test": 1752,
    "L": 3,
    "bond_dim": 18,
    "model": "MPO2",
    "init_strength": 0.01,
    "bond_prior_alpha": 1.0,
    "added_bias": false,
    "n_epochs": 100,
    "batch_size": 256,
    "patience": 100,
    "min_delta": 0.0001,
    "warmup_epochs": 5,
    "trim_every": 3,
    "trimming_threshold": 0.3,
    "trim_method": "relevance",
    "soft_trim_relaxation": 2
  },
  "metrics_log": [
    {
      "step": 0,
      "train_loss": 999897.2345193933,
      "train_quality": -1.4251615712758894,
      "val_loss": 927424.822790911,
      "val_quality": -1.2256433463656013,
      "patience_counter": 0,
      "elbo_raw": -2990967004.530434,
      "elbo_relative": 0.0,
      "e_log_p_nodes": -6185.52012673596,
      "e_log_p_bonds": -1652.718856384988,
      "e_log_p_tau": -1.0,
      "h_nodes": -3169.2678578519253,
      "h_bonds": 87.0,
      "h_tau": 1.0,
      "tau_mean": 1.0,
      "bond_mean_avg": 1.0,
      "n_parameters": 6120,
      "dim_x0": 17,
      "dim_b0": 18,
      "dim_x1": 17,
      "dim_b1": 18,
      "dim_x2": 17
    },
    {
      "step": 1,
      "train_loss": 106683.59447804025,
      "train_quality": 0.7412484556594643,
      "val_loss": 231113.63776342254,
      "val_quality": 0.44537118534891973,
      "test_quality": 0.07777951127375404,
      "patience_counter": 0,
      "elbo_raw": -216651.51462157888,
      "elbo_relative": 2990750353.0158124,
      "e_log_p_nodes": -151265.11046386033,
      "e_log_p_bonds": -1652.718856384988,
      "e_log_p_tau": -0.0001,
      "h_nodes": 874.4302904283591,
      "h_bonds": 87.0,
      "h_tau": -11.791269113840826,
      "tau_mean": 0.0001,
      "bond_mean_avg": 1.0,
      "n_parameters": 6120,
      "dim_x0": 17,
      "dim_b0": 18,
      "dim_x1": 17,
      "dim_b1": 18,
      "dim_x2": 17
    },
    {
      "step": 2,
      "train_loss": 111806.52105705015,
      "train_quality": 0.7288232541057722,
      "val_loss": 113422.58200325121,
      "val_quality": 0.7278073556372175,
      "test_quality": 0.7138691617718578,
      "patience_counter": 0,
      "elbo_raw": -74397.5158188726,
      "elbo_relative": 2990892607.014615,
      "e_log_p_nodes": -13044.420920492768,
      "e_log_p_bonds": -1652.718856384988,
      "e_log_p_tau": -0.0001,
      "h_nodes": 6481.274611515329,
      "h_bonds": 87.0,
      "h_tau": -11.791269113840826,
      "tau_mean": 0.0001,
      "bond_mean_avg": 1.0,
      "n_parameters": 6120,
      "dim_x0": 17,
      "dim_b0": 18,
      "dim_x1": 17,
      "dim_b1": 18,
      "dim_x2": 17
    },
    {
      "step": 3,
      "train_loss": 110577.61932595167,
      "train_quality": 0.7318038456608303,
      "val_loss": 116344.73867635457,
      "val_quality": 0.7207947348870433,
      "test_quality": 0.7088396434325726,
      "patience_counter": 1,
      "elbo_raw": -72045.38819413046,
      "elbo_relative": 2990894959.14224,
      "e_log_p_nodes": -11376.55479815674,
      "e_log_p_bonds": -1652.718856384988,
      "e_log_p_tau": -0.0001,
      "h_nodes": 6804.569792000277,
      "h_bonds": 87.0,
      "h_tau": -11.791269113840826,
      "tau_mean": 0.0001,
      "bond_mean_avg": 1.0,
      "n_parameters": 6120,
      "dim_x0": 17,
      "dim_b0": 18,
      "dim_x1": 17,
      "dim_b1": 18,
      "dim_x2": 17
    },
    {
      "step": 4,
      "train_loss": 110473.62138678404,
      "train_quality": 0.7320560833877228,
      "val_loss": 115490.9494280047,
      "val_quality": 0.7228436668469083,
      "test_quality": 0.7112368414686683,
      "patience_counter": 2,
      "elbo_raw": -71523.44498325538,
      "elbo_relative": 2990895481.0854506,
      "e_log_p_nodes": -10924.65475519776,
      "e_log_p_bonds": -1652.718856384988,
      "e_log_p_tau": -0.0001,
      "h_nodes": 6845.210449832437,
      "h_bonds": 87.0,
      "h_tau": -11.791269113840826,
      "tau_mean": 0.0001,
      "bond_mean_avg": 1.0,
      "n_parameters": 6120,
      "dim_x0": 17,
      "dim_b0": 18,
      "dim_x1": 17,
      "dim_b1": 18,
      "dim_x2": 17
    },
    {
      "step": 5,
      "train_loss": 110502.52805631053,
      "train_quality": 0.7319859728386894,
      "val_loss": 115043.05216946322,
      "val_quality": 0.723918535158421,
      "test_quality": 0.7119330750301751,
      "patience_counter": 3,
      "elbo_raw": -71287.1218353559,
      "elbo_relative": 2990895717.408599,
      "e_log_p_nodes": -10702.202525172897,
      "e_log_p_bonds": -1652.718856384988,
      "e_log_p_tau": -0.0001,
      "h_nodes": 6868.461597857506,
      "h_bonds": 87.0,
      "h_tau": -11.791269113840826,
      "tau_mean": 0.0001,
      "bond_mean_avg": 1.0,
      "n_parameters": 6120,
      "dim_x0": 17,
      "dim_b0": 18,
      "dim_x1": 17,
      "dim_b1": 18,
      "dim_x2": 17
    },
    {
      "step": 6,
      "train_loss": 110539.27981121642,
      "train_quality": 0.7318968347346946,
      "val_loss": 114617.932654075,
      "val_quality": 0.7249387412145696,
      "test_quality": 0.7119708463206598,
      "patience_counter": 4,
      "elbo_raw": -66879.77138319,
      "elbo_relative": 2990900124.759051,
      "e_log_p_nodes": -6271.11201899733,
      "e_log_p_bonds": -1555.1855630479488,
      "e_log_p_tau": -0.0001,
      "h_nodes": 6886.977796483504,
      "h_bonds": -41.480176140128,
      "h_tau": -11.791269113840826,
      "tau_mean": 0.0001,
      "bond_mean_avg": 1.8719866957196498,
      "n_parameters": 6120,
      "dim_x0": 17,
      "dim_b0": 18,
      "dim_x1": 17,
      "dim_b1": 18,
      "dim_x2": 17
    },
    {
      "step": 7,
      "train_loss": 115531.09225829113,
      "train_quality": 0.7197896388152248,
      "val_loss": 124562.0270099605,
      "val_quality": 0.7010748043272582,
      "test_quality": 0.6914763047076681,
      "patience_counter": 5,
      "elbo_raw": -63192.91325262752,
      "elbo_relative": 2990903811.6171813,
      "e_log_p_nodes": -6270.019473047964,
      "e_log_p_bonds": -1647.2792057029224,
      "e_log_p_tau": -0.0001,
      "h_nodes": 12166.703834338561,
      "h_bonds": -43.2689943597822,
      "h_tau": -11.791269113840826,
      "tau_mean": 0.0001,
      "bond_mean_avg": 2.764159740490377,
      "n_parameters": 6120,
      "dim_x0": 17,
      "dim_b0": 18,
      "dim_x1": 17,
      "dim_b1": 18,
      "dim_x2": 17
    },
    {
      "step": 8,
      "train_loss": 126607.40833098257,
      "train_quality": 0.6929250219691665,
      "val_loss": 136906.71327887013,
      "val_quality": 0.6714499030067511,
      "test_quality": 0.6711000824051433,
      "patience_counter": 6,
      "elbo_raw": -61902.73024145927,
      "elbo_relative": 2990905101.800193,
      "e_log_p_nodes": -6249.376661972089,
      "e_log_p_bonds": -1823.0838475415183,
      "e_log_p_tau": -0.0001,
      "h_nodes": 16928.63375161504,
      "h_bonds": -51.580390008074176,
      "h_tau": -11.791269113840826,
      "tau_mean": 0.0001,
      "bond_mean_avg": 3.948356515642344,
      "n_parameters": 6120,
      "dim_x0": 17,
      "dim_b0": 18,
      "dim_x1": 17,
      "dim_b1": 18,
      "dim_x2": 17
    },
    {
      "step": 9,
      "train_loss": 141339.2120886924,
      "train_quality": 0.6571943457402758,
      "val_loss": 160532.29540436144,
      "val_quality": 0.6147529952149391,
      "test_quality": 0.6372659899370761,
      "patience_counter": 7,