{
  "experiment_name": "kfold_seoulBike",
  "run_name": "seoulBike-MPO2-L3-d18-seed47659-fold0",
  "config": {
    "params": {
      "model": "MPO2",
      "L": 3,
      "bond_dim": 18,
      "init_strength": 0.01,
      "bond_prior_alpha": 1.0,
      "added_bias": false,
      "n_epochs": 100,
      "batch_size": 256,
      "patience": 100,
      "min_delta": 0.0001,
      "warmup_epochs": 5,
      "trim_every": 3,
      "trimming_threshold": 0.3,
      "trim_method": "relevance",
      "soft_trim_relaxation": 2
    },
    "fold": 0,
    "seed": 47659
  },
  "hparams": {
    "seed": 47659,
    "fold": 0,
    "dataset": "seoulBike",
    "n_features": 17,
    "n_train": 5957,
    "n_val": 1051,
    "n_test": 1752,
    "L": 3,
    "bond_dim": 18,
    "model": "MPO2",
    "init_strength": 0.01,
    "bond_prior_alpha": 1.0,
    "added_bias": false,
    "n_epochs": 100,
    "batch_size": 256,
    "patience": 100,
    "min_delta": 0.0001,
    "warmup_epochs": 5,
    "trim_every": 3,
    "trimming_threshold": 0.3,
    "trim_method": "relevance",
    "soft_trim_relaxation": 2
  },
  "metrics_log": [
    {
      "step": 0,
      "train_loss": 1032077.9485028452,
      "train_quality": -1.4587847771376605,
      "val_loss": 940633.2340577908,
      "val_quality": -1.4343431314272905,
      "patience_counter": 0,
      "elbo_raw": -3079588154.274339,
      "elbo_relative": 0.0,
      "e_log_p_nodes": -6185.520126735959,
      "e_log_p_bonds": -1652.718856384988,
      "e_log_p_tau": -1.0,
      "h_nodes": -3169.2678578519253,
      "h_bonds": 87.0,
      "h_tau": 1.0,
      "tau_mean": 1.0,
      "bond_mean_avg": 1.0,
      "n_parameters": 6120,
      "dim_x0": 17,
      "dim_b0": 18,
      "dim_x1": 17,
      "dim_b1": 18,
      "dim_x2": 17
    },
    {
      "step": 1,
      "train_loss": 107402.55944123508,
      "train_quality": 0.7441280684634224,
      "val_loss": 150241.6100306653,
      "val_quality": 0.6111772174421628,
      "test_quality": 0.6412273085177725,
      "patience_counter": 0,
      "elbo_raw": -182004.6224757658,
      "elbo_relative": 3079406149.6518636,
      "e_log_p_nodes": -116614.74633041253,
      "e_log_p_bonds": -1652.718856384988,
      "e_log_p_tau": -0.0001,
      "h_nodes": 1085.1020053982834,
      "h_bonds": 87.0,
      "h_tau": -11.791269113840826,
      "tau_mean": 0.0001,
      "bond_mean_avg": 1.0,
      "n_parameters": 6120,
      "dim_x0": 17,
      "dim_b0": 18,
      "dim_x1": 17,
      "dim_b1": 18,
      "dim_x2": 17
    },
    {
      "step": 2,
      "train_loss": 113362.99979586393,
      "train_quality": 0.729928133245101,
      "val_loss": 101834.5889347665,
      "val_quality": 0.7364537811983796,
      "test_quality": 0.5906937781559771,
      "patience_counter": 0,
      "elbo_raw": -75530.39832091624,
      "elbo_relative": 3079512623.876018,
      "e_log_p_nodes": -13724.072548295673,
      "e_log_p_bonds": -1652.718856384988,
      "e_log_p_tau": -0.0001,
      "h_nodes": 6495.136104257058,
      "h_bonds": 87.0,
      "h_tau": -11.791269113840826,
      "tau_mean": 0.0001,
      "bond_mean_avg": 1.0,
      "n_parameters": 6120,
      "dim_x0": 17,
      "dim_b0": 18,
      "dim_x1": 17,
      "dim_b1": 18,
      "dim_x2": 17
    },
    {
      "step": 3,
      "train_loss": 111384.7708879989,
      "train_quality": 0.7346409934814893,
      "val_loss": 99464.19998911963,
      "val_quality": 0.7425883082804752,
      "test_quality": 0.6233857714761503,
      "patience_counter": 0,
      "elbo_raw": -72539.51407599894,
      "elbo_relative": 3079515614.760263,
      "e_log_p_nodes": -11624.800135656726,
      "e_log_p_bonds": -1652.718856384988,
      "e_log_p_tau": -0.0001,
      "h_nodes": 6798.562113132097,
      "h_bonds": 87.0,
      "h_tau": -11.791269113840826,
      "tau_mean": 0.0001,
      "bond_mean_avg": 1.0,
      "n_parameters": 6120,
      "dim_x0": 17,
      "dim_b0": 18,
      "dim_x1": 17,
      "dim_b1": 18,
      "dim_x2": 17
    },
    {
      "step": 4,
      "train_loss": 111111.58316308487,
      "train_quality": 0.7352918259310091,
      "val_loss": 99184.28005738616,
      "val_quality": 0.7433127363981437,
      "test_quality": 0.6499175291122825,
      "patience_counter": 0,
      "elbo_raw": -71878.60516446485,
      "elbo_relative": 3079516275.6691747,
      "e_log_p_nodes": -11096.21280009104,
      "e_log_p_bonds": -1652.718856384988,
      "e_log_p_tau": -0.0001,
      "h_nodes": 6853.820956716325,
      "h_bonds": 87.0,
      "h_tau": -11.791269113840826,
      "tau_mean": 0.0001,
      "bond_mean_avg": 1.0,
      "n_parameters": 6120,
      "dim_x0": 17,
      "dim_b0": 18,
      "dim_x1": 17,
      "dim_b1": 18,
      "dim_x2": 17
    },
    {
      "step": 5,
      "train_loss": 111121.76048396925,
      "train_quality": 0.7352675798537638,
      "val_loss": 99298.99587495619,
      "val_quality": 0.7430158537743361,
      "test_quality": 0.6580601203321054,
      "patience_counter": 1,
      "elbo_raw": -71557.36251747265,
      "elbo_relative": 3079516596.911822,
      "e_log_p_nodes": -10802.621656224315,
      "e_log_p_bonds": -1652.718856384988,
      "e_log_p_tau": -0.0001,
      "h_nodes": 6887.6633736700605,
      "h_bonds": 87.0,
      "h_tau": -11.791269113840826,
      "tau_mean": 0.0001,
      "bond_mean_avg": 1.0,
      "n_parameters": 6120,
      "dim_x0": 17,
      "dim_b0": 18,
      "dim_x1": 17,
      "dim_b1": 18,
      "dim_x2": 17
    },
    {
      "step": 6,
      "train_loss": 111226.4026778723,
      "train_quality": 0.7350182841161808,
      "val_loss": 99503.01960871251,
      "val_quality": 0.7424878437520075,
      "test_quality": 0.6586615340271044,
      "patience_counter": 2,
      "elbo_raw": -67060.8117377307,
      "elbo_relative": 3079521093.4626017,
      "e_log_p_nodes": -6271.069303819348,
      "e_log_p_bonds": -1550.5315173475706,
      "e_log_p_tau": -0.0001,
      "h_nodes": 6910.5679492006575,
      "h_bonds": -40.64084428229672,
      "h_tau": -11.791269113840826,
      "tau_mean": 0.0001,
      "bond_mean_avg": 1.906033160259892,
      "n_parameters": 6120,
      "dim_x0": 17,
      "dim_b0": 18,
      "dim_x1": 17,
      "dim_b1": 18,
      "dim_x2": 17
    },
    {
      "step": 7,
      "train_loss": 114879.97286807882,
      "train_quality": 0.7263141520504631,
      "val_loss": 100523.54294943674,
      "val_quality": 0.7398467463561222,
      "test_quality": 0.6092285974942746,
      "patience_counter": 3,
      "elbo_raw": -63049.860641090476,
      "elbo_relative": 3079525104.413698,
      "e_log_p_nodes": -6267.759172985399,
      "e_log_p_bonds": -1646.222342331458,
      "e_log_p_tau": -0.0001,
      "h_nodes": 12114.00062477248,
      "h_bonds": -42.77897223854051,
      "h_tau": -11.791269113840826,
      "tau_mean": 0.0001,
      "bond_mean_avg": 2.803559242405,
      "n_parameters": 6120,
      "dim_x0": 17,
      "dim_b0": 18,
      "dim_x1": 17,
      "dim_b1": 18,
      "dim_x2": 17
    },
    {
      "step": 8,
      "train_loss": 125579.26161623395,
      "train_quality": 0.7008245576469339,
      "val_loss": 111731.41198235357,
      "val_quality": 0.7108409681097824,
      "test_quality": 0.6104045158570064,
      "patience_counter": 4,
      "elbo_raw": -61643.3015892899,
      "elbo_relative": 3079526510.9727497,
      "e_log_p_nodes": -6250.422258636273,
      "e_log_p_bonds": -1818.9537996621546,
      "e_log_p_tau": -0.0001,
      "h_nodes": 16875.855837070358,
      "h_bonds": -50.93185635999041,
      "h_tau": -11.791269113840826,
      "tau_mean": 0.0001,
      "bond_mean_avg": 3.9683157352073115,
      "n_parameters": 6120,
      "dim_x0": 17,
      "dim_b0": 18,
      "dim_x1": 17,
      "dim_b1": 18,
      "dim_x2": 17
    },
    {
      "step": 9,
      "train_loss": 136764.23503386855,
      "train_quality": 0.6741778858409297,
      "val_loss": 119902.16858246778,
      "val_quality": 0.6896951862174638,
      "test_quality": 0.6536360192771271,
      "patience_counter": 5,