{
  "experiment_name": "kfold_seoulBike",
  "run_name": "seoulBike-MPO2-L3-d18-seed42806-fold4",
  "config": {
    "params": {
      "model": "MPO2",
      "L": 3,
      "bond_dim": 18,
      "init_strength": 0.01,
      "bond_prior_alpha": 1.0,
      "added_bias": false,
      "n_epochs": 100,
      "batch_size": 256,
      "patience": 100,
      "min_delta": 0.0001,
      "warmup_epochs": 5,
      "trim_every": 3,
      "trimming_threshold": 0.3,
      "trim_method": "relevance",
      "soft_trim_relaxation": 2
    },
    "fold": 4,
    "seed": 42806
  },
  "hparams": {
    "seed": 42806,
    "fold": 4,
    "dataset": "seoulBike",
    "n_features": 17,
    "n_train": 5957,
    "n_val": 1051,
    "n_test": 1752,
    "L": 3,
    "bond_dim": 18,
    "model": "MPO2",
    "init_strength": 0.01,
    "bond_prior_alpha": 1.0,
    "added_bias": false,
    "n_epochs": 100,
    "batch_size": 256,
    "patience": 100,
    "min_delta": 0.0001,
    "warmup_epochs": 5,
    "trim_every": 3,
    "trimming_threshold": 0.3,
    "trim_method": "relevance",
    "soft_trim_relaxation": 2
  },
  "metrics_log": [
    {
      "step": 0,
      "train_loss": 956051.5732141287,
      "train_quality": -1.2462629292316705,
      "val_loss": 920518.2029695873,
      "val_quality": -1.2186273075366492,
      "patience_counter": 0,
      "elbo_raw": -2855815485.1326046,
      "elbo_relative": 0.0,
      "e_log_p_nodes": -6185.52012673596,
      "e_log_p_bonds": -1652.718856384988,
      "e_log_p_tau": -1.0,
      "h_nodes": -3169.2678578519253,
      "h_bonds": 87.0,
      "h_tau": 1.0,
      "tau_mean": 1.0,
      "bond_mean_avg": 1.0,
      "n_parameters": 6120,
      "dim_x0": 17,
      "dim_b0": 18,
      "dim_x1": 17,
      "dim_b1": 18,
      "dim_x2": 17
    },
    {
      "step": 1,
      "train_loss": 104414.3199948258,
      "train_quality": 0.7546763973236206,
      "val_loss": 118301.6720855454,
      "val_quality": 0.7148700380182392,
      "test_quality": -2.024699621813664,
      "patience_counter": 0,
      "elbo_raw": -155466.37892007292,
      "elbo_relative": 2855660018.7536845,
      "e_log_p_nodes": -90829.60385661296,
      "e_log_p_bonds": -1652.718856384988,
      "e_log_p_tau": -0.0001,
      "h_nodes": 948.1559829409875,
      "h_bonds": 87.0,
      "h_tau": -11.791269113840826,
      "tau_mean": 0.0001,
      "bond_mean_avg": 1.0,
      "n_parameters": 6120,
      "dim_x0": 17,
      "dim_b0": 18,
      "dim_x1": 17,
      "dim_b1": 18,
      "dim_x2": 17
    },
    {
      "step": 2,
      "train_loss": 109514.63172848782,
      "train_quality": 0.742693109501255,
      "val_loss": 116892.51630096315,
      "val_quality": 0.7182663766176951,
      "test_quality": 0.5500102219477152,
      "patience_counter": 0,
      "elbo_raw": -74088.2110152333,
      "elbo_relative": 2855741396.9215894,
      "e_log_p_nodes": -13401.242580170969,
      "e_log_p_bonds": -1652.718856384988,
      "e_log_p_tau": -0.0001,
      "h_nodes": 6465.255712258063,
      "h_bonds": 87.0,
      "h_tau": -11.791269113840826,
      "tau_mean": 0.0001,
      "bond_mean_avg": 1.0,
      "n_parameters": 6120,
      "dim_x0": 17,
      "dim_b0": 18,
      "dim_x1": 17,
      "dim_b1": 18,
      "dim_x2": 17
    },
    {
      "step": 3,
      "train_loss": 107962.23150592587,
      "train_quality": 0.7463405059063974,
      "val_loss": 116647.97286934934,
      "val_quality": 0.7188557736915464,
      "test_quality": 0.2228399843905784,
      "patience_counter": 0,
      "elbo_raw": -71425.48479865151,
      "elbo_relative": 2855744059.647806,
      "e_log_p_nodes": -11504.920879217769,
      "e_log_p_bonds": -1652.718856384988,
      "e_log_p_tau": -0.0001,
      "h_nodes": 6772.554093820898,
      "h_bonds": 87.0,
      "h_tau": -11.791269113840826,
      "tau_mean": 0.0001,
      "bond_mean_avg": 1.0,
      "n_parameters": 6120,
      "dim_x0": 17,
      "dim_b0": 18,
      "dim_x1": 17,
      "dim_b1": 18,
      "dim_x2": 17
    },
    {
      "step": 4,
      "train_loss": 107955.30047617648,
      "train_quality": 0.7463567905040317,
      "val_loss": 116821.1887094086,
      "val_quality": 0.7184382899398796,
      "test_quality": 0.21851132291683895,
      "patience_counter": 1,
      "elbo_raw": -70823.18389511887,
      "elbo_relative": 2855744661.9487095,
      "e_log_p_nodes": -10959.125172507263,
      "e_log_p_bonds": -1652.718856384988,
      "e_log_p_tau": -0.0001,
      "h_nodes": 6829.616662765552,
      "h_bonds": 87.0,
      "h_tau": -11.791269113840826,
      "tau_mean": 0.0001,
      "bond_mean_avg": 1.0,
      "n_parameters": 6120,
      "dim_x0": 17,
      "dim_b0": 18,
      "dim_x1": 17,
      "dim_b1": 18,
      "dim_x2": 17
    },
    {
      "step": 5,
      "train_loss": 107977.4069151553,
      "train_quality": 0.7463048509687946,
      "val_loss": 116941.63311340103,
      "val_quality": 0.7181479955786432,
      "test_quality": 0.24867198255252787,
      "patience_counter": 2,
      "elbo_raw": -70538.61789738123,
      "elbo_relative": 2855744946.514707,
      "e_log_p_nodes": -10697.895350439849,
      "e_log_p_bonds": -1652.718856384988,
      "e_log_p_tau": -0.0001,
      "h_nodes": 6860.8611005992025,
      "h_bonds": 87.0,
      "h_tau": -11.791269113840826,
      "tau_mean": 0.0001,
      "bond_mean_avg": 1.0,
      "n_parameters": 6120,
      "dim_x0": 17,
      "dim_b0": 18,
      "dim_x1": 17,
      "dim_b1": 18,
      "dim_x2": 17
    },
    {
      "step": 6,
      "train_loss": 107992.77355909227,
      "train_quality": 0.7462687467212943,
      "val_loss": 117020.01996477623,
      "val_quality": 0.7179590680718846,
      "test_quality": 0.26282822866991895,
      "patience_counter": 3,
      "elbo_raw": -66122.87731314848,
      "elbo_relative": 2855749362.2552915,
      "e_log_p_nodes": -6280.0856594018,
      "e_log_p_bonds": -1546.0319943459024,
      "e_log_p_tau": -0.0001,
      "h_nodes": 6886.206169100471,
      "h_bonds": -40.49408396414156,
      "h_tau": -11.791269113840826,
      "tau_mean": 0.0001,
      "bond_mean_avg": 1.8682664121270114,
      "n_parameters": 6120,
      "dim_x0": 17,
      "dim_b0": 18,
      "dim_x1": 17,
      "dim_b1": 18,
      "dim_x2": 17
    },
    {
      "step": 7,
      "train_loss": 112950.93026383467,
      "train_quality": 0.7346194550771815,
      "val_loss": 120039.89031393365,
      "val_quality": 0.7106805951419124,
      "test_quality": 0.2836571210602975,
      "patience_counter": 4,
      "elbo_raw": -62504.80888466301,
      "elbo_relative": 2855752980.32372,
      "e_log_p_nodes": -6266.912124995666,
      "e_log_p_bonds": -1636.1480936447335,
      "e_log_p_tau": -0.0001,
      "h_nodes": 12071.857544955124,
      "h_bonds": -41.57023110782431,
      "h_tau": -11.791269113840826,
      "tau_mean": 0.0001,
      "bond_mean_avg": 2.812392592827993,
      "n_parameters": 6120,
      "dim_x0": 17,
      "dim_b0": 18,
      "dim_x1": 17,
      "dim_b1": 18,
      "dim_x2": 17
    },
    {
      "step": 8,
      "train_loss": 123540.44154549183,
      "train_quality": 0.7097391794758365,
      "val_loss": 131504.37247773586,
      "val_quality": 0.683048970788017,
      "test_quality": 0.4520357434154957,
      "patience_counter": 5,
      "elbo_raw": -61102.56795148284,
      "elbo_relative": 2855754382.564653,
      "e_log_p_nodes": -6246.048107840967,
      "e_log_p_bonds": -1812.623757531611,
      "e_log_p_tau": -0.0001,
      "h_nodes": 16798.701707476626,
      "h_bonds": -49.36491200628918,
      "h_tau": -11.791269113840826,
      "tau_mean": 0.0001,
      "bond_mean_avg": 4.0586508466373274,
      "n_parameters": 6120,
      "dim_x0": 17,
      "dim_b0": 18,
      "dim_x1": 17,
      "dim_b1": 18,
      "dim_x2": 17
    },
    {
      "step": 9,
      "train_loss": 135504.78278851756,
      "train_quality": 0.6816287124677276,
      "val_loss": 145133.97164346755,
      "val_quality": 0.6501989947611224,
      "test_quality": 0.5051728554771189,
      "patience_counter": 6,