{
  "experiment_name": "kfold_seoulBike",
  "run_name": "seoulBike-MPO2-L3-d18-seed42-fold0",
  "config": {
    "params": {
      "model": "MPO2",
      "L": 3,
      "bond_dim": 18,
      "init_strength": 0.01,
      "bond_prior_alpha": 1.0,
      "added_bias": false,
      "n_epochs": 100,
      "batch_size": 256,
      "patience": 100,
      "min_delta": 0.0001,
      "warmup_epochs": 5,
      "trim_every": 3,
      "trimming_threshold": 0.3,
      "trim_method": "relevance",
      "soft_trim_relaxation": 2
    },
    "fold": 0,
    "seed": 42
  },
  "hparams": {
    "seed": 42,
    "fold": 0,
    "dataset": "seoulBike",
    "n_features": 17,
    "n_train": 5957,
    "n_val": 1051,
    "n_test": 1752,
    "L": 3,
    "bond_dim": 18,
    "model": "MPO2",
    "init_strength": 0.01,
    "bond_prior_alpha": 1.0,
    "added_bias": false,
    "n_epochs": 100,
    "batch_size": 256,
    "patience": 100,
    "min_delta": 0.0001,
    "warmup_epochs": 5,
    "trim_every": 3,
    "trimming_threshold": 0.3,
    "trim_method": "relevance",
    "soft_trim_relaxation": 2
  },
  "metrics_log": [
    {
      "step": 0,
      "train_loss": 1376561.1715624693,
      "train_quality": -2.2610008436466162,
      "val_loss": 878879.1456237057,
      "val_quality": -1.314903748055182,
      "patience_counter": 0,
      "elbo_raw": -4112134311.560312,
      "elbo_relative": 0.0,
      "e_log_p_nodes": -6185.52012673596,
      "e_log_p_bonds": -1652.718856384988,
      "e_log_p_tau": -1.0,
      "h_nodes": -3169.2678578519253,
      "h_bonds": 87.0,
      "h_tau": 1.0,
      "tau_mean": 1.0,
      "bond_mean_avg": 1.0,
      "n_parameters": 6120,
      "dim_x0": 17,
      "dim_b0": 18,
      "dim_x1": 17,
      "dim_b1": 18,
      "dim_x2": 17
    },
    {
      "step": 1,
      "train_loss": 104187.65985042286,
      "train_quality": 0.7531849265484115,
      "val_loss": 7229339.182738237,
      "val_quality": -18.041553612250755,
      "test_quality": 0.514732237853713,
      "patience_counter": 0,
      "elbo_raw": -165941.82436934332,
      "elbo_relative": 4111968369.7359424,
      "e_log_p_nodes": -101532.14039822329,
      "e_log_p_bonds": -1652.718856384988,
      "e_log_p_tau": -0.0001,
      "h_nodes": 1107.736345627719,
      "h_bonds": 87.0,
      "h_tau": -11.791269113840826,
      "tau_mean": 0.0001,
      "bond_mean_avg": 1.0,
      "n_parameters": 6120,
      "dim_x0": 17,
      "dim_b0": 18,
      "dim_x1": 17,
      "dim_b1": 18,
      "dim_x2": 17
    },
    {
      "step": 2,
      "train_loss": 110846.68641888906,
      "train_quality": 0.7374100436690798,
      "val_loss": 118719.57519753011,
      "val_quality": 0.68730127349051,
      "test_quality": 0.694466599421578,
      "patience_counter": 0,
      "elbo_raw": -73626.02883124506,
      "elbo_relative": 4112060685.5314803,
      "e_log_p_nodes": -12595.612959704511,
      "e_log_p_bonds": -1652.718856384988,
      "e_log_p_tau": -0.0001,
      "h_nodes": 6523.806630260561,
      "h_bonds": 87.0,
      "h_tau": -11.791269113840826,
      "tau_mean": 0.0001,
      "bond_mean_avg": 1.0,
      "n_parameters": 6120,
      "dim_x0": 17,
      "dim_b0": 18,
      "dim_x1": 17,
      "dim_b1": 18,
      "dim_x2": 17
    },
    {
      "step": 3,
      "train_loss": 108722.07832849017,
      "train_quality": 0.742443128226699,
      "val_loss": 111816.3838893528,
      "val_quality": 0.7054837773221385,
      "test_quality": 0.6871161712525358,
      "patience_counter": 0,
      "elbo_raw": -71504.7940492229,
      "elbo_relative": 4112062806.7662625,
      "e_log_p_nodes": -11374.031767954159,
      "e_log_p_bonds": -1652.718856384988,
      "e_log_p_tau": -0.0001,
      "h_nodes": 6791.379055863357,
      "h_bonds": 87.0,
      "h_tau": -11.791269113840826,
      "tau_mean": 0.0001,
      "bond_mean_avg": 1.0,
      "n_parameters": 6120,
      "dim_x0": 17,
      "dim_b0": 18,
      "dim_x1": 17,
      "dim_b1": 18,
      "dim_x2": 17
    },
    {
      "step": 4,
      "train_loss": 108398.12012790114,
      "train_quality": 0.7432105681249405,
      "val_loss": 111248.79083872637,
      "val_quality": 0.7069787761360344,
      "test_quality": 0.6854968841228974,
      "patience_counter": 0,
      "elbo_raw": -70949.31221930313,
      "elbo_relative": 4112063362.2480927,
      "e_log_p_nodes": -10956.727737256002,
      "e_log_p_bonds": -1652.718856384988,
      "e_log_p_tau": -0.0001,
      "h_nodes": 6833.002129094029,
      "h_bonds": 87.0,
      "h_tau": -11.791269113840826,
      "tau_mean": 0.0001,
      "bond_mean_avg": 1.0,
      "n_parameters": 6120,
      "dim_x0": 17,
      "dim_b0": 18,
      "dim_x1": 17,
      "dim_b1": 18,
      "dim_x2": 17
    },
    {
      "step": 5,
      "train_loss": 108367.31902759465,
      "train_quality": 0.7432835343077442,
      "val_loss": 111119.57663157086,
      "val_quality": 0.707319116959839,
      "test_quality": 0.6890617797105014,
      "patience_counter": 0,
      "elbo_raw": -70657.00806947624,
      "elbo_relative": 4112063654.5522423,
      "e_log_p_nodes": -10698.139239569973,
      "e_log_p_bonds": -1652.718856384988,
      "e_log_p_tau": -0.0001,
      "h_nodes": 6858.022811068114,
      "h_bonds": 87.0,
      "h_tau": -11.791269113840826,
      "tau_mean": 0.0001,
      "bond_mean_avg": 1.0,
      "n_parameters": 6120,
      "dim_x0": 17,
      "dim_b0": 18,
      "dim_x1": 17,
      "dim_b1": 18,
      "dim_x2": 17
    },
    {
      "step": 6,
      "train_loss": 108395.2306853527,
      "train_quality": 0.7432174130620074,
      "val_loss": 111280.00364216718,
      "val_quality": 0.7068965638819011,
      "test_quality": 0.6903198094159047,
      "patience_counter": 1,
      "elbo_raw": -66243.86853623387,
      "elbo_relative": 4112068067.691776,
      "e_log_p_nodes": -6276.89352341463,
      "e_log_p_bonds": -1546.2177110564246,
      "e_log_p_tau": -0.0001,
      "h_nodes": 6880.052047244576,
      "h_bonds": -40.57353053320275,
      "h_tau": -11.791269113840826,
      "tau_mean": 0.0001,
      "bond_mean_avg": 1.8622372525916735,
      "n_parameters": 6120,
      "dim_x0": 17,
      "dim_b0": 18,
      "dim_x1": 17,
      "dim_b1": 18,
      "dim_x2": 17
    },
    {
      "step": 7,
      "train_loss": 112747.15152616907,
      "train_quality": 0.7329079420217359,
      "val_loss": 113415.55091735983,
      "val_quality": 0.7012716876789459,
      "test_quality": 0.6527294885221944,
      "patience_counter": 2,
      "elbo_raw": -62373.74746855306,
      "elbo_relative": 4112071937.8128433,
      "e_log_p_nodes": -6268.666655849867,
      "e_log_p_bonds": -1640.950838303509,
      "e_log_p_tau": -0.0001,
      "h_nodes": 12147.063908895063,
      "h_bonds": -42.51266758374938,
      "h_tau": -11.791269113840826,
      "tau_mean": 0.0001,
      "bond_mean_avg": 2.7694434675318784,
      "n_parameters": 6120,
      "dim_x0": 17,
      "dim_b0": 18,
      "dim_x1": 17,
      "dim_b1": 18,
      "dim_x2": 17
    },
    {
      "step": 8,
      "train_loss": 126556.40648906051,
      "train_quality": 0.7001945450333503,
      "val_loss": 121859.10494939325,
      "val_quality": 0.6790319804643781,
      "test_quality": 0.6385981014185509,
      "patience_counter": 3,
      "elbo_raw": -61854.28797738234,
      "elbo_relative": 4112072457.2723346,
      "e_log_p_nodes": -6248.727804561388,
      "e_log_p_bonds": -1821.4058790330066,
      "e_log_p_tau": -0.0001,
      "h_nodes": 16956.757528181883,
      "h_bonds": -50.54235812801304,
      "h_tau": -11.791269113840826,
      "tau_mean": 0.0001,
      "bond_mean_avg": 4.037873300280064,
      "n_parameters": 6120,
      "dim_x0": 17,
      "dim_b0": 18,
      "dim_x1": 17,
      "dim_b1": 18,
      "dim_x2": 17
    },
    {
      "step": 9,
      "train_loss": 141725.04728122434,
      "train_quality": 0.6642608346817258,
      "val_loss": 136734.94455056754,
      "val_quality": 0.6398501008854878,
      "test_quality": 0.5995867479119874,
      "patience_counter": 4,