{
  "experiment_name": "kfold_seoulBike",
  "run_name": "seoulBike-MPO2-L3-d18-seed9536-fold1",
  "config": {
    "params": {
      "model": "MPO2",
      "L": 3,
      "bond_dim": 18,
      "init_strength": 0.01,
      "bond_prior_alpha": 1.0,
      "added_bias": false,
      "n_epochs": 100,
      "batch_size": 256,
      "patience": 100,
      "min_delta": 0.0001,
      "warmup_epochs": 5,
      "trim_every": 3,
      "trimming_threshold": 0.3,
      "trim_method": "relevance",
      "soft_trim_relaxation": 2
    },
    "fold": 1,
    "seed": 9536
  },
  "hparams": {
    "seed": 9536,
    "fold": 1,
    "dataset": "seoulBike",
    "n_features": 17,
    "n_train": 5957,
    "n_val": 1051,
    "n_test": 1752,
    "L": 3,
    "bond_dim": 18,
    "model": "MPO2",
    "init_strength": 0.01,
    "bond_prior_alpha": 1.0,
    "added_bias": false,
    "n_epochs": 100,
    "batch_size": 256,
    "patience": 100,
    "min_delta": 0.0001,
    "warmup_epochs": 5,
    "trim_every": 3,
    "trimming_threshold": 0.3,
    "trim_method": "relevance",
    "soft_trim_relaxation": 2
  },
  "metrics_log": [
    {
      "step": 0,
      "train_loss": 1054848.6985287552,
      "train_quality": -1.5299565210468784,
      "val_loss": 964141.6796938784,
      "val_quality": -1.2668835119238349,
      "patience_counter": 0,
      "elbo_raw": -3146852935.980402,
      "elbo_relative": 0.0,
      "e_log_p_nodes": -6185.52012673596,
      "e_log_p_bonds": -1652.718856384988,
      "e_log_p_tau": -1.0,
      "h_nodes": -3169.2678578519253,
      "h_bonds": 87.0,
      "h_tau": 1.0,
      "tau_mean": 1.0,
      "bond_mean_avg": 1.0,
      "n_parameters": 6120,
      "dim_x0": 17,
      "dim_b0": 18,
      "dim_x1": 17,
      "dim_b1": 18,
      "dim_x2": 17
    },
    {
      "step": 1,
      "train_loss": 101006.21583269778,
      "train_quality": 0.7577459831266634,
      "val_loss": 21719208.49637443,
      "val_quality": -50.06605872292511,
      "test_quality": -277.20931976120136,
      "patience_counter": 0,
      "elbo_raw": -180635.0802093106,
      "elbo_relative": 3146672300.9001927,
      "e_log_p_nodes": -117072.54293233737,
      "e_log_p_bonds": -1652.718856384988,
      "e_log_p_tau": -0.0001,
      "h_nodes": 1007.2899371651974,
      "h_bonds": 87.0,
      "h_tau": -11.791269113840826,
      "tau_mean": 0.0001,
      "bond_mean_avg": 1.0,
      "n_parameters": 6120,
      "dim_x0": 17,
      "dim_b0": 18,
      "dim_x1": 17,
      "dim_b1": 18,
      "dim_x2": 17
    },
    {
      "step": 2,
      "train_loss": 107200.18343765789,
      "train_quality": 0.7428903277562029,
      "val_loss": 132128.58073034408,
      "val_quality": 0.6893401587963566,
      "test_quality": 0.5855196495635553,
      "patience_counter": 0,
      "elbo_raw": -74058.46827028188,
      "elbo_relative": 3146778877.5121317,
      "e_log_p_nodes": -14035.399041614159,
      "e_log_p_bonds": -1652.718856384988,
      "e_log_p_tau": -0.0001,
      "h_nodes": 6440.110403247391,
      "h_bonds": 87.0,
      "h_tau": -11.791269113840826,
      "tau_mean": 0.0001,
      "bond_mean_avg": 1.0,
      "n_parameters": 6120,
      "dim_x0": 17,
      "dim_b0": 18,
      "dim_x1": 17,
      "dim_b1": 18,
      "dim_x2": 17
    },
    {
      "step": 3,
      "train_loss": 104693.3895126632,
      "train_quality": 0.7489026398975618,
      "val_loss": 131462.5033243564,
      "val_quality": 0.6909062355681624,
      "test_quality": 0.19284964747632372,
      "patience_counter": 0,
      "elbo_raw": -70681.10736957169,
      "elbo_relative": 3146782254.8730326,
      "e_log_p_nodes": -11769.39283613586,
      "e_log_p_bonds": -1652.718856384988,
      "e_log_p_tau": -0.0001,
      "h_nodes": 6808.459769257724,
      "h_bonds": 87.0,
      "h_tau": -11.791269113840826,
      "tau_mean": 0.0001,
      "bond_mean_avg": 1.0,
      "n_parameters": 6120,
      "dim_x0": 17,
      "dim_b0": 18,
      "dim_x1": 17,
      "dim_b1": 18,
      "dim_x2": 17
    },
    {
      "step": 4,
      "train_loss": 104603.30283359208,
      "train_quality": 0.7491187044208373,
      "val_loss": 131657.97926525987,
      "val_quality": 0.6904466338345743,
      "test_quality": 0.17531988341561877,
      "patience_counter": 1,
      "elbo_raw": -70043.90208225531,
      "elbo_relative": 3146782892.0783195,
      "e_log_p_nodes": -11203.119989555904,
      "e_log_p_bonds": -1652.718856384988,
      "e_log_p_tau": -0.0001,
      "h_nodes": 6853.566563312641,
      "h_bonds": 87.0,
      "h_tau": -11.791269113840826,
      "tau_mean": 0.0001,
      "bond_mean_avg": 1.0,
      "n_parameters": 6120,
      "dim_x0": 17,
      "dim_b0": 18,
      "dim_x1": 17,
      "dim_b1": 18,
      "dim_x2": 17
    },
    {
      "step": 5,
      "train_loss": 104621.6782712266,
      "train_quality": 0.7490746326422635,
      "val_loss": 132065.7881241477,
      "val_quality": 0.6894877963548766,
      "test_quality": 0.18037965226534658,
      "patience_counter": 2,
      "elbo_raw": -69724.37816742473,
      "elbo_relative": 3146783211.6022344,
      "e_log_p_nodes": -10904.867980579193,
      "e_log_p_bonds": -1652.718856384988,
      "e_log_p_tau": -0.0001,
      "h_nodes": 6881.570900049734,
      "h_bonds": 87.0,
      "h_tau": -11.791269113840826,
      "tau_mean": 0.0001,
      "bond_mean_avg": 1.0,
      "n_parameters": 6120,
      "dim_x0": 17,
      "dim_b0": 18,
      "dim_x1": 17,
      "dim_b1": 18,
      "dim_x2": 17
    },
    {
      "step": 6,
      "train_loss": 104666.32067385485,
      "train_quality": 0.7489675619905177,
      "val_loss": 131036.64250375233,
      "val_quality": 0.6919075167003175,
      "test_quality": 0.1963640097553757,
      "patience_counter": 0,
      "elbo_raw": -65123.91123520388,
      "elbo_relative": 3146787812.0691667,
      "e_log_p_nodes": -6282.683235106294,
      "e_log_p_bonds": -1553.8702602872486,
      "e_log_p_tau": -0.0001,
      "h_nodes": 6904.2150934682495,
      "h_bonds": -41.60139392554501,
      "h_tau": -11.791269113840826,
      "tau_mean": 0.0001,
      "bond_mean_avg": 1.843116593863472,
      "n_parameters": 6120,
      "dim_x0": 17,
      "dim_b0": 18,
      "dim_x1": 17,
      "dim_b1": 18,
      "dim_x2": 17
    },
    {
      "step": 7,
      "train_loss": 108492.76918286628,
      "train_quality": 0.7397901810340586,
      "val_loss": 135239.0842948177,
      "val_quality": 0.6820267634805102,
      "test_quality": 0.016400059292281943,
      "patience_counter": 1,
      "elbo_raw": -61123.87275117227,
      "elbo_relative": 3146791812.1076508,
      "e_log_p_nodes": -6267.269313939893,
      "e_log_p_bonds": -1641.5941203619536,
      "e_log_p_tau": -0.0001,
      "h_nodes": 12131.134217169476,
      "h_bonds": -42.72486390566016,
      "h_tau": -11.791269113840826,
      "tau_mean": 0.0001,
      "bond_mean_avg": 2.754187260191006,
      "n_parameters": 6120,
      "dim_x0": 17,
      "dim_b0": 18,
      "dim_x1": 17,
      "dim_b1": 18,
      "dim_x2": 17
    },
    {
      "step": 8,
      "train_loss": 118720.75492165372,
      "train_quality": 0.715259308262342,
      "val_loss": 147717.6671805431,
      "val_quality": 0.6526872023023156,
      "test_quality": 0.30831607769792735,
      "patience_counter": 2,
      "elbo_raw": -59607.03283418178,
      "elbo_relative": 3146793328.947568,
      "e_log_p_nodes": -6245.0901556026365,
      "e_log_p_bonds": -1818.9538147306134,
      "e_log_p_tau": -0.0001,
      "h_nodes": 16865.984952949373,
      "h_bonds": -50.83397307619989,
      "h_tau": -11.791269113840826,
      "tau_mean": 0.0001,
      "bond_mean_avg": 3.9779095096715893,
      "n_parameters": 6120,
      "dim_x0": 17,
      "dim_b0": 18,
      "dim_x1": 17,
      "dim_b1": 18,
      "dim_x2": 17
    },
    {
      "step": 9,
      "train_loss": 132836.27653985735,
      "train_quality": 0.6814045421563012,
      "val_loss": 176877.9019345902,
      "val_quality": 0.5841258520775583,
      "test_quality": -0.08000191749190955,