{
  "experiment_name": "kfold_seoulBike",
  "run_name": "seoulBike-MPO2-L3-d18-seed42-fold2",
  "config": {
    "params": {
      "model": "MPO2",
      "L": 3,
      "bond_dim": 18,
      "init_strength": 0.01,
      "bond_prior_alpha": 1.0,
      "added_bias": false,
      "n_epochs": 100,
      "batch_size": 256,
      "patience": 100,
      "min_delta": 0.0001,
      "warmup_epochs": 5,
      "trim_every": 3,
      "trimming_threshold": 0.3,
      "trim_method": "relevance",
      "soft_trim_relaxation": 2
    },
    "fold": 2,
    "seed": 42
  },
  "hparams": {
    "seed": 42,
    "fold": 2,
    "dataset": "seoulBike",
    "n_features": 17,
    "n_train": 5957,
    "n_val": 1051,
    "n_test": 1752,
    "L": 3,
    "bond_dim": 18,
    "model": "MPO2",
    "init_strength": 0.01,
    "bond_prior_alpha": 1.0,
    "added_bias": false,
    "n_epochs": 100,
    "batch_size": 256,
    "patience": 100,
    "min_delta": 0.0001,
    "warmup_epochs": 5,
    "trim_every": 3,
    "trimming_threshold": 0.3,
    "trim_method": "relevance",
    "soft_trim_relaxation": 2
  },
  "metrics_log": [
    {
      "step": 0,
      "train_loss": 1227981.594934481,
      "train_quality": -1.9653436128364792,
      "val_loss": 1091315.4297842602,
      "val_quality": -1.5954656411293229,
      "patience_counter": 0,
      "elbo_raw": -3666728985.552936,
      "elbo_relative": 0.0,
      "e_log_p_nodes": -6185.52012673596,
      "e_log_p_bonds": -1652.718856384988,
      "e_log_p_tau": -1.0,
      "h_nodes": -3169.2678578519253,
      "h_bonds": 87.0,
      "h_tau": 1.0,
      "tau_mean": 1.0,
      "bond_mean_avg": 1.0,
      "n_parameters": 6120,
      "dim_x0": 17,
      "dim_b0": 18,
      "dim_x1": 17,
      "dim_b1": 18,
      "dim_x2": 17
    },
    {
      "step": 1,
      "train_loss": 104960.94718053994,
      "train_quality": 0.7465391373918046,
      "val_loss": 127334.09378860178,
      "val_quality": 0.6971624735132823,
      "test_quality": 0.5727349081453813,
      "patience_counter": 0,
      "elbo_raw": -217948.88004119904,
      "elbo_relative": 3666511036.672895,
      "e_log_p_nodes": -153248.44956981903,
      "e_log_p_bonds": -1652.718856384988,
      "e_log_p_tau": -0.0001,
      "h_nodes": 1047.3134735444946,
      "h_bonds": 87.0,
      "h_tau": -11.791269113840826,
      "tau_mean": 0.0001,
      "bond_mean_avg": 1.0,
      "n_parameters": 6120,
      "dim_x0": 17,
      "dim_b0": 18,
      "dim_x1": 17,
      "dim_b1": 18,
      "dim_x2": 17
    },
    {
      "step": 2,
      "train_loss": 110968.12021734753,
      "train_quality": 0.732032949131832,
      "val_loss": 123440.73449872025,
      "val_quality": 0.7064220147876661,
      "test_quality": 0.7229960206503636,
      "patience_counter": 0,
      "elbo_raw": -74076.8290877609,
      "elbo_relative": 3666654908.7238483,
      "e_log_p_nodes": -12983.703757528436,
      "e_log_p_bonds": -1652.718856384988,
      "e_log_p_tau": -0.0001,
      "h_nodes": 6494.537339583084,
      "h_bonds": 87.0,
      "h_tau": -11.791269113840826,
      "tau_mean": 0.0001,
      "bond_mean_avg": 1.0,
      "n_parameters": 6120,
      "dim_x0": 17,
      "dim_b0": 18,
      "dim_x1": 17,
      "dim_b1": 18,
      "dim_x2": 17
    },
    {
      "step": 3,
      "train_loss": 109179.13852718951,
      "train_quality": 0.7363530020139557,
      "val_loss": 120181.36811375861,
      "val_quality": 0.7141737364559761,
      "test_quality": 0.7239136624958008,
      "patience_counter": 0,
      "elbo_raw": -71570.72551866835,
      "elbo_relative": 3666657414.8274174,
      "e_log_p_nodes": -11292.423691326849,
      "e_log_p_bonds": -1652.718856384988,
      "e_log_p_tau": -0.0001,
      "h_nodes": 6778.417607434334,
      "h_bonds": 87.0,
      "h_tau": -11.791269113840826,
      "tau_mean": 0.0001,
      "bond_mean_avg": 1.0,
      "n_parameters": 6120,
      "dim_x0": 17,
      "dim_b0": 18,
      "dim_x1": 17,
      "dim_b1": 18,
      "dim_x2": 17
    },
    {
      "step": 4,
      "train_loss": 109030.52667387568,
      "train_quality": 0.736711871570172,
      "val_loss": 119710.92997419383,
      "val_quality": 0.7152925752391487,
      "test_quality": 0.7243801566314763,
      "patience_counter": 0,
      "elbo_raw": -70948.85330619018,
      "elbo_relative": 3666658036.69963,
      "e_log_p_nodes": -10764.938130308812,
      "e_log_p_bonds": -1652.718856384988,
      "e_log_p_tau": -0.0001,
      "h_nodes": 6830.190019074194,
      "h_bonds": 87.0,
      "h_tau": -11.791269113840826,
      "tau_mean": 0.0001,
      "bond_mean_avg": 1.0,
      "n_parameters": 6120,
      "dim_x0": 17,
      "dim_b0": 18,
      "dim_x1": 17,
      "dim_b1": 18,
      "dim_x2": 17
    },
    {
      "step": 5,
      "train_loss": 109008.83741273875,
      "train_quality": 0.7367642470391895,
      "val_loss": 119587.40330906624,
      "val_quality": 0.7155863575924004,
      "test_quality": 0.7243064551277654,
      "patience_counter": 0,
      "elbo_raw": -70638.88972229722,
      "elbo_relative": 3666658346.6632137,
      "e_log_p_nodes": -10491.703761443057,
      "e_log_p_bonds": -1652.718856384988,
      "e_log_p_tau": -0.0001,
      "h_nodes": 6861.289550001351,
      "h_bonds": 87.0,
      "h_tau": -11.791269113840826,
      "tau_mean": 0.0001,
      "bond_mean_avg": 1.0,
      "n_parameters": 6120,
      "dim_x0": 17,
      "dim_b0": 18,
      "dim_x1": 17,
      "dim_b1": 18,
      "dim_x2": 17
    },
    {
      "step": 6,
      "train_loss": 109012.3588441291,
      "train_quality": 0.7367557434475034,
      "val_loss": 119530.51248141694,
      "val_quality": 0.7157216605345464,
      "test_quality": 0.7242623559145553,
      "patience_counter": 0,
      "elbo_raw": -66412.7746218604,
      "elbo_relative": 3666662572.778314,
      "e_log_p_nodes": -6279.049573054426,
      "e_log_p_bonds": -1534.5826366348101,
      "e_log_p_tau": -0.0001,
      "h_nodes": 6885.541135118733,
      "h_bonds": -39.69445914124756,
      "h_tau": -11.791269113840826,
      "tau_mean": 0.0001,
      "bond_mean_avg": 1.8185679524081462,
      "n_parameters": 6120,
      "dim_x0": 17,
      "dim_b0": 18,
      "dim_x1": 17,
      "dim_b1": 18,
      "dim_x2": 17
    },
    {
      "step": 7,
      "train_loss": 113683.5898216109,
      "train_quality": 0.7254756029304962,
      "val_loss": 123304.51588530195,
      "val_quality": 0.7067459822870346,
      "test_quality": 0.7210517020402183,
      "patience_counter": 1,
      "elbo_raw": -62675.21103035742,
      "elbo_relative": 3666666310.3419056,
      "e_log_p_nodes": -6268.280680485573,
      "e_log_p_bonds": -1630.0199852495493,
      "e_log_p_tau": -0.0001,
      "h_nodes": 12116.03492276436,
      "h_bonds": -41.670188702485156,
      "h_tau": -11.791269113840826,
      "tau_mean": 0.0001,
      "bond_mean_avg": 2.7305513257726544,
      "n_parameters": 6120,
      "dim_x0": 17,
      "dim_b0": 18,
      "dim_x1": 17,
      "dim_b1": 18,
      "dim_x2": 17
    },
    {
      "step": 8,
      "train_loss": 124341.43595186197,
      "train_quality": 0.6997389175605333,
      "val_loss": 133101.6508286697,
      "val_quality": 0.6834455446380907,
      "test_quality": 0.7013743887735536,
      "patience_counter": 2,
      "elbo_raw": -61237.44378332427,
      "elbo_relative": 3666667748.109153,
      "e_log_p_nodes": -6245.933602174521,
      "e_log_p_bonds": -1815.8621642883907,
      "e_log_p_tau": -0.0001,
      "h_nodes": 16909.767586636808,
      "h_bonds": -50.53068137938397,
      "h_tau": -11.791269113840826,
      "tau_mean": 0.0001,
      "bond_mean_avg": 3.9749594243954434,
      "n_parameters": 6120,
      "dim_x0": 17,
      "dim_b0": 18,
      "dim_x1": 17,
      "dim_b1": 18,
      "dim_x2": 17
    },
    {
      "step": 9,
      "train_loss": 139881.859358654,
      "train_quality": 0.6622117302800399,
      "val_loss": 144188.0805957959,
      "val_quality": 0.6570787887414407,
      "test_quality": 0.6662754538069413,
      "patience_counter": 3,