{
  "experiment_name": "kfold_seoulBike",
  "run_name": "seoulBike-MPO2-L3-d18-seed19540-fold4",
  "config": {
    "params": {
      "model": "MPO2",
      "L": 3,
      "bond_dim": 18,
      "init_strength": 0.01,
      "bond_prior_alpha": 1.0,
      "added_bias": false,
      "n_epochs": 100,
      "batch_size": 256,
      "patience": 100,
      "min_delta": 0.0001,
      "warmup_epochs": 5,
      "trim_every": 3,
      "trimming_threshold": 0.3,
      "trim_method": "relevance",
      "soft_trim_relaxation": 2
    },
    "fold": 4,
    "seed": 19540
  },
  "hparams": {
    "seed": 19540,
    "fold": 4,
    "dataset": "seoulBike",
    "n_features": 17,
    "n_train": 5957,
    "n_val": 1051,
    "n_test": 1752,
    "L": 3,
    "bond_dim": 18,
    "model": "MPO2",
    "init_strength": 0.01,
    "bond_prior_alpha": 1.0,
    "added_bias": false,
    "n_epochs": 100,
    "batch_size": 256,
    "patience": 100,
    "min_delta": 0.0001,
    "warmup_epochs": 5,
    "trim_every": 3,
    "trimming_threshold": 0.3,
    "trim_method": "relevance",
    "soft_trim_relaxation": 2
  },
  "metrics_log": [
    {
      "step": 0,
      "train_loss": 979379.1434023458,
      "train_quality": -1.2998148643794862,
      "val_loss": 938005.2819135732,
      "val_quality": -1.4179676661594165,
      "patience_counter": 0,
      "elbo_raw": -2928706939.8257527,
      "elbo_relative": 0.0,
      "e_log_p_nodes": -6185.520126735959,
      "e_log_p_bonds": -1652.718856384988,
      "e_log_p_tau": -1.0,
      "h_nodes": -3169.2678578519253,
      "h_bonds": 87.0,
      "h_tau": 1.0,
      "tau_mean": 1.0,
      "bond_mean_avg": 1.0,
      "n_parameters": 6120,
      "dim_x0": 17,
      "dim_b0": 18,
      "dim_x1": 17,
      "dim_b1": 18,
      "dim_x2": 17
    },
    {
      "step": 1,
      "train_loss": 107248.11281840973,
      "train_quality": 0.7481559560482713,
      "val_loss": 176295.0268580375,
      "val_quality": 0.5455508802916131,
      "test_quality": 0.6810260413651053,
      "patience_counter": 0,
      "elbo_raw": -189445.85815894385,
      "elbo_relative": 2928517493.9675937,
      "e_log_p_nodes": -124005.03904060807,
      "e_log_p_bonds": -1652.718856384988,
      "e_log_p_tau": -0.0001,
      "h_nodes": 988.1571157567314,
      "h_bonds": 87.0,
      "h_tau": -11.791269113840826,
      "tau_mean": 0.0001,
      "bond_mean_avg": 1.0,
      "n_parameters": 6120,
      "dim_x0": 17,
      "dim_b0": 18,
      "dim_x1": 17,
      "dim_b1": 18,
      "dim_x2": 17
    },
    {
      "step": 2,
      "train_loss": 113498.93752058539,
      "train_quality": 0.7334775348652829,
      "val_loss": 120819.35739588339,
      "val_quality": 0.6885547392297927,
      "test_quality": 0.7074961379964451,
      "patience_counter": 0,
      "elbo_raw": -74526.59535002788,
      "elbo_relative": 2928632413.2304025,
      "e_log_p_nodes": -12687.551021868692,
      "e_log_p_bonds": -1652.718856384988,
      "e_log_p_tau": -0.0001,
      "h_nodes": 6502.660227384429,
      "h_bonds": 87.0,
      "h_tau": -11.791269113840826,
      "tau_mean": 0.0001,
      "bond_mean_avg": 1.0,
      "n_parameters": 6120,
      "dim_x0": 17,
      "dim_b0": 18,
      "dim_x1": 17,
      "dim_b1": 18,
      "dim_x2": 17
    },
    {
      "step": 3,
      "train_loss": 111329.5844151376,
      "train_quality": 0.7385716912516079,
      "val_loss": 120194.04194215636,
      "val_quality": 0.6901666625072153,
      "test_quality": 0.7133693396268055,
      "patience_counter": 0,
      "elbo_raw": -72084.69520614378,
      "elbo_relative": 2928634855.1305466,
      "e_log_p_nodes": -11171.342278473508,
      "e_log_p_bonds": -1652.718856384988,
      "e_log_p_tau": -0.0001,
      "h_nodes": 6784.226479114168,
      "h_bonds": 87.0,
      "h_tau": -11.791269113840826,
      "tau_mean": 0.0001,
      "bond_mean_avg": 1.0,
      "n_parameters": 6120,
      "dim_x0": 17,
      "dim_b0": 18,
      "dim_x1": 17,
      "dim_b1": 18,
      "dim_x2": 17
    },
    {
      "step": 4,
      "train_loss": 111307.2058778681,
      "train_quality": 0.7386242413727762,
      "val_loss": 120902.28269172684,
      "val_quality": 0.6883409763780024,
      "test_quality": 0.7127194905797889,
      "patience_counter": 1,
      "elbo_raw": -71486.68196941816,
      "elbo_relative": 2928635453.143783,
      "e_log_p_nodes": -10654.709126080137,
      "e_log_p_bonds": -1652.718856384988,
      "e_log_p_tau": -0.0001,
      "h_nodes": 6860.123786062801,
      "h_bonds": 87.0,
      "h_tau": -11.791269113840826,
      "tau_mean": 0.0001,
      "bond_mean_avg": 1.0,
      "n_parameters": 6120,
      "dim_x0": 17,
      "dim_b0": 18,
      "dim_x1": 17,
      "dim_b1": 18,
      "dim_x2": 17
    },
    {
      "step": 5,
      "train_loss": 111353.23888149395,
      "train_quality": 0.7385161449458675,
      "val_loss": 121523.41347892182,
      "val_quality": 0.6867398402342595,
      "test_quality": 0.7122624001135114,
      "patience_counter": 2,
      "elbo_raw": -71256.77883248494,
      "elbo_relative": 2928635683.0469203,
      "e_log_p_nodes": -10444.99576709375,
      "e_log_p_bonds": -1652.718856384988,
      "e_log_p_tau": -0.0001,
      "h_nodes": 6894.809221522999,
      "h_bonds": 87.0,
      "h_tau": -11.791269113840826,
      "tau_mean": 0.0001,
      "bond_mean_avg": 1.0,
      "n_parameters": 6120,
      "dim_x0": 17,
      "dim_b0": 18,
      "dim_x1": 17,
      "dim_b1": 18,
      "dim_x2": 17
    },
    {
      "step": 6,
      "train_loss": 111384.60209289793,
      "train_quality": 0.7384424966756674,
      "val_loss": 122161.35920414187,
      "val_quality": 0.6850953589439197,
      "test_quality": 0.7120807617909775,
      "patience_counter": 3,
      "elbo_raw": -67078.6595936731,
      "elbo_relative": 2928639861.166159,
      "e_log_p_nodes": -6274.755663132221,
      "e_log_p_bonds": -1529.913182181946,
      "e_log_p_tau": -0.0001,
      "h_nodes": 6915.6692567104,
      "h_bonds": -38.48076493721442,
      "h_tau": -11.791269113840826,
      "tau_mean": 0.0001,
      "bond_mean_avg": 1.8919793426439433,
      "n_parameters": 6120,
      "dim_x0": 17,
      "dim_b0": 18,
      "dim_x1": 17,
      "dim_b1": 18,
      "dim_x2": 17
    },
    {
      "step": 7,
      "train_loss": 114565.31849920821,
      "train_quality": 0.7309734190259273,
      "val_loss": 123660.35256784757,
      "val_quality": 0.6812312895670036,
      "test_quality": 0.7124183623872242,
      "patience_counter": 4,
      "elbo_raw": -62937.98268536059,
      "elbo_relative": 2928644001.843067,
      "e_log_p_nodes": -6263.533559093679,
      "e_log_p_bonds": -1636.2330273434127,
      "e_log_p_tau": -0.0001,
      "h_nodes": 12115.280958638928,
      "h_bonds": -41.905381814196694,
      "h_tau": -11.791269113840826,
      "tau_mean": 0.0001,
      "bond_mean_avg": 2.7785815756225287,
      "n_parameters": 6120,
      "dim_x0": 17,
      "dim_b0": 18,
      "dim_x1": 17,
      "dim_b1": 18,
      "dim_x2": 17
    },
    {
      "step": 8,
      "train_loss": 128976.42219988187,
      "train_quality": 0.6971327244122093,
      "val_loss": 127090.84289858791,
      "val_quality": 0.6723882533296373,
      "test_quality": 0.698021368328761,
      "patience_counter": 5,
      "elbo_raw": -62616.331689293715,
      "elbo_relative": 2928644323.4940634,
      "e_log_p_nodes": -6250.720671813011,
      "e_log_p_bonds": -1816.5379645644,
      "e_log_p_tau": -0.0001,
      "h_nodes": 16911.946497402925,
      "h_bonds": -49.71048199147017,
      "h_tau": -11.791269113840826,
      "tau_mean": 0.0001,
      "bond_mean_avg": 4.069187287254722,
      "n_parameters": 6120,
      "dim_x0": 17,
      "dim_b0": 18,
      "dim_x1": 17,
      "dim_b1": 18,
      "dim_x2": 17
    },
    {
      "step": 9,
      "train_loss": 134826.7543037402,
      "train_quality": 0.6833947549806074,
      "val_loss": 129308.76386089313,
      "val_quality": 0.6666709495187134,
      "test_quality": 0.6944410644970429,
      "patience_counter": 6,