{
  "experiment_name": "kfold_seoulBike",
  "run_name": "seoulBike-MPO2-L3-d18-seed42-fold4",
  "config": {
    "params": {
      "model": "MPO2",
      "L": 3,
      "bond_dim": 18,
      "init_strength": 0.01,
      "bond_prior_alpha": 1.0,
      "added_bias": false,
      "n_epochs": 100,
      "batch_size": 256,
      "patience": 100,
      "min_delta": 0.0001,
      "warmup_epochs": 5,
      "trim_every": 3,
      "trimming_threshold": 0.3,
      "trim_method": "relevance",
      "soft_trim_relaxation": 2
    },
    "fold": 4,
    "seed": 42
  },
  "hparams": {
    "seed": 42,
    "fold": 4,
    "dataset": "seoulBike",
    "n_features": 17,
    "n_train": 5957,
    "n_val": 1051,
    "n_test": 1752,
    "L": 3,
    "bond_dim": 18,
    "model": "MPO2",
    "init_strength": 0.01,
    "bond_prior_alpha": 1.0,
    "added_bias": false,
    "n_epochs": 100,
    "batch_size": 256,
    "patience": 100,
    "min_delta": 0.0001,
    "warmup_epochs": 5,
    "trim_every": 3,
    "trimming_threshold": 0.3,
    "trim_method": "relevance",
    "soft_trim_relaxation": 2
  },
  "metrics_log": [
    {
      "step": 0,
      "train_loss": 1209019.145477245,
      "train_quality": -1.8734331142696656,
      "val_loss": 3717674.2719723578,
      "val_quality": -8.623886109915814,
      "patience_counter": 0,
      "elbo_raw": -3608791020.7163033,
      "elbo_relative": 0.0,
      "e_log_p_nodes": -6185.52012673596,
      "e_log_p_bonds": -1652.718856384988,
      "e_log_p_tau": -1.0,
      "h_nodes": -3169.2678578519253,
      "h_bonds": 87.0,
      "h_tau": 1.0,
      "tau_mean": 1.0,
      "bond_mean_avg": 1.0,
      "n_parameters": 6120,
      "dim_x0": 17,
      "dim_b0": 18,
      "dim_x1": 17,
      "dim_b1": 18,
      "dim_x2": 17
    },
    {
      "step": 1,
      "train_loss": 105590.3380715885,
      "train_quality": 0.7490471717533759,
      "val_loss": 1090680.603668324,
      "val_quality": -1.8234280746788953,
      "test_quality": -39.848828245417565,
      "patience_counter": 0,
      "elbo_raw": -228598.3959871836,
      "elbo_relative": 3608562422.3203163,
      "e_log_p_nodes": -163707.91636454128,
      "e_log_p_bonds": -1652.718856384988,
      "e_log_p_tau": -0.0001,
      "h_nodes": 1044.72839484235,
      "h_bonds": 87.0,
      "h_tau": -11.791269113840826,
      "tau_mean": 0.0001,
      "bond_mean_avg": 1.0,
      "n_parameters": 6120,
      "dim_x0": 17,
      "dim_b0": 18,
      "dim_x1": 17,
      "dim_b1": 18,
      "dim_x2": 17
    },
    {
      "step": 2,
      "train_loss": 111364.36464736216,
      "train_quality": 0.7353242466635901,
      "val_loss": 133478.18145789707,
      "val_quality": 0.6544670881486442,
      "test_quality": 0.7084979211821001,
      "patience_counter": 0,
      "elbo_raw": -73471.31706125458,
      "elbo_relative": 3608717549.399242,
      "e_log_p_nodes": -12265.111498188213,
      "e_log_p_bonds": -1652.718856384988,
      "e_log_p_tau": -0.0001,
      "h_nodes": 6499.551547354407,
      "h_bonds": 87.0,
      "h_tau": -11.791269113840826,
      "tau_mean": 0.0001,
      "bond_mean_avg": 1.0,
      "n_parameters": 6120,
      "dim_x0": 17,
      "dim_b0": 18,
      "dim_x1": 17,
      "dim_b1": 18,
      "dim_x2": 17
    },
    {
      "step": 3,
      "train_loss": 109183.13765736869,
      "train_quality": 0.7405082918346133,
      "val_loss": 220535.3722619377,
      "val_quality": 0.4291034795980758,
      "test_quality": 0.7019384632727635,
      "patience_counter": 1,
      "elbo_raw": -71453.9903788965,
      "elbo_relative": 3608719566.7259245,
      "e_log_p_nodes": -11204.28558549487,
      "e_log_p_bonds": -1652.718856384988,
      "e_log_p_tau": -0.0001,
      "h_nodes": 6808.945400002177,
      "h_bonds": 87.0,
      "h_tau": -11.791269113840826,
      "tau_mean": 0.0001,
      "bond_mean_avg": 1.0,
      "n_parameters": 6120,
      "dim_x0": 17,
      "dim_b0": 18,
      "dim_x1": 17,
      "dim_b1": 18,
      "dim_x2": 17
    },
    {
      "step": 4,
      "train_loss": 109034.59252839189,
      "train_quality": 0.7408613337977303,
      "val_loss": 217046.7969039638,
      "val_quality": 0.43813430087903427,
      "test_quality": 0.7029785346319046,
      "patience_counter": 2,
      "elbo_raw": -70961.11754686624,
      "elbo_relative": 3608720059.5987563,
      "e_log_p_nodes": -10797.561379361512,
      "e_log_p_bonds": -1652.718856384988,
      "e_log_p_tau": -0.0001,
      "h_nodes": 6852.53713360517,
      "h_bonds": 87.0,
      "h_tau": -11.791269113840826,
      "tau_mean": 0.0001,
      "bond_mean_avg": 1.0,
      "n_parameters": 6120,
      "dim_x0": 17,
      "dim_b0": 18,
      "dim_x1": 17,
      "dim_b1": 18,
      "dim_x2": 17
    },
    {
      "step": 5,
      "train_loss": 108998.33912226849,
      "train_quality": 0.7409474959880065,
      "val_loss": 224437.46044620394,
      "val_quality": 0.4190022040346567,
      "test_quality": 0.7039479394041687,
      "patience_counter": 3,
      "elbo_raw": -70706.26399334414,
      "elbo_relative": 3608720314.45231,
      "e_log_p_nodes": -10580.023518312952,
      "e_log_p_bonds": -1652.718856384988,
      "e_log_p_tau": -0.0001,
      "h_nodes": 6880.7248486686485,
      "h_bonds": 87.0,
      "h_tau": -11.791269113840826,
      "tau_mean": 0.0001,
      "bond_mean_avg": 1.0,
      "n_parameters": 6120,
      "dim_x0": 17,
      "dim_b0": 18,
      "dim_x1": 17,
      "dim_b1": 18,
      "dim_x2": 17
    },
    {
      "step": 6,
      "train_loss": 108981.67107361642,
      "train_quality": 0.7409871103507122,
      "val_loss": 230984.30990515882,
      "val_quality": 0.40205447570709707,
      "test_quality": 0.7040405493685844,
      "patience_counter": 4,
      "elbo_raw": -66399.06375421709,
      "elbo_relative": 3608724621.6525493,
      "e_log_p_nodes": -6277.928711006772,
      "e_log_p_bonds": -1543.0277276942381,
      "e_log_p_tau": -0.0001,
      "h_nodes": 6899.340979324127,
      "h_bonds": -40.47978552409064,
      "h_tau": -11.791269113840826,
      "tau_mean": 0.0001,
      "bond_mean_avg": 1.8347311430493973,
      "n_parameters": 6120,
      "dim_x0": 17,
      "dim_b0": 18,
      "dim_x1": 17,
      "dim_b1": 18,
      "dim_x2": 17
    },
    {
      "step": 7,
      "train_loss": 113309.4041134116,
      "train_quality": 0.7307015400412713,
      "val_loss": 257964.90754043576,
      "val_quality": 0.332210218296775,
      "test_quality": 0.7071870745040549,
      "patience_counter": 5,
      "elbo_raw": -62538.84144138544,
      "elbo_relative": 3608728481.874862,
      "e_log_p_nodes": -6269.005944626469,
      "e_log_p_bonds": -1639.828333423292,
      "e_log_p_tau": -0.0001,
      "h_nodes": 12151.9311974327,
      "h_bonds": -42.628712839476506,
      "h_tau": -11.791269113840826,
      "tau_mean": 0.0001,
      "bond_mean_avg": 2.744274052740452,
      "n_parameters": 6120,
      "dim_x0": 17,
      "dim_b0": 18,
      "dim_x1": 17,
      "dim_b1": 18,
      "dim_x2": 17
    },
    {
      "step": 8,
      "train_loss": 125339.90807109604,
      "train_quality": 0.7021090660654211,
      "val_loss": 245200.26576058232,
      "val_quality": 0.3652538498083675,
      "test_quality": 0.6829874540648055,
      "patience_counter": 6,
      "elbo_raw": -61536.41160129173,
      "elbo_relative": 3608729484.3047023,
      "e_log_p_nodes": -6248.718683747739,
      "e_log_p_bonds": -1821.9966142685319,
      "e_log_p_tau": -0.0001,
      "h_nodes": 16915.967909351824,
      "h_bonds": -51.550520470429056,
      "h_tau": -11.791269113840826,
      "tau_mean": 0.0001,
      "bond_mean_avg": 3.9388412806476913,
      "n_parameters": 6120,
      "dim_x0": 17,
      "dim_b0": 18,
      "dim_x1": 17,
      "dim_b1": 18,
      "dim_x2": 17
    },
    {
      "step": 9,
      "train_loss": 137262.60336961268,
      "train_quality": 0.6737728171232411,
      "val_loss": 353017.2190337971,
      "val_quality": 0.08614976399800922,
      "test_quality": 0.6593290353410073,
      "patience_counter": 7,