{
  "experiment_name": "kfold_seoulBike",
  "run_name": "seoulBike-MPO2-L3-d18-seed47659-fold4",
  "config": {
    "params": {
      "model": "MPO2",
      "L": 3,
      "bond_dim": 18,
      "init_strength": 0.01,
      "bond_prior_alpha": 1.0,
      "added_bias": false,
      "n_epochs": 100,
      "batch_size": 256,
      "patience": 100,
      "min_delta": 0.0001,
      "warmup_epochs": 5,
      "trim_every": 3,
      "trimming_threshold": 0.3,
      "trim_method": "relevance",
      "soft_trim_relaxation": 2
    },
    "fold": 4,
    "seed": 47659
  },
  "hparams": {
    "seed": 47659,
    "fold": 4,
    "dataset": "seoulBike",
    "n_features": 17,
    "n_train": 5957,
    "n_val": 1051,
    "n_test": 1752,
    "L": 3,
    "bond_dim": 18,
    "model": "MPO2",
    "init_strength": 0.01,
    "bond_prior_alpha": 1.0,
    "added_bias": false,
    "n_epochs": 100,
    "batch_size": 256,
    "patience": 100,
    "min_delta": 0.0001,
    "warmup_epochs": 5,
    "trim_every": 3,
    "trimming_threshold": 0.3,
    "trim_method": "relevance",
    "soft_trim_relaxation": 2
  },
  "metrics_log": [
    {
      "step": 0,
      "train_loss": 1097152.333858656,
      "train_quality": -1.617976354930378,
      "val_loss": 948686.3063544359,
      "val_quality": -1.3703416443177483,
      "patience_counter": 0,
      "elbo_raw": -3278270139.8674264,
      "elbo_relative": 0.0,
      "e_log_p_nodes": -6185.520126735959,
      "e_log_p_bonds": -1652.718856384988,
      "e_log_p_tau": -1.0,
      "h_nodes": -3169.2678578519253,
      "h_bonds": 87.0,
      "h_tau": 1.0,
      "tau_mean": 1.0,
      "bond_mean_avg": 1.0,
      "n_parameters": 6120,
      "dim_x0": 17,
      "dim_b0": 18,
      "dim_x1": 17,
      "dim_b1": 18,
      "dim_x2": 17
    },
    {
      "step": 1,
      "train_loss": 103797.12425238127,
      "train_quality": 0.7523238946712096,
      "val_loss": 137554.50810369974,
      "val_quality": 0.6563129701167757,
      "test_quality": 0.18642491420849117,
      "patience_counter": 0,
      "elbo_raw": -273026.5482641891,
      "elbo_relative": 3277997113.3191624,
      "e_log_p_nodes": -208629.39291313122,
      "e_log_p_bonds": -1652.718856384988,
      "e_log_p_tau": -0.0001,
      "h_nodes": 1003.9439315447039,
      "h_bonds": 87.0,
      "h_tau": -11.791269113840826,
      "tau_mean": 0.0001,
      "bond_mean_avg": 1.0,
      "n_parameters": 6120,
      "dim_x0": 17,
      "dim_b0": 18,
      "dim_x1": 17,
      "dim_b1": 18,
      "dim_x2": 17
    },
    {
      "step": 2,
      "train_loss": 109423.61720125389,
      "train_quality": 0.7388982061439603,
      "val_loss": 117165.54983629775,
      "val_quality": 0.7072558334655628,
      "test_quality": 0.6658860452336096,
      "patience_counter": 0,
      "elbo_raw": -76848.45520584386,
      "elbo_relative": 3278193291.4122205,
      "e_log_p_nodes": -16127.147121686958,
      "e_log_p_bonds": -1652.718856384988,
      "e_log_p_tau": -0.0001,
      "h_nodes": 6403.4615155609135,
      "h_bonds": 87.0,
      "h_tau": -11.791269113840826,
      "tau_mean": 0.0001,
      "bond_mean_avg": 1.0,
      "n_parameters": 6120,
      "dim_x0": 17,
      "dim_b0": 18,
      "dim_x1": 17,
      "dim_b1": 18,
      "dim_x2": 17
    },
    {
      "step": 3,
      "train_loss": 107886.2137677356,
      "train_quality": 0.7425666901937406,
      "val_loss": 116788.31274758831,
      "val_quality": 0.7081983797795128,
      "test_quality": 0.6912293343710756,
      "patience_counter": 0,
      "elbo_raw": -71825.17437858968,
      "elbo_relative": 3278198314.693048,
      "e_log_p_nodes": -11910.08715243079,
      "e_log_p_bonds": -1652.718856384988,
      "e_log_p_tau": -0.0001,
      "h_nodes": 6756.879275633481,
      "h_bonds": 87.0,
      "h_tau": -11.791269113840826,
      "tau_mean": 0.0001,
      "bond_mean_avg": 1.0,
      "n_parameters": 6120,
      "dim_x0": 17,
      "dim_b0": 18,
      "dim_x1": 17,
      "dim_b1": 18,
      "dim_x2": 17
    },
    {
      "step": 4,
      "train_loss": 107794.9023683198,
      "train_quality": 0.7427845734149022,
      "val_loss": 117360.60362344145,
      "val_quality": 0.7067684815227218,
      "test_quality": 0.6951019690931473,
      "patience_counter": 1,
      "elbo_raw": -70932.86735965637,
      "elbo_relative": 3278199207.0000668,
      "e_log_p_nodes": -11113.206462434931,
      "e_log_p_bonds": -1652.718856384988,
      "e_log_p_tau": -0.0001,
      "h_nodes": 6827.530583743879,
      "h_bonds": 87.0,
      "h_tau": -11.791269113840826,
      "tau_mean": 0.0001,
      "bond_mean_avg": 1.0,
      "n_parameters": 6120,
      "dim_x0": 17,
      "dim_b0": 18,
      "dim_x1": 17,
      "dim_b1": 18,
      "dim_x2": 17
    },
    {
      "step": 5,
      "train_loss": 107816.1494655028,
      "train_quality": 0.7427338745316939,
      "val_loss": 117341.53610221637,
      "val_quality": 0.7068161227074958,
      "test_quality": 0.6951208699307885,
      "patience_counter": 2,
      "elbo_raw": -70573.60139769466,
      "elbo_relative": 3278199566.266029,
      "e_log_p_nodes": -10785.034595906722,
      "e_log_p_bonds": -1652.718856384988,
      "e_log_p_tau": -0.0001,
      "h_nodes": 6866.6335470764825,
      "h_bonds": 87.0,
      "h_tau": -11.791269113840826,
      "tau_mean": 0.0001,
      "bond_mean_avg": 1.0,
      "n_parameters": 6120,
      "dim_x0": 17,
      "dim_b0": 18,
      "dim_x1": 17,
      "dim_b1": 18,
      "dim_x2": 17
    },
    {
      "step": 6,
      "train_loss": 107843.45665401149,
      "train_quality": 0.7426687153266964,
      "val_loss": 117810.36065121845,
      "val_quality": 0.7056447404023707,
      "test_quality": 0.6946366107999296,
      "patience_counter": 3,
      "elbo_raw": -66083.13886941274,
      "elbo_relative": 3278204056.728557,
      "e_log_p_nodes": -6281.307537895913,
      "e_log_p_bonds": -1551.7445083993105,
      "e_log_p_tau": -0.0001,
      "h_nodes": 6889.409853500599,
      "h_bonds": -41.26236921172025,
      "h_tau": -11.791269113840826,
      "tau_mean": 0.0001,
      "bond_mean_avg": 1.8541895177583652,
      "n_parameters": 6120,
      "dim_x0": 17,
      "dim_b0": 18,
      "dim_x1": 17,
      "dim_b1": 18,
      "dim_x2": 17
    },
    {
      "step": 7,
      "train_loss": 111401.07153675162,
      "train_quality": 0.7341796921021768,
      "val_loss": 126531.73007280879,
      "val_quality": 0.6838539492873237,
      "test_quality": 0.689309159437838,
      "patience_counter": 4,
      "elbo_raw": -62068.37806860745,
      "elbo_relative": 3278208071.489358,
      "e_log_p_nodes": -6264.6167464111,
      "e_log_p_bonds": -1648.9959674410343,
      "e_log_p_tau": -0.0001,
      "h_nodes": 12059.45653742248,
      "h_bonds": -44.21051098505804,
      "h_tau": -11.791269113840826,
      "tau_mean": 0.0001,
      "bond_mean_avg": 2.68473166043506,
      "n_parameters": 6120,
      "dim_x0": 17,
      "dim_b0": 18,
      "dim_x1": 17,
      "dim_b1": 18,
      "dim_x2": 17
    },
    {
      "step": 8,
      "train_loss": 121950.05429603797,
      "train_quality": 0.7090081761876532,
      "val_loss": 126236.91351974984,
      "val_quality": 0.6845905636439019,
      "test_quality": 0.6627565225264671,
      "patience_counter": 5,
      "elbo_raw": -60570.42914559865,
      "elbo_relative": 3278209569.4382806,
      "e_log_p_nodes": -6251.586264383773,
      "e_log_p_bonds": -1821.7531596839867,
      "e_log_p_tau": -0.0001,
      "h_nodes": 16874.4491547485,
      "h_bonds": -52.2619247255332,
      "h_tau": -11.791269113840826,
      "tau_mean": 0.0001,
      "bond_mean_avg": 3.860915800305844,
      "n_parameters": 6120,
      "dim_x0": 17,
      "dim_b0": 18,
      "dim_x1": 17,
      "dim_b1": 18,
      "dim_x2": 17
    },
    {
      "step": 9,
      "train_loss": 134729.83113740574,
      "train_quality": 0.6785136381372079,
      "val_loss": 141947.93245057564,
      "val_quality": 0.645335772890669,
      "test_quality": 0.6191775099146519,
      "patience_counter": 6,