{
  "experiment_name": "kfold_seoulBike",
  "run_name": "seoulBike-MPO2-L3-d18-seed19540-fold1",
  "config": {
    "params": {
      "model": "MPO2",
      "L": 3,
      "bond_dim": 18,
      "init_strength": 0.01,
      "bond_prior_alpha": 1.0,
      "added_bias": false,
      "n_epochs": 100,
      "batch_size": 256,
      "patience": 100,
      "min_delta": 0.0001,
      "warmup_epochs": 5,
      "trim_every": 3,
      "trimming_threshold": 0.3,
      "trim_method": "relevance",
      "soft_trim_relaxation": 2
    },
    "fold": 1,
    "seed": 19540
  },
  "hparams": {
    "seed": 19540,
    "fold": 1,
    "dataset": "seoulBike",
    "n_features": 17,
    "n_train": 5957,
    "n_val": 1051,
    "n_test": 1752,
    "L": 3,
    "bond_dim": 18,
    "model": "MPO2",
    "init_strength": 0.01,
    "bond_prior_alpha": 1.0,
    "added_bias": false,
    "n_epochs": 100,
    "batch_size": 256,
    "patience": 100,
    "min_delta": 0.0001,
    "warmup_epochs": 5,
    "trim_every": 3,
    "trimming_threshold": 0.3,
    "trim_method": "relevance",
    "soft_trim_relaxation": 2
  },
  "metrics_log": [
    {
      "step": 0,
      "train_loss": 954329.9627564442,
      "train_quality": -1.3217894954118803,
      "val_loss": 939182.4482880513,
      "val_quality": -1.3057822198484446,
      "patience_counter": 0,
      "elbo_raw": -2853293456.94875,
      "elbo_relative": 0.0,
      "e_log_p_nodes": -6185.520126735959,
      "e_log_p_bonds": -1652.718856384988,
      "e_log_p_tau": -1.0,
      "h_nodes": -3169.2678578519253,
      "h_bonds": 87.0,
      "h_tau": 1.0,
      "tau_mean": 1.0,
      "bond_mean_avg": 1.0,
      "n_parameters": 6120,
      "dim_x0": 17,
      "dim_b0": 18,
      "dim_x1": 17,
      "dim_b1": 18,
      "dim_x2": 17
    },
    {
      "step": 1,
      "train_loss": 103726.27721105488,
      "train_quality": 0.7476443261498322,
      "val_loss": 886341.9032528459,
      "val_quality": -1.1760536570421802,
      "test_quality": 0.5464536678010099,
      "patience_counter": 0,
      "elbo_raw": -248311.66188871095,
      "elbo_relative": 2853045145.2868614,
      "e_log_p_nodes": -183923.9276163393,
      "e_log_p_bonds": -1652.718856384988,
      "e_log_p_tau": -0.0001,
      "h_nodes": 992.2632264544018,
      "h_bonds": 87.0,
      "h_tau": -11.791269113840826,
      "tau_mean": 0.0001,
      "bond_mean_avg": 1.0,
      "n_parameters": 6120,
      "dim_x0": 17,
      "dim_b0": 18,
      "dim_x1": 17,
      "dim_b1": 18,
      "dim_x2": 17
    },
    {
      "step": 2,
      "train_loss": 109628.63514794127,
      "train_quality": 0.7332844787272055,
      "val_loss": 111883.72145314034,
      "val_quality": 0.7253148245185226,
      "test_quality": 0.6638260901062607,
      "patience_counter": 0,
      "elbo_raw": -74517.14403642039,
      "elbo_relative": 2853218939.8047137,
      "e_log_p_nodes": -13800.057303923686,
      "e_log_p_bonds": -1652.718856384988,
      "e_log_p_tau": -0.0001,
      "h_nodes": 6472.561450761674,
      "h_bonds": 87.0,
      "h_tau": -11.791269113840826,
      "tau_mean": 0.0001,
      "bond_mean_avg": 1.0,
      "n_parameters": 6120,
      "dim_x0": 17,
      "dim_b0": 18,
      "dim_x1": 17,
      "dim_b1": 18,
      "dim_x2": 17
    },
    {
      "step": 3,
      "train_loss": 107817.51429481055,
      "train_quality": 0.7376907548956437,
      "val_loss": 109122.48982254372,
      "val_quality": 0.7320939107443334,
      "test_quality": 0.6850376680526878,
      "patience_counter": 0,
      "elbo_raw": -71353.1049933631,
      "elbo_relative": 2853222103.8437567,
      "e_log_p_nodes": -11511.777630889848,
      "e_log_p_bonds": -1652.718856384988,
      "e_log_p_tau": -0.0001,
      "h_nodes": 6811.573513434463,
      "h_bonds": 87.0,
      "h_tau": -11.791269113840826,
      "tau_mean": 0.0001,
      "bond_mean_avg": 1.0,
      "n_parameters": 6120,
      "dim_x0": 17,
      "dim_b0": 18,
      "dim_x1": 17,
      "dim_b1": 18,
      "dim_x2": 17
    },
    {
      "step": 4,
      "train_loss": 107740.03320036067,
      "train_quality": 0.737879258660806,
      "val_loss": 109075.99039947195,
      "val_quality": 0.7322080712497256,
      "test_quality": 0.6942048707673951,
      "patience_counter": 0,
      "elbo_raw": -70593.34249366604,
      "elbo_relative": 2853222863.6062565,
      "e_log_p_nodes": -10823.457654569773,
      "e_log_p_bonds": -1652.718856384988,
      "e_log_p_tau": -0.0001,
      "h_nodes": 6859.868650546072,
      "h_bonds": 87.0,
      "h_tau": -11.791269113840826,
      "tau_mean": 0.0001,
      "bond_mean_avg": 1.0,
      "n_parameters": 6120,
      "dim_x0": 17,
      "dim_b0": 18,
      "dim_x1": 17,
      "dim_b1": 18,
      "dim_x2": 17
    },
    {
      "step": 5,
      "train_loss": 107763.70233210793,
      "train_quality": 0.7378216740269781,
      "val_loss": 108961.76946587117,
      "val_quality": 0.7324884945032812,
      "test_quality": 0.6956628461433187,
      "patience_counter": 0,
      "elbo_raw": -70269.35208026586,
      "elbo_relative": 2853223187.5966697,
      "e_log_p_nodes": -10524.562128291105,
      "e_log_p_bonds": -1652.718856384988,
      "e_log_p_tau": -0.0001,
      "h_nodes": 6894.171634903241,
      "h_bonds": 87.0,
      "h_tau": -11.791269113840826,
      "tau_mean": 0.0001,
      "bond_mean_avg": 1.0,
      "n_parameters": 6120,
      "dim_x0": 17,
      "dim_b0": 18,
      "dim_x1": 17,
      "dim_b1": 18,
      "dim_x2": 17
    },
    {
      "step": 6,
      "train_loss": 107782.19318222921,
      "train_quality": 0.7377766876352181,
      "val_loss": 108886.87324303461,
      "val_quality": 0.7326723718524215,
      "test_quality": 0.6960845276676213,
      "patience_counter": 0,
      "elbo_raw": -66013.06053133085,
      "elbo_relative": 2853227443.888219,
      "e_log_p_nodes": -6276.272983411809,
      "e_log_p_bonds": -1534.750841192598,
      "e_log_p_tau": -0.0001,
      "h_nodes": 6916.928134423823,
      "h_bonds": -38.98574956300657,
      "h_tau": -11.791269113840826,
      "tau_mean": 0.0001,
      "bond_mean_avg": 1.8954851777750836,
      "n_parameters": 6120,
      "dim_x0": 17,
      "dim_b0": 18,
      "dim_x1": 17,
      "dim_b1": 18,
      "dim_x2": 17
    },
    {
      "step": 7,
      "train_loss": 111109.28913593282,
      "train_quality": 0.7296821954396421,
      "val_loss": 111257.88670271706,
      "val_quality": 0.7268513083430655,
      "test_quality": 0.6794313188602574,
      "patience_counter": 1,
      "elbo_raw": -61933.072676164826,
      "elbo_relative": 2853231523.876074,
      "e_log_p_nodes": -6265.815711169951,
      "e_log_p_bonds": -1635.500479002995,
      "e_log_p_tau": -0.0001,
      "h_nodes": 12096.317999245366,
      "h_bonds": -41.99584824183946,
      "h_tau": -11.791269113840826,
      "tau_mean": 0.0001,
      "bond_mean_avg": 2.760504417092827,
      "n_parameters": 6120,
      "dim_x0": 17,
      "dim_b0": 18,
      "dim_x1": 17,
      "dim_b1": 18,
      "dim_x2": 17
    },
    {
      "step": 8,
      "train_loss": 122810.8696128242,
      "train_quality": 0.7012134187154045,
      "val_loss": 121087.92096610126,
      "val_quality": 0.7027176394629371,
      "test_quality": 0.6558172887135334,
      "patience_counter": 2,
      "elbo_raw": -60820.45525568202,
      "elbo_relative": 2853232636.4934945,
      "e_log_p_nodes": -6249.37371235697,
      "e_log_p_bonds": -1815.989794932621,
      "e_log_p_tau": -0.0001,
      "h_nodes": 16872.35461590808,
      "h_bonds": -50.281459702259355,
      "h_tau": -11.791269113840826,
      "tau_mean": 0.0001,
      "bond_mean_avg": 4.002593218320671,
      "n_parameters": 6120,
      "dim_x0": 17,
      "dim_b0": 18,
      "dim_x1": 17,
      "dim_b1": 18,
      "dim_x2": 17
    },
    {
      "step": 9,
      "train_loss": 136850.08905429693,
      "train_quality": 0.6670573998381972,
      "val_loss": 135699.63477996894,
      "val_quality": 0.6668444925840287,
      "test_quality": 0.6172334340421405,
      "patience_counter": 3,