{
  "experiment_name": "kfold_seoulBike",
  "run_name": "seoulBike-MPO2-L3-d18-seed9536-fold2",
  "config": {
    "params": {
      "model": "MPO2",
      "L": 3,
      "bond_dim": 18,
      "init_strength": 0.01,
      "bond_prior_alpha": 1.0,
      "added_bias": false,
      "n_epochs": 100,
      "batch_size": 256,
      "patience": 100,
      "min_delta": 0.0001,
      "warmup_epochs": 5,
      "trim_every": 3,
      "trimming_threshold": 0.3,
      "trim_method": "relevance",
      "soft_trim_relaxation": 2
    },
    "fold": 2,
    "seed": 9536
  },
  "hparams": {
    "seed": 9536,
    "fold": 2,
    "dataset": "seoulBike",
    "n_features": 17,
    "n_train": 5957,
    "n_val": 1051,
    "n_test": 1752,
    "L": 3,
    "bond_dim": 18,
    "model": "MPO2",
    "init_strength": 0.01,
    "bond_prior_alpha": 1.0,
    "added_bias": false,
    "n_epochs": 100,
    "batch_size": 256,
    "patience": 100,
    "min_delta": 0.0001,
    "warmup_epochs": 5,
    "trim_every": 3,
    "trimming_threshold": 0.3,
    "trim_method": "relevance",
    "soft_trim_relaxation": 2
  },
  "metrics_log": [
    {
      "step": 0,
      "train_loss": 1141448.5728141544,
      "train_quality": -1.734474269993195,
      "val_loss": 958382.7751013824,
      "val_quality": -1.3108681255201633,
      "patience_counter": 0,
      "elbo_raw": -3408970493.6082153,
      "elbo_relative": 0.0,
      "e_log_p_nodes": -6185.52012673596,
      "e_log_p_bonds": -1652.718856384988,
      "e_log_p_tau": -1.0,
      "h_nodes": -3169.2678578519253,
      "h_bonds": 87.0,
      "h_tau": 1.0,
      "tau_mean": 1.0,
      "bond_mean_avg": 1.0,
      "n_parameters": 6120,
      "dim_x0": 17,
      "dim_b0": 18,
      "dim_x1": 17,
      "dim_b1": 18,
      "dim_x2": 17
    },
    {
      "step": 1,
      "train_loss": 105722.68094631305,
      "train_quality": 0.7467288867078359,
      "val_loss": 179462.5831251864,
      "val_quality": 0.5672769024634907,
      "test_quality": -10.538503161765185,
      "patience_counter": 0,
      "elbo_raw": -167412.70495954042,
      "elbo_relative": 3408803080.903256,
      "e_log_p_nodes": -102482.95908139195,
      "e_log_p_bonds": -1652.718856384988,
      "e_log_p_tau": -0.0001,
      "h_nodes": 1044.880473754763,
      "h_bonds": 87.0,
      "h_tau": -11.791269113840826,
      "tau_mean": 0.0001,
      "bond_mean_avg": 1.0,
      "n_parameters": 6120,
      "dim_x0": 17,
      "dim_b0": 18,
      "dim_x1": 17,
      "dim_b1": 18,
      "dim_x2": 17
    },
    {
      "step": 2,
      "train_loss": 111400.46125651788,
      "train_quality": 0.733127096369922,
      "val_loss": 120720.0490843744,
      "val_quality": 0.7089178553832003,
      "test_quality": 0.7126517983696663,
      "patience_counter": 0,
      "elbo_raw": -75311.32603837136,
      "elbo_relative": 3408895182.282177,
      "e_log_p_nodes": -14052.772183831205,
      "e_log_p_bonds": -1652.718856384988,
      "e_log_p_tau": -0.0001,
      "h_nodes": 6456.663984874801,
      "h_bonds": 87.0,
      "h_tau": -11.791269113840826,
      "tau_mean": 0.0001,
      "bond_mean_avg": 1.0,
      "n_parameters": 6120,
      "dim_x0": 17,
      "dim_b0": 18,
      "dim_x1": 17,
      "dim_b1": 18,
      "dim_x2": 17
    },
    {
      "step": 3,
      "train_loss": 109602.14705152511,
      "train_quality": 0.73743516949738,
      "val_loss": 120927.24685963803,
      "val_quality": 0.7084182567395532,
      "test_quality": 0.7134958883945237,
      "patience_counter": 1,
      "elbo_raw": -71986.1373938969,
      "elbo_relative": 3408898507.4708214,
      "e_log_p_nodes": -11614.058734154762,
      "e_log_p_bonds": -1652.718856384988,
      "e_log_p_tau": -0.0001,
      "h_nodes": 6811.71935286378,
      "h_bonds": 87.0,
      "h_tau": -11.791269113840826,
      "tau_mean": 0.0001,
      "bond_mean_avg": 1.0,
      "n_parameters": 6120,
      "dim_x0": 17,
      "dim_b0": 18,
      "dim_x1": 17,
      "dim_b1": 18,
      "dim_x2": 17
    },
    {
      "step": 4,
      "train_loss": 109499.65863575628,
      "train_quality": 0.7376806925481482,
      "val_loss": 121161.46017305294,
      "val_quality": 0.7078535177911871,
      "test_quality": 0.7144330605582314,
      "patience_counter": 2,
      "elbo_raw": -71376.26223964247,
      "elbo_relative": 3408899117.345976,
      "e_log_p_nodes": -11085.259776695719,
      "e_log_p_bonds": -1652.718856384988,
      "e_log_p_tau": -0.0001,
      "h_nodes": 6863.987294031589,
      "h_bonds": 87.0,
      "h_tau": -11.791269113840826,
      "tau_mean": 0.0001,
      "bond_mean_avg": 1.0,
      "n_parameters": 6120,
      "dim_x0": 17,
      "dim_b0": 18,
      "dim_x1": 17,
      "dim_b1": 18,
      "dim_x2": 17
    },
    {
      "step": 5,
      "train_loss": 109504.9228311439,
      "train_quality": 0.7376680815491224,
      "val_loss": 121042.49741876885,
      "val_quality": 0.7081403627180172,
      "test_quality": 0.7152646039034422,
      "patience_counter": 3,
      "elbo_raw": -71075.96090099329,
      "elbo_relative": 3408899417.6473145,
      "e_log_p_nodes": -10808.362652276232,
      "e_log_p_bonds": -1652.718856384988,
      "e_log_p_tau": -0.0001,
      "h_nodes": 6889.676504190142,
      "h_bonds": 87.0,
      "h_tau": -11.791269113840826,
      "tau_mean": 0.0001,
      "bond_mean_avg": 1.0,
      "n_parameters": 6120,
      "dim_x0": 17,
      "dim_b0": 18,
      "dim_x1": 17,
      "dim_b1": 18,
      "dim_x2": 17
    },
    {
      "step": 6,
      "train_loss": 109557.28030046159,
      "train_quality": 0.7375426530750755,
      "val_loss": 120794.32666403147,
      "val_quality": 0.7087387560757736,
      "test_quality": 0.7155562660647641,
      "patience_counter": 4,
      "elbo_raw": -66574.5917472305,
      "elbo_relative": 3408903919.016468,
      "e_log_p_nodes": -6281.25859248248,
      "e_log_p_bonds": -1549.0413944809284,
      "e_log_p_tau": -0.0001,
      "h_nodes": 6903.948509313777,
      "h_bonds": -40.570137580914725,
      "h_tau": -11.791269113840826,
      "tau_mean": 0.0001,
      "bond_mean_avg": 1.8955054763182744,
      "n_parameters": 6120,
      "dim_x0": 17,
      "dim_b0": 18,
      "dim_x1": 17,
      "dim_b1": 18,
      "dim_x2": 17
    },
    {
      "step": 7,
      "train_loss": 114153.72175913956,
      "train_quality": 0.7265313371019892,
      "val_loss": 122317.30112626667,
      "val_quality": 0.7050665352969849,
      "test_quality": 0.6986709856215374,
      "patience_counter": 5,
      "elbo_raw": -62834.02576230654,
      "elbo_relative": 3408907659.5824533,
      "e_log_p_nodes": -6267.569314246903,
      "e_log_p_bonds": -1631.7998373547027,
      "e_log_p_tau": -0.0001,
      "h_nodes": 12096.548610055594,
      "h_bonds": -40.98238802548295,
      "h_tau": -11.791269113840826,
      "tau_mean": 0.0001,
      "bond_mean_avg": 2.823322553253575,
      "n_parameters": 6120,
      "dim_x0": 17,
      "dim_b0": 18,
      "dim_x1": 17,
      "dim_b1": 18,
      "dim_x2": 17
    },
    {
      "step": 8,
      "train_loss": 123370.03249347996,
      "train_quality": 0.7044525810655409,
      "val_loss": 133927.50874589838,
      "val_quality": 0.6770718139644358,
      "test_quality": 0.6787670625772183,
      "patience_counter": 6,
      "elbo_raw": -61005.402419768885,
      "elbo_relative": 3408909488.205796,
      "e_log_p_nodes": -6240.625970894693,
      "e_log_p_bonds": -1809.2243458223745,
      "e_log_p_tau": -0.0001,
      "h_nodes": 16836.04046641116,
      "h_bonds": -48.26756902594891,
      "h_tau": -11.791269113840826,
      "tau_mean": 0.0001,
      "bond_mean_avg": 4.134686033085657,
      "n_parameters": 6120,
      "dim_x0": 17,
      "dim_b0": 18,
      "dim_x1": 17,
      "dim_b1": 18,
      "dim_x2": 17
    },
    {
      "step": 9,
      "train_loss": 129645.06822774069,
      "train_quality": 0.6894199951328083,
      "val_loss": 141033.27200730573,
      "val_quality": 0.6599382820866937,
      "test_quality": 0.6565563974981243,
      "patience_counter": 7,