{
  "experiment_name": "kfold_seoulBike",
  "run_name": "seoulBike-MPO2-L3-d18-seed42806-fold1",
  "config": {
    "params": {
      "model": "MPO2",
      "L": 3,
      "bond_dim": 18,
      "init_strength": 0.01,
      "bond_prior_alpha": 1.0,
      "added_bias": false,
      "n_epochs": 100,
      "batch_size": 256,
      "patience": 100,
      "min_delta": 0.0001,
      "warmup_epochs": 5,
      "trim_every": 3,
      "trimming_threshold": 0.3,
      "trim_method": "relevance",
      "soft_trim_relaxation": 2
    },
    "fold": 1,
    "seed": 42806
  },
  "hparams": {
    "seed": 42806,
    "fold": 1,
    "dataset": "seoulBike",
    "n_features": 17,
    "n_train": 5957,
    "n_val": 1051,
    "n_test": 1752,
    "L": 3,
    "bond_dim": 18,
    "model": "MPO2",
    "init_strength": 0.01,
    "bond_prior_alpha": 1.0,
    "added_bias": false,
    "n_epochs": 100,
    "batch_size": 256,
    "patience": 100,
    "min_delta": 0.0001,
    "warmup_epochs": 5,
    "trim_every": 3,
    "trimming_threshold": 0.3,
    "trim_method": "relevance",
    "soft_trim_relaxation": 2
  },
  "metrics_log": [
    {
      "step": 0,
      "train_loss": 982561.8719220135,
      "train_quality": -1.3700368784037011,
      "val_loss": 918912.065758344,
      "val_quality": -1.2527352383557413,
      "patience_counter": 0,
      "elbo_raw": -2937464245.2995486,
      "elbo_relative": 0.0,
      "e_log_p_nodes": -6185.52012673596,
      "e_log_p_bonds": -1652.718856384988,
      "e_log_p_tau": -1.0,
      "h_nodes": -3169.2678578519253,
      "h_bonds": 87.0,
      "h_tau": 1.0,
      "tau_mean": 1.0,
      "bond_mean_avg": 1.0,
      "n_parameters": 6120,
      "dim_x0": 17,
      "dim_b0": 18,
      "dim_x1": 17,
      "dim_b1": 18,
      "dim_x2": 17
    },
    {
      "step": 1,
      "train_loss": 105373.44577102715,
      "train_quality": 0.7458287771809358,
      "val_loss": 127775.430202279,
      "val_quality": 0.6867554307547467,
      "test_quality": -0.13197401584639112,
      "patience_counter": 0,
      "elbo_raw": -222211.85115087143,
      "elbo_relative": 2937242033.4483976,
      "e_log_p_nodes": -157208.46208992033,
      "e_log_p_bonds": -1652.718856384988,
      "e_log_p_tau": -0.0001,
      "h_nodes": 867.2175949387047,
      "h_bonds": 87.0,
      "h_tau": -11.791269113840826,
      "tau_mean": 0.0001,
      "bond_mean_avg": 1.0,
      "n_parameters": 6120,
      "dim_x0": 17,
      "dim_b0": 18,
      "dim_x1": 17,
      "dim_b1": 18,
      "dim_x2": 17
    },
    {
      "step": 2,
      "train_loss": 110626.38836088778,
      "train_quality": 0.7331581576363834,
      "val_loss": 113303.85959806175,
      "val_quality": 0.7222328374286586,
      "test_quality": 0.704484584698315,
      "patience_counter": 0,
      "elbo_raw": -75570.14630946299,
      "elbo_relative": 2937388675.1532393,
      "e_log_p_nodes": -14512.929322631784,
      "e_log_p_bonds": -1652.718856384988,
      "e_log_p_tau": -0.0001,
      "h_nodes": 6426.517660534313,
      "h_bonds": 87.0,
      "h_tau": -11.791269113840826,
      "tau_mean": 0.0001,
      "bond_mean_avg": 1.0,
      "n_parameters": 6120,
      "dim_x0": 17,
      "dim_b0": 18,
      "dim_x1": 17,
      "dim_b1": 18,
      "dim_x2": 17
    },
    {
      "step": 3,
      "train_loss": 109142.44388953898,
      "train_quality": 0.736737579170134,
      "val_loss": 112731.6559775422,
      "val_quality": 0.7236356084961986,
      "test_quality": 0.7125128399224945,
      "patience_counter": 0,
      "elbo_raw": -71840.2301630737,
      "elbo_relative": 2937392405.0693855,
      "e_log_p_nodes": -11608.162037451446,
      "e_log_p_bonds": -1652.718856384988,
      "e_log_p_tau": -0.0001,
      "h_nodes": 6815.11256164484,
      "h_bonds": 87.0,
      "h_tau": -11.791269113840826,
      "tau_mean": 0.0001,
      "bond_mean_avg": 1.0,
      "n_parameters": 6120,
      "dim_x0": 17,
      "dim_b0": 18,
      "dim_x1": 17,
      "dim_b1": 18,
      "dim_x2": 17
    },
    {
      "step": 4,
      "train_loss": 109015.19655361955,
      "train_quality": 0.7370445123897365,
      "val_loss": 112875.15292948249,
      "val_quality": 0.7232838222347289,
      "test_quality": 0.7126900768141413,
      "patience_counter": 1,
      "elbo_raw": -71214.94235509596,
      "elbo_relative": 2937393030.3571935,
      "e_log_p_nodes": -11052.185525470324,
      "e_log_p_bonds": -1652.718856384988,
      "e_log_p_tau": -0.0001,
      "h_nodes": 6846.934700297973,
      "h_bonds": 87.0,
      "h_tau": -11.791269113840826,
      "tau_mean": 0.0001,
      "bond_mean_avg": 1.0,
      "n_parameters": 6120,
      "dim_x0": 17,
      "dim_b0": 18,
      "dim_x1": 17,
      "dim_b1": 18,
      "dim_x2": 17
    },
    {
      "step": 5,
      "train_loss": 108984.52851719099,
      "train_quality": 0.737118486741277,
      "val_loss": 113013.88198793086,
      "val_quality": 0.7229437245799084,
      "test_quality": 0.7126591612951225,
      "patience_counter": 2,
      "elbo_raw": -70911.93169466485,
      "elbo_relative": 2937393333.367854,
      "e_log_p_nodes": -10783.624177453827,
      "e_log_p_bonds": -1652.718856384988,
      "e_log_p_tau": -0.0001,
      "h_nodes": 6873.053150247323,
      "h_bonds": 87.0,
      "h_tau": -11.791269113840826,
      "tau_mean": 0.0001,
      "bond_mean_avg": 1.0,
      "n_parameters": 6120,
      "dim_x0": 17,
      "dim_b0": 18,
      "dim_x1": 17,
      "dim_b1": 18,
      "dim_x2": 17
    },
    {
      "step": 6,
      "train_loss": 108969.23349704221,
      "train_quality": 0.7371553798498378,
      "val_loss": 113151.00861970369,
      "val_quality": 0.7226075553129865,
      "test_quality": 0.7130839373690429,
      "patience_counter": 3,
      "elbo_raw": -66406.13642201714,
      "elbo_relative": 2937397839.1631265,
      "e_log_p_nodes": -6273.922519749443,
      "e_log_p_bonds": -1551.986076565671,
      "e_log_p_tau": -0.0001,
      "h_nodes": 6892.57202848501,
      "h_bonds": -40.8931545366099,
      "h_tau": -11.791269113840826,
      "tau_mean": 0.0001,
      "bond_mean_avg": 1.8963055629516692,
      "n_parameters": 6120,
      "dim_x0": 17,
      "dim_b0": 18,
      "dim_x1": 17,
      "dim_b1": 18,
      "dim_x2": 17
    },
    {
      "step": 7,
      "train_loss": 113152.0239496863,
      "train_quality": 0.7270660736079728,
      "val_loss": 114095.09913536023,
      "val_quality": 0.7202930944934284,
      "test_quality": 0.7071905110656957,
      "patience_counter": 4,
      "elbo_raw": -62517.8920069774,
      "elbo_relative": 2937401727.4075418,
      "e_log_p_nodes": -6268.743731116087,
      "e_log_p_bonds": -1646.4568660742702,
      "e_log_p_tau": -0.0001,
      "h_nodes": 12130.875753292525,
      "h_bonds": -42.5276719294303,
      "h_tau": -11.791269113840826,
      "tau_mean": 0.0001,
      "bond_mean_avg": 2.832516274642605,
      "n_parameters": 6120,
      "dim_x0": 17,
      "dim_b0": 18,
      "dim_x1": 17,
      "dim_b1": 18,
      "dim_x2": 17
    },
    {
      "step": 8,
      "train_loss": 122666.17758539657,
      "train_quality": 0.7041169895575978,
      "val_loss": 121406.19870027968,
      "val_quality": 0.7023697564127283,
      "test_quality": 0.6846076586212673,
      "patience_counter": 5,
      "elbo_raw": -60756.70285820401,
      "elbo_relative": 2937403488.5966907,
      "e_log_p_nodes": -6245.481872653098,
      "e_log_p_bonds": -1821.3385663369072,
      "e_log_p_tau": -0.0001,
      "h_nodes": 16894.766395134724,
      "h_bonds": -50.72986131569007,
      "h_tau": -11.791269113840826,
      "tau_mean": 0.0001,
      "bond_mean_avg": 4.017261190470416,
      "n_parameters": 6120,
      "dim_x0": 17,
      "dim_b0": 18,
      "dim_x1": 17,
      "dim_b1": 18,
      "dim_x2": 17
    },
    {
      "step": 9,
      "train_loss": 134784.61479618135,
      "train_quality": 0.6748861147201716,
      "val_loss": 134907.9285755445,
      "val_quality": 0.6692699378314274,
      "test_quality": 0.656291762272475,
      "patience_counter": 6,