{
  "experiment_name": "kfold_seoulBike",
  "run_name": "seoulBike-MPO2-L3-d18-seed9536-fold4",
  "config": {
    "params": {
      "model": "MPO2",
      "L": 3,
      "bond_dim": 18,
      "init_strength": 0.01,
      "bond_prior_alpha": 1.0,
      "added_bias": false,
      "n_epochs": 100,
      "batch_size": 256,
      "patience": 100,
      "min_delta": 0.0001,
      "warmup_epochs": 5,
      "trim_every": 3,
      "trimming_threshold": 0.3,
      "trim_method": "relevance",
      "soft_trim_relaxation": 2
    },
    "fold": 4,
    "seed": 9536
  },
  "hparams": {
    "seed": 9536,
    "fold": 4,
    "dataset": "seoulBike",
    "n_features": 17,
    "n_train": 5957,
    "n_val": 1051,
    "n_test": 1752,
    "L": 3,
    "bond_dim": 18,
    "model": "MPO2",
    "init_strength": 0.01,
    "bond_prior_alpha": 1.0,
    "added_bias": false,
    "n_epochs": 100,
    "batch_size": 256,
    "patience": 100,
    "min_delta": 0.0001,
    "warmup_epochs": 5,
    "trim_every": 3,
    "trimming_threshold": 0.3,
    "trim_method": "relevance",
    "soft_trim_relaxation": 2
  },
  "metrics_log": [
    {
      "step": 0,
      "train_loss": 1107718.3810319346,
      "train_quality": -1.6312877322558164,
      "val_loss": 946560.4565403023,
      "val_quality": -1.4149335335193922,
      "patience_counter": 0,
      "elbo_raw": -3314842434.581301,
      "elbo_relative": 0.0,
      "e_log_p_nodes": -6185.52012673596,
      "e_log_p_bonds": -1652.718856384988,
      "e_log_p_tau": -1.0,
      "h_nodes": -3169.2678578519253,
      "h_bonds": 87.0,
      "h_tau": 1.0,
      "tau_mean": 1.0,
      "bond_mean_avg": 1.0,
      "n_parameters": 6120,
      "dim_x0": 17,
      "dim_b0": 18,
      "dim_x1": 17,
      "dim_b1": 18,
      "dim_x2": 17
    },
    {
      "step": 1,
      "train_loss": 107625.30774270881,
      "train_quality": 0.7443455333116095,
      "val_loss": 157155.42478479288,
      "val_quality": 0.5990537079116596,
      "test_quality": 0.6273977119803906,
      "patience_counter": 0,
      "elbo_raw": -194304.80077004782,
      "elbo_relative": 3314648129.780531,
      "e_log_p_nodes": -128789.59447020714,
      "e_log_p_bonds": -1652.718856384988,
      "e_log_p_tau": -0.0001,
      "h_nodes": 1026.117437785922,
      "h_bonds": 87.0,
      "h_tau": -11.791269113840826,
      "tau_mean": 0.0001,
      "bond_mean_avg": 1.0,
      "n_parameters": 6120,
      "dim_x0": 17,
      "dim_b0": 18,
      "dim_x1": 17,
      "dim_b1": 18,
      "dim_x2": 17
    },
    {
      "step": 2,
      "train_loss": 113841.31650073525,
      "train_quality": 0.7295799504083516,
      "val_loss": 109373.48230483127,
      "val_quality": 0.7209584572536166,
      "test_quality": 0.7050909812774568,
      "patience_counter": 0,
      "elbo_raw": -76673.10430838868,
      "elbo_relative": 3314765761.4769926,
      "e_log_p_nodes": -14649.294726174188,
      "e_log_p_bonds": -1652.718856384988,
      "e_log_p_tau": -0.0001,
      "h_nodes": 6417.4905646516,
      "h_bonds": 87.0,
      "h_tau": -11.791269113840826,
      "tau_mean": 0.0001,
      "bond_mean_avg": 1.0,
      "n_parameters": 6120,
      "dim_x0": 17,
      "dim_b0": 18,
      "dim_x1": 17,
      "dim_b1": 18,
      "dim_x2": 17
    },
    {
      "step": 3,
      "train_loss": 112001.25342193489,
      "train_quality": 0.7339508586542847,
      "val_loss": 109628.22639225799,
      "val_quality": 0.7203085357035013,
      "test_quality": 0.7096448240222637,
      "patience_counter": 1,
      "elbo_raw": -73075.66204916294,
      "elbo_relative": 3314769358.919252,
      "e_log_p_nodes": -11940.22097175597,
      "e_log_p_bonds": -1652.718856384988,
      "e_log_p_tau": -0.0001,
      "h_nodes": 6760.6323870377055,
      "h_bonds": 87.0,
      "h_tau": -11.791269113840826,
      "tau_mean": 0.0001,
      "bond_mean_avg": 1.0,
      "n_parameters": 6120,
      "dim_x0": 17,
      "dim_b0": 18,
      "dim_x1": 17,
      "dim_b1": 18,
      "dim_x2": 17
    },
    {
      "step": 4,
      "train_loss": 111976.30717138326,
      "train_quality": 0.7340101162816441,
      "val_loss": 110969.09683446187,
      "val_quality": 0.7168876100007537,
      "test_quality": 0.7091603931108486,
      "patience_counter": 2,
      "elbo_raw": -72399.86006261723,
      "elbo_relative": 3314770034.7212386,
      "e_log_p_nodes": -11319.910480227149,
      "e_log_p_bonds": -1652.718856384988,
      "e_log_p_tau": -0.0001,
      "h_nodes": 6810.750227011629,
      "h_bonds": 87.0,
      "h_tau": -11.791269113840826,
      "tau_mean": 0.0001,
      "bond_mean_avg": 1.0,
      "n_parameters": 6120,
      "dim_x0": 17,
      "dim_b0": 18,
      "dim_x1": 17,
      "dim_b1": 18,
      "dim_x2": 17
    },
    {
      "step": 5,
      "train_loss": 112031.59176378776,
      "train_quality": 0.7338787925875827,
      "val_loss": 109736.6468898161,
      "val_quality": 0.7200319254844024,
      "test_quality": 0.7082679991113809,
      "patience_counter": 3,
      "elbo_raw": -72064.58628998135,
      "elbo_relative": 3314770369.9950113,
      "e_log_p_nodes": -11002.639962342655,
      "e_log_p_bonds": -1652.718856384988,
      "e_log_p_tau": -0.0001,
      "h_nodes": 6846.862140514313,
      "h_bonds": 87.0,
      "h_tau": -11.791269113840826,
      "tau_mean": 0.0001,
      "bond_mean_avg": 1.0,
      "n_parameters": 6120,
      "dim_x0": 17,
      "dim_b0": 18,
      "dim_x1": 17,
      "dim_b1": 18,
      "dim_x2": 17
    },
    {
      "step": 6,
      "train_loss": 112097.74414325305,
      "train_quality": 0.7337216534197878,
      "val_loss": 109788.50608847669,
      "val_quality": 0.7198996185440463,
      "test_quality": 0.7073870072317987,
      "patience_counter": 4,
      "elbo_raw": -67373.6155581905,
      "elbo_relative": 3314775060.965743,
      "e_log_p_nodes": -6293.5789786397945,
      "e_log_p_bonds": -1548.6174905464648,
      "e_log_p_tau": -0.0001,
      "h_nodes": 6872.97877347348,
      "h_bonds": -40.53580190122587,
      "h_tau": -11.791269113840826,
      "tau_mean": 0.0001,
      "bond_mean_avg": 1.8935986290326816,
      "n_parameters": 6120,
      "dim_x0": 17,
      "dim_b0": 18,
      "dim_x1": 17,
      "dim_b1": 18,
      "dim_x2": 17
    },
    {
      "step": 7,
      "train_loss": 115479.7560790134,
      "train_quality": 0.7256879810809586,
      "val_loss": 122543.97074967943,
      "val_quality": 0.6873569540653846,
      "test_quality": 0.7010314068065638,
      "patience_counter": 5,
      "elbo_raw": -63344.407813991,
      "elbo_relative": 3314779090.173487,
      "e_log_p_nodes": -6260.081900913694,
      "e_log_p_bonds": -1645.0493466939138,
      "e_log_p_tau": -0.0001,
      "h_nodes": 11987.682666762394,
      "h_bonds": -42.60425239807592,
      "h_tau": -11.791269113840826,
      "tau_mean": 0.0001,
      "bond_mean_avg": 2.807046382462807,
      "n_parameters": 6120,
      "dim_x0": 17,
      "dim_b0": 18,
      "dim_x1": 17,
      "dim_b1": 18,
      "dim_x2": 17
    },
    {
      "step": 8,
      "train_loss": 126099.18251504809,
      "train_quality": 0.7004624661999108,
      "val_loss": 116528.07248390811,
      "val_quality": 0.7027051490548017,
      "test_quality": 0.6864858104948817,
      "patience_counter": 6,
      "elbo_raw": -61895.31997557062,
      "elbo_relative": 3314780539.261326,
      "e_log_p_nodes": -6242.870508647051,
      "e_log_p_bonds": -1822.5698012763962,
      "e_log_p_tau": -0.0001,
      "h_nodes": 16777.70764646985,
      "h_bonds": -50.73456804109705,
      "h_tau": -11.791269113840826,
      "tau_mean": 0.0001,
      "bond_mean_avg": 4.030177684766832,
      "n_parameters": 6120,
      "dim_x0": 17,
      "dim_b0": 18,
      "dim_x1": 17,
      "dim_b1": 18,
      "dim_x2": 17
    },
    {
      "step": 9,
      "train_loss": 137549.69598817304,
      "train_quality": 0.6732627770498623,
      "val_loss": 134268.65020430417,
      "val_quality": 0.6574441033973684,
      "test_quality": 0.6243928378320567,
      "patience_counter": 7,