{
  "experiment_name": "kfold_seoulBike",
  "run_name": "seoulBike-MPO2-L3-d18-seed19540-fold3",
  "config": {
    "params": {
      "model": "MPO2",
      "L": 3,
      "bond_dim": 18,
      "init_strength": 0.01,
      "bond_prior_alpha": 1.0,
      "added_bias": false,
      "n_epochs": 100,
      "batch_size": 256,
      "patience": 100,
      "min_delta": 0.0001,
      "warmup_epochs": 5,
      "trim_every": 3,
      "trimming_threshold": 0.3,
      "trim_method": "relevance",
      "soft_trim_relaxation": 2
    },
    "fold": 3,
    "seed": 19540
  },
  "hparams": {
    "seed": 19540,
    "fold": 3,
    "dataset": "seoulBike",
    "n_features": 17,
    "n_train": 5957,
    "n_val": 1051,
    "n_test": 1752,
    "L": 3,
    "bond_dim": 18,
    "model": "MPO2",
    "init_strength": 0.01,
    "bond_prior_alpha": 1.0,
    "added_bias": false,
    "n_epochs": 100,
    "batch_size": 256,
    "patience": 100,
    "min_delta": 0.0001,
    "warmup_epochs": 5,
    "trim_every": 3,
    "trimming_threshold": 0.3,
    "trim_method": "relevance",
    "soft_trim_relaxation": 2
  },
  "metrics_log": [
    {
      "step": 0,
      "train_loss": 989110.9897725254,
      "train_quality": -1.3395920687611427,
      "val_loss": 900972.9377172617,
      "val_quality": -1.3252316229676824,
      "patience_counter": 0,
      "elbo_raw": -2952152487.7638493,
      "elbo_relative": 0.0,
      "e_log_p_nodes": -6185.520126735959,
      "e_log_p_bonds": -1652.718856384988,
      "e_log_p_tau": -1.0,
      "h_nodes": -3169.2678578519253,
      "h_bonds": 87.0,
      "h_tau": 1.0,
      "tau_mean": 1.0,
      "bond_mean_avg": 1.0,
      "n_parameters": 6120,
      "dim_x0": 17,
      "dim_b0": 18,
      "dim_x1": 17,
      "dim_b1": 18,
      "dim_x2": 17
    },
    {
      "step": 1,
      "train_loss": 104856.77217678112,
      "train_quality": 0.7519772047046914,
      "val_loss": 374741.940045887,
      "val_quality": 0.032865724408248975,
      "test_quality": 0.6468905125134279,
      "patience_counter": 0,
      "elbo_raw": -181891.492009417,
      "elbo_relative": 2951970596.2718396,
      "e_log_p_nodes": -117190.1756018926,
      "e_log_p_bonds": -1652.718856384988,
      "e_log_p_tau": -0.0001,
      "h_nodes": 1015.399016975397,
      "h_bonds": 87.0,
      "h_tau": -11.791269113840826,
      "tau_mean": 0.0001,
      "bond_mean_avg": 1.0,
      "n_parameters": 6120,
      "dim_x0": 17,
      "dim_b0": 18,
      "dim_x1": 17,
      "dim_b1": 18,
      "dim_x2": 17
    },
    {
      "step": 2,
      "train_loss": 110779.25071765296,
      "train_quality": 0.7379684797335752,
      "val_loss": 256524.92397435807,
      "val_quality": 0.33796028678084244,
      "test_quality": 0.7061130328888985,
      "patience_counter": 0,
      "elbo_raw": -74039.27708891328,
      "elbo_relative": 2952078448.48676,
      "e_log_p_nodes": -13012.083616407821,
      "e_log_p_bonds": -1652.718856384988,
      "e_log_p_tau": -0.0001,
      "h_nodes": 6505.209969096603,
      "h_bonds": 87.0,
      "h_tau": -11.791269113840826,
      "tau_mean": 0.0001,
      "bond_mean_avg": 1.0,
      "n_parameters": 6120,
      "dim_x0": 17,
      "dim_b0": 18,
      "dim_x1": 17,
      "dim_b1": 18,
      "dim_x2": 17
    },
    {
      "step": 3,
      "train_loss": 109105.09020791104,
      "train_quality": 0.7419284525687027,
      "val_loss": 206623.10959368394,
      "val_quality": 0.4667469261835675,
      "test_quality": 0.7141608978549605,
      "patience_counter": 0,
      "elbo_raw": -71406.76860969397,
      "elbo_relative": 2952081080.9952397,
      "e_log_p_nodes": -11190.977914874595,
      "e_log_p_bonds": -1652.718856384988,
      "e_log_p_tau": -0.0001,
      "h_nodes": 6820.5537222882895,
      "h_bonds": 87.0,
      "h_tau": -11.791269113840826,
      "tau_mean": 0.0001,
      "bond_mean_avg": 1.0,
      "n_parameters": 6120,
      "dim_x0": 17,
      "dim_b0": 18,
      "dim_x1": 17,
      "dim_b1": 18,
      "dim_x2": 17
    },
    {
      "step": 4,
      "train_loss": 109146.75473417703,
      "train_quality": 0.7418299014493557,
      "val_loss": 187698.67724622687,
      "val_quality": 0.5155871151602854,
      "test_quality": 0.7131661844396795,
      "patience_counter": 0,
      "elbo_raw": -70766.25464666884,
      "elbo_relative": 2952081721.5092025,
      "e_log_p_nodes": -10602.409787201283,
      "e_log_p_bonds": -1652.718856384988,
      "e_log_p_tau": -0.0001,
      "h_nodes": 6888.583849499894,
      "h_bonds": 87.0,
      "h_tau": -11.791269113840826,
      "tau_mean": 0.0001,
      "bond_mean_avg": 1.0,
      "n_parameters": 6120,
      "dim_x0": 17,
      "dim_b0": 18,
      "dim_x1": 17,
      "dim_b1": 18,
      "dim_x2": 17
    },
    {
      "step": 5,
      "train_loss": 109188.52302497794,
      "train_quality": 0.7417311048907349,
      "val_loss": 186584.9759859116,
      "val_quality": 0.5184613561952993,
      "test_quality": 0.7112250130344293,
      "patience_counter": 0,
      "elbo_raw": -70514.02956947479,
      "elbo_relative": 2952081973.7342796,
      "e_log_p_nodes": -10371.284492364059,
      "e_log_p_bonds": -1652.718856384988,
      "e_log_p_tau": -0.0001,
      "h_nodes": 6922.969256208073,
      "h_bonds": 87.0,
      "h_tau": -11.791269113840826,
      "tau_mean": 0.0001,
      "bond_mean_avg": 1.0,
      "n_parameters": 6120,
      "dim_x0": 17,
      "dim_b0": 18,
      "dim_x1": 17,
      "dim_b1": 18,
      "dim_x2": 17
    },
    {
      "step": 6,
      "train_loss": 109207.32821486056,
      "train_quality": 0.7416866240654727,
      "val_loss": 184767.30051531686,
      "val_quality": 0.5231524143920394,
      "test_quality": 0.709036657251332,
      "patience_counter": 0,
      "elbo_raw": -66407.8897622621,
      "elbo_relative": 2952086079.874087,
      "e_log_p_nodes": -6284.345607462548,
      "e_log_p_bonds": -1521.490899765281,
      "e_log_p_tau": -0.0001,
      "h_nodes": 6942.077120081381,
      "h_bonds": -38.184676730445474,
      "h_tau": -11.791269113840826,
      "tau_mean": 0.0001,
      "bond_mean_avg": 1.823968821300782,
      "n_parameters": 6120,
      "dim_x0": 17,
      "dim_b0": 18,
      "dim_x1": 17,
      "dim_b1": 18,
      "dim_x2": 17
    },
    {
      "step": 7,
      "train_loss": 112475.17909807626,
      "train_quality": 0.7339570183009834,
      "val_loss": 184868.4787485916,
      "val_quality": 0.5228912935328909,
      "test_quality": 0.705429718728183,
      "patience_counter": 1,
      "elbo_raw": -62324.581046191815,
      "elbo_relative": 2952090163.182803,
      "e_log_p_nodes": -6265.07351282811,
      "e_log_p_bonds": -1621.251756742682,
      "e_log_p_tau": -0.0001,
      "h_nodes": 12092.447951486778,
      "h_bonds": -40.689783060867796,
      "h_tau": -11.791269113840826,
      "tau_mean": 0.0001,
      "bond_mean_avg": 2.730643546963336,
      "n_parameters": 6120,
      "dim_x0": 17,
      "dim_b0": 18,
      "dim_x1": 17,
      "dim_b1": 18,
      "dim_x2": 17
    },
    {
      "step": 8,
      "train_loss": 122511.32242939009,
      "train_quality": 0.7102180430174392,
      "val_loss": 266435.4648842192,
      "val_quality": 0.31238315548241513,
      "test_quality": 0.6947056016795532,
      "patience_counter": 2,
      "elbo_raw": -60703.7273488786,
      "elbo_relative": 2952091784.0365005,
      "e_log_p_nodes": -6244.275790004287,
      "e_log_p_bonds": -1810.6238606430027,
      "e_log_p_tau": -0.0001,
      "h_nodes": 16886.214923019637,
      "h_bonds": -49.65062173729774,
      "h_tau": -11.791269113840826,
      "tau_mean": 0.0001,
      "bond_mean_avg": 4.005904153013223,
      "n_parameters": 6120,
      "dim_x0": 17,
      "dim_b0": 18,
      "dim_x1": 17,
      "dim_b1": 18,
      "dim_x2": 17
    },
    {
      "step": 9,
      "train_loss": 128678.4453932948,
      "train_quality": 0.6956306487587378,
      "val_loss": 174165.924587047,
      "val_quality": 0.5505124532161103,
      "test_quality": 0.6748308235765424,
      "patience_counter": 0,