{
  "experiment_name": "kfold_seoulBike",
  "run_name": "seoulBike-MPO2-L3-d18-seed9536-fold0",
  "config": {
    "params": {
      "model": "MPO2",
      "L": 3,
      "bond_dim": 18,
      "init_strength": 0.01,
      "bond_prior_alpha": 1.0,
      "added_bias": false,
      "n_epochs": 100,
      "batch_size": 256,
      "patience": 100,
      "min_delta": 0.0001,
      "warmup_epochs": 5,
      "trim_every": 3,
      "trimming_threshold": 0.3,
      "trim_method": "relevance",
      "soft_trim_relaxation": 2
    },
    "fold": 0,
    "seed": 9536
  },
  "hparams": {
    "seed": 9536,
    "fold": 0,
    "dataset": "seoulBike",
    "n_features": 17,
    "n_train": 5957,
    "n_val": 1051,
    "n_test": 1752,
    "L": 3,
    "bond_dim": 18,
    "model": "MPO2",
    "init_strength": 0.01,
    "bond_prior_alpha": 1.0,
    "added_bias": false,
    "n_epochs": 100,
    "batch_size": 256,
    "patience": 100,
    "min_delta": 0.0001,
    "warmup_epochs": 5,
    "trim_every": 3,
    "trimming_threshold": 0.3,
    "trim_method": "relevance",
    "soft_trim_relaxation": 2
  },
  "metrics_log": [
    {
      "step": 0,
      "train_loss": 1048111.8050080602,
      "train_quality": -1.4955368978864003,
      "val_loss": 1264487.7248050007,
      "val_quality": -2.16880827055758,
      "patience_counter": 0,
      "elbo_raw": -3134854754.591216,
      "elbo_relative": 0.0,
      "e_log_p_nodes": -6185.52012673596,
      "e_log_p_bonds": -1652.718856384988,
      "e_log_p_tau": -1.0,
      "h_nodes": -3169.2678578519253,
      "h_bonds": 87.0,
      "h_tau": 1.0,
      "tau_mean": 1.0,
      "bond_mean_avg": 1.0,
      "n_parameters": 6120,
      "dim_x0": 17,
      "dim_b0": 18,
      "dim_x1": 17,
      "dim_b1": 18,
      "dim_x2": 17
    },
    {
      "step": 1,
      "train_loss": 104973.63752602252,
      "train_quality": 0.7500595027173393,
      "val_loss": 249554.38087506496,
      "val_quality": 0.3746163204607371,
      "test_quality": 0.6049998834858734,
      "patience_counter": 0,
      "elbo_raw": -181495.23175159516,
      "elbo_relative": 3134673259.3594646,
      "e_log_p_nodes": -116742.21238645836,
      "e_log_p_bonds": -1652.718856384988,
      "e_log_p_tau": -0.0001,
      "h_nodes": 998.5044006507842,
      "h_bonds": 87.0,
      "h_tau": -11.791269113840826,
      "tau_mean": 0.0001,
      "bond_mean_avg": 1.0,
      "n_parameters": 6120,
      "dim_x0": 17,
      "dim_b0": 18,
      "dim_x1": 17,
      "dim_b1": 18,
      "dim_x2": 17
    },
    {
      "step": 2,
      "train_loss": 110605.15350877137,
      "train_quality": 0.7366509561683585,
      "val_loss": 126091.91340378781,
      "val_quality": 0.684013462364002,
      "test_quality": 0.710740389836847,
      "patience_counter": 0,
      "elbo_raw": -75582.7516932554,
      "elbo_relative": 3134779171.839523,
      "e_log_p_nodes": -14531.022174606613,
      "e_log_p_bonds": -1652.718856384988,
      "e_log_p_tau": -0.0001,
      "h_nodes": 6425.333897288736,
      "h_bonds": 87.0,
      "h_tau": -11.791269113840826,
      "tau_mean": 0.0001,
      "bond_mean_avg": 1.0,
      "n_parameters": 6120,
      "dim_x0": 17,
      "dim_b0": 18,
      "dim_x1": 17,
      "dim_b1": 18,
      "dim_x2": 17
    },
    {
      "step": 3,
      "train_loss": 108886.61581709466,
      "train_quality": 0.740742766030146,
      "val_loss": 127994.77209834986,
      "val_quality": 0.6792448954172879,
      "test_quality": 0.7060001063355146,
      "patience_counter": 1,
      "elbo_raw": -72139.91213787356,
      "elbo_relative": 3134782614.679078,
      "e_log_p_nodes": -11932.742499599095,
      "e_log_p_bonds": -1652.718856384988,
      "e_log_p_tau": -0.0001,
      "h_nodes": 6761.160126183644,
      "h_bonds": 87.0,
      "h_tau": -11.791269113840826,
      "tau_mean": 0.0001,
      "bond_mean_avg": 1.0,
      "n_parameters": 6120,
      "dim_x0": 17,
      "dim_b0": 18,
      "dim_x1": 17,
      "dim_b1": 18,
      "dim_x2": 17
    },
    {
      "step": 4,
      "train_loss": 108915.44886977141,
      "train_quality": 0.7406741150079079,
      "val_loss": 127690.32661454073,
      "val_quality": 0.6800078362889972,
      "test_quality": 0.7056448706060319,
      "patience_counter": 2,
      "elbo_raw": -71470.58602621853,
      "elbo_relative": 3134783284.00519,
      "e_log_p_nodes": -11305.37864083415,
      "e_log_p_bonds": -1652.718856384988,
      "e_log_p_tau": -0.0001,
      "h_nodes": 6815.187677622753,
      "h_bonds": 87.0,
      "h_tau": -11.791269113840826,
      "tau_mean": 0.0001,
      "bond_mean_avg": 1.0,
      "n_parameters": 6120,
      "dim_x0": 17,
      "dim_b0": 18,
      "dim_x1": 17,
      "dim_b1": 18,
      "dim_x2": 17
    },
    {
      "step": 5,
      "train_loss": 109022.22689663741,
      "train_quality": 0.7404198782894067,
      "val_loss": 126907.56994449026,
      "val_quality": 0.6819694257621354,
      "test_quality": 0.7061354574732305,
      "patience_counter": 3,
      "elbo_raw": -71142.18941932816,
      "elbo_relative": 3134783612.401797,
      "e_log_p_nodes": -10978.209611995204,
      "e_log_p_bonds": -1652.718856384988,
      "e_log_p_tau": -0.0001,
      "h_nodes": 6850.005944146403,
      "h_bonds": 87.0,
      "h_tau": -11.791269113840826,
      "tau_mean": 0.0001,
      "bond_mean_avg": 1.0,
      "n_parameters": 6120,
      "dim_x0": 17,
      "dim_b0": 18,
      "dim_x1": 17,
      "dim_b1": 18,
      "dim_x2": 17
    },
    {
      "step": 6,
      "train_loss": 109144.35618447662,
      "train_quality": 0.7401290904720583,
      "val_loss": 126327.1602602148,
      "val_quality": 0.6834239333637235,
      "test_quality": 0.7065425180411231,
      "patience_counter": 4,
      "elbo_raw": -66485.37746239835,
      "elbo_relative": 3134788269.2137537,
      "e_log_p_nodes": -6276.245530877001,
      "e_log_p_bonds": -1559.3907644014334,
      "e_log_p_tau": -0.0001,
      "h_nodes": 6878.046129113452,
      "h_bonds": -41.808346408650145,
      "h_tau": -11.791269113840826,
      "tau_mean": 0.0001,
      "bond_mean_avg": 1.8863571022999028,
      "n_parameters": 6120,
      "dim_x0": 17,
      "dim_b0": 18,
      "dim_x1": 17,
      "dim_b1": 18,
      "dim_x2": 17
    },
    {
      "step": 7,
      "train_loss": 113373.87046477816,
      "train_quality": 0.7300586868221837,
      "val_loss": 135994.01037415283,
      "val_quality": 0.6591987914423093,
      "test_quality": 0.7031529797853832,
      "patience_counter": 5,
      "elbo_raw": -62596.459715862504,
      "elbo_relative": 3134792158.1315002,
      "e_log_p_nodes": -6266.466375741546,
      "e_log_p_bonds": -1647.3252105915908,
      "e_log_p_tau": -0.0001,
      "h_nodes": 12119.975297331763,
      "h_bonds": -42.89574544792235,
      "h_tau": -11.791269113840826,
      "tau_mean": 0.0001,
      "bond_mean_avg": 2.8036556527413934,
      "n_parameters": 6120,
      "dim_x0": 17,
      "dim_b0": 18,
      "dim_x1": 17,
      "dim_b1": 18,
      "dim_x2": 17
    },
    {
      "step": 8,
      "train_loss": 123178.57249432434,
      "train_quality": 0.7067138532170265,
      "val_loss": 138248.39916612918,
      "val_quality": 0.6535492895065206,
      "test_quality": 0.6889210594269486,
      "patience_counter": 6,
      "elbo_raw": -60930.96931371429,
      "elbo_relative": 3134793823.6219025,
      "e_log_p_nodes": -6245.39836460943,
      "e_log_p_bonds": -1817.7793992454033,
      "e_log_p_tau": -0.0001,
      "h_nodes": 16868.915013476206,
      "h_bonds": -49.757158842501774,
      "h_tau": -11.791269113840826,
      "tau_mean": 0.0001,
      "bond_mean_avg": 4.077853963594399,
      "n_parameters": 6120,
      "dim_x0": 17,
      "dim_b0": 18,
      "dim_x1": 17,
      "dim_b1": 18,
      "dim_x2": 17
    },
    {
      "step": 9,
      "train_loss": 131415.7028564011,
      "train_quality": 0.6871013818632621,
      "val_loss": 146511.11281594916,
      "val_quality": 0.6328429158208162,
      "test_quality": 0.6601927003516825,
      "patience_counter": 7,