{
  "experiment_name": "kfold_seoulBike",
  "run_name": "seoulBike-MPO2-L3-d18-seed19540-fold2",
  "config": {
    "params": {
      "model": "MPO2",
      "L": 3,
      "bond_dim": 18,
      "init_strength": 0.01,
      "bond_prior_alpha": 1.0,
      "added_bias": false,
      "n_epochs": 100,
      "batch_size": 256,
      "patience": 100,
      "min_delta": 0.0001,
      "warmup_epochs": 5,
      "trim_every": 3,
      "trimming_threshold": 0.3,
      "trim_method": "relevance",
      "soft_trim_relaxation": 2
    },
    "fold": 2,
    "seed": 19540
  },
  "hparams": {
    "seed": 19540,
    "fold": 2,
    "dataset": "seoulBike",
    "n_features": 17,
    "n_train": 5957,
    "n_val": 1051,
    "n_test": 1752,
    "L": 3,
    "bond_dim": 18,
    "model": "MPO2",
    "init_strength": 0.01,
    "bond_prior_alpha": 1.0,
    "added_bias": false,
    "n_epochs": 100,
    "batch_size": 256,
    "patience": 100,
    "min_delta": 0.0001,
    "warmup_epochs": 5,
    "trim_every": 3,
    "trimming_threshold": 0.3,
    "trim_method": "relevance",
    "soft_trim_relaxation": 2
  },
  "metrics_log": [
    {
      "step": 0,
      "train_loss": 969764.9434043578,
      "train_quality": -1.3305484835236667,
      "val_loss": 1028857.9428414411,
      "val_quality": -1.6102015133244487,
      "patience_counter": 0,
      "elbo_raw": -2894421714.323484,
      "elbo_relative": 0.0,
      "e_log_p_nodes": -6185.520126735959,
      "e_log_p_bonds": -1652.718856384988,
      "e_log_p_tau": -1.0,
      "h_nodes": -3169.2678578519253,
      "h_bonds": 87.0,
      "h_tau": 1.0,
      "tau_mean": 1.0,
      "bond_mean_avg": 1.0,
      "n_parameters": 6120,
      "dim_x0": 17,
      "dim_b0": 18,
      "dim_x1": 17,
      "dim_b1": 18,
      "dim_x2": 17
    },
    {
      "step": 1,
      "train_loss": 106726.26013393856,
      "train_quality": 0.7435144202737065,
      "val_loss": 541519.8525321055,
      "val_quality": -0.37383003009227567,
      "test_quality": -27.3629063323097,
      "patience_counter": 0,
      "elbo_raw": -227620.93826342546,
      "elbo_relative": 2894194093.3852205,
      "e_log_p_nodes": -162332.60454870368,
      "e_log_p_bonds": -1652.718856384988,
      "e_log_p_tau": -0.0001,
      "h_nodes": 985.2086949335858,
      "h_bonds": 87.0,
      "h_tau": -11.791269113840826,
      "tau_mean": 0.0001,
      "bond_mean_avg": 1.0,
      "n_parameters": 6120,
      "dim_x0": 17,
      "dim_b0": 18,
      "dim_x1": 17,
      "dim_b1": 18,
      "dim_x2": 17
    },
    {
      "step": 2,
      "train_loss": 112474.08168100007,
      "train_quality": 0.7297011999864854,
      "val_loss": 137318.34422696577,
      "val_quality": 0.6516248405309035,
      "test_quality": 0.7025873019417246,
      "patience_counter": 0,
      "elbo_raw": -74138.22981750152,
      "elbo_relative": 2894347576.0936666,
      "e_log_p_nodes": -12629.567468114354,
      "e_log_p_bonds": -1652.718856384988,
      "e_log_p_tau": -0.0001,
      "h_nodes": 6529.851698107876,
      "h_bonds": 87.0,
      "h_tau": -11.791269113840826,
      "tau_mean": 0.0001,
      "bond_mean_avg": 1.0,
      "n_parameters": 6120,
      "dim_x0": 17,
      "dim_b0": 18,
      "dim_x1": 17,
      "dim_b1": 18,
      "dim_x2": 17
    },
    {
      "step": 3,
      "train_loss": 110797.02128130115,
      "train_quality": 0.7337315277456796,
      "val_loss": 147911.8377274392,
      "val_quality": 0.6247492616828041,
      "test_quality": 0.7042242443990278,
      "patience_counter": 1,
      "elbo_raw": -71622.11617454853,
      "elbo_relative": 2894350092.2073092,
      "e_log_p_nodes": -10921.625059462765,
      "e_log_p_bonds": -1652.718856384988,
      "e_log_p_tau": -0.0001,
      "h_nodes": 6838.529356501413,
      "h_bonds": 87.0,
      "h_tau": -11.791269113840826,
      "tau_mean": 0.0001,
      "bond_mean_avg": 1.0,
      "n_parameters": 6120,
      "dim_x0": 17,
      "dim_b0": 18,
      "dim_x1": 17,
      "dim_b1": 18,
      "dim_x2": 17
    },
    {
      "step": 4,
      "train_loss": 110687.89541803912,
      "train_quality": 0.7339937800748324,
      "val_loss": 132197.47477304758,
      "val_quality": 0.664616431149565,
      "test_quality": 0.7039331180302532,
      "patience_counter": 0,
      "elbo_raw": -71116.96659185759,
      "elbo_relative": 2894350597.356892,
      "e_log_p_nodes": -10500.995435290544,
      "e_log_p_bonds": -1652.718856384988,
      "e_log_p_tau": -0.0001,
      "h_nodes": 6892.362987034932,
      "h_bonds": 87.0,
      "h_tau": -11.791269113840826,
      "tau_mean": 0.0001,
      "bond_mean_avg": 1.0,
      "n_parameters": 6120,
      "dim_x0": 17,
      "dim_b0": 18,
      "dim_x1": 17,
      "dim_b1": 18,
      "dim_x2": 17
    },
    {
      "step": 5,
      "train_loss": 110657.35260704237,
      "train_quality": 0.734067180853377,
      "val_loss": 125392.31962498609,
      "val_quality": 0.681881036423274,
      "test_quality": 0.7039855721929462,
      "patience_counter": 0,
      "elbo_raw": -70883.47315412883,
      "elbo_relative": 2894350830.85033,
      "e_log_p_nodes": -10307.01580117851,
      "e_log_p_bonds": -1652.718856384988,
      "e_log_p_tau": -0.0001,
      "h_nodes": 6924.801444589398,
      "h_bonds": 87.0,
      "h_tau": -11.791269113840826,
      "tau_mean": 0.0001,
      "bond_mean_avg": 1.0,
      "n_parameters": 6120,
      "dim_x0": 17,
      "dim_b0": 18,
      "dim_x1": 17,
      "dim_b1": 18,
      "dim_x2": 17
    },
    {
      "step": 6,
      "train_loss": 110682.9617910612,
      "train_quality": 0.7340056366148628,
      "val_loss": 122826.54151551555,
      "val_quality": 0.6883903878364523,
      "test_quality": 0.7045228051697652,
      "patience_counter": 0,
      "elbo_raw": -66822.84330574865,
      "elbo_relative": 2894354891.4801784,
      "e_log_p_nodes": -6273.785876988874,
      "e_log_p_bonds": -1514.935987258611,
      "e_log_p_tau": -0.0001,
      "h_nodes": 6948.186629862459,
      "h_bonds": -36.957633163535526,
      "h_tau": -11.791269113840826,
      "tau_mean": 0.0001,
      "bond_mean_avg": 1.8770382379645116,
      "n_parameters": 6120,
      "dim_x0": 17,
      "dim_b0": 18,
      "dim_x1": 17,
      "dim_b1": 18,
      "dim_x2": 17
    },
    {
      "step": 7,
      "train_loss": 114012.43905701533,
      "train_quality": 0.7260042046741947,
      "val_loss": 148545.27306736604,
      "val_quality": 0.6231422430517344,
      "test_quality": 0.690420683743826,
      "patience_counter": 1,
      "elbo_raw": -62740.40710069191,
      "elbo_relative": 2894358973.9163833,
      "e_log_p_nodes": -6264.970094468641,
      "e_log_p_bonds": -1617.797325980755,
      "e_log_p_tau": -0.0001,
      "h_nodes": 12131.640718682018,
      "h_bonds": -39.4675869308561,
      "h_tau": -11.791269113840826,
      "tau_mean": 0.0001,
      "bond_mean_avg": 2.819617985973566,
      "n_parameters": 6120,
      "dim_x0": 17,
      "dim_b0": 18,
      "dim_x1": 17,
      "dim_b1": 18,
      "dim_x2": 17
    },
    {
      "step": 8,
      "train_loss": 125180.93608718368,
      "train_quality": 0.6991639646820955,
      "val_loss": 203991.13528328648,
      "val_quality": 0.4824766881317992,
      "test_quality": 0.6527931565960653,
      "patience_counter": 2,
      "elbo_raw": -61495.87498959808,
      "elbo_relative": 2894360218.4484944,
      "e_log_p_nodes": -6246.284333938954,
      "e_log_p_bonds": -1807.4100883768356,
      "e_log_p_tau": -0.0001,
      "h_nodes": 16888.542677534446,
      "h_bonds": -47.9643621254306,
      "h_tau": -11.791269113840826,
      "tau_mean": 0.0001,
      "bond_mean_avg": 4.14627723209703,
      "n_parameters": 6120,
      "dim_x0": 17,
      "dim_b0": 18,
      "dim_x1": 17,
      "dim_b1": 18,
      "dim_x2": 17
    },
    {
      "step": 9,
      "train_loss": 134166.865133232,
      "train_quality": 0.6775688931611537,
      "val_loss": 134820.84273611614,
      "val_quality": 0.6579609748984354,
      "test_quality": 0.5822918035253652,
      "patience_counter": 3,