{
  "experiment_name": "kfold_seoulBike",
  "run_name": "seoulBike-MPO2-L3-d18-seed47659-fold2",
  "config": {
    "params": {
      "model": "MPO2",
      "L": 3,
      "bond_dim": 18,
      "init_strength": 0.01,
      "bond_prior_alpha": 1.0,
      "added_bias": false,
      "n_epochs": 100,
      "batch_size": 256,
      "patience": 100,
      "min_delta": 0.0001,
      "warmup_epochs": 5,
      "trim_every": 3,
      "trimming_threshold": 0.3,
      "trim_method": "relevance",
      "soft_trim_relaxation": 2
    },
    "fold": 2,
    "seed": 47659
  },
  "hparams": {
    "seed": 47659,
    "fold": 2,
    "dataset": "seoulBike",
    "n_features": 17,
    "n_train": 5957,
    "n_val": 1051,
    "n_test": 1752,
    "L": 3,
    "bond_dim": 18,
    "model": "MPO2",
    "init_strength": 0.01,
    "bond_prior_alpha": 1.0,
    "added_bias": false,
    "n_epochs": 100,
    "batch_size": 256,
    "patience": 100,
    "min_delta": 0.0001,
    "warmup_epochs": 5,
    "trim_every": 3,
    "trimming_threshold": 0.3,
    "trim_method": "relevance",
    "soft_trim_relaxation": 2
  },
  "metrics_log": [
    {
      "step": 0,
      "train_loss": 1062904.1550211054,
      "train_quality": -1.5406852362662282,
      "val_loss": 989671.3510101651,
      "val_quality": -1.283411633426811,
      "patience_counter": 0,
      "elbo_raw": -3174608143.6155586,
      "elbo_relative": 0.0,
      "e_log_p_nodes": -6185.520126735959,
      "e_log_p_bonds": -1652.718856384988,
      "e_log_p_tau": -1.0,
      "h_nodes": -3169.2678578519253,
      "h_bonds": 87.0,
      "h_tau": 1.0,
      "tau_mean": 1.0,
      "bond_mean_avg": 1.0,
      "n_parameters": 6120,
      "dim_x0": 17,
      "dim_b0": 18,
      "dim_x1": 17,
      "dim_b1": 18,
      "dim_x2": 17
    },
    {
      "step": 1,
      "train_loss": 106992.4653837286,
      "train_quality": 0.7442533497418051,
      "val_loss": 167464.3212822962,
      "val_quality": 0.6136192292425037,
      "test_quality": 0.46774256087272703,
      "patience_counter": 0,
      "elbo_raw": -210717.1414662939,
      "elbo_relative": 3174397426.4740925,
      "e_log_p_nodes": -145391.2522517308,
      "e_log_p_bonds": -1652.718856384988,
      "e_log_p_tau": -0.0001,
      "h_nodes": 1026.9424269941028,
      "h_bonds": 87.0,
      "h_tau": -11.791269113840826,
      "tau_mean": 0.0001,
      "bond_mean_avg": 1.0,
      "n_parameters": 6120,
      "dim_x0": 17,
      "dim_b0": 18,
      "dim_x1": 17,
      "dim_b1": 18,
      "dim_x2": 17
    },
    {
      "step": 2,
      "train_loss": 113377.35610113732,
      "train_quality": 0.7289913926742166,
      "val_loss": 120538.25594997902,
      "val_quality": 0.7218890335380299,
      "test_quality": 0.724403971016192,
      "patience_counter": 0,
      "elbo_raw": -75553.25658639986,
      "elbo_relative": 3174532590.358972,
      "e_log_p_nodes": -13722.967325045605,
      "e_log_p_bonds": -1652.718856384988,
      "e_log_p_tau": -0.0001,
      "h_nodes": 6474.166165061138,
      "h_bonds": 87.0,
      "h_tau": -11.791269113840826,
      "tau_mean": 0.0001,
      "bond_mean_avg": 1.0,
      "n_parameters": 6120,
      "dim_x0": 17,
      "dim_b0": 18,
      "dim_x1": 17,
      "dim_b1": 18,
      "dim_x2": 17
    },
    {
      "step": 3,
      "train_loss": 111856.98946192084,
      "train_quality": 0.7326255614331978,
      "val_loss": 119153.35206874632,
      "val_quality": 0.7250843423952147,
      "test_quality": 0.7242446154149028,
      "patience_counter": 0,
      "elbo_raw": -72430.73127880976,
      "elbo_relative": 3174535712.8842797,
      "e_log_p_nodes": -11368.871192259041,
      "e_log_p_bonds": -1652.718856384988,
      "e_log_p_tau": -0.0001,
      "h_nodes": 6795.229785670208,
      "h_bonds": 87.0,
      "h_tau": -11.791269113840826,
      "tau_mean": 0.0001,
      "bond_mean_avg": 1.0,
      "n_parameters": 6120,
      "dim_x0": 17,
      "dim_b0": 18,
      "dim_x1": 17,
      "dim_b1": 18,
      "dim_x2": 17
    },
    {
      "step": 4,
      "train_loss": 111713.49394540714,
      "train_quality": 0.7329685622000632,
      "val_loss": 118969.54469559928,
      "val_quality": 0.725508430547029,
      "test_quality": 0.7240206834122684,
      "patience_counter": 0,
      "elbo_raw": -71781.50735783567,
      "elbo_relative": 3174536362.108201,
      "e_log_p_nodes": -10813.922345102003,
      "e_log_p_bonds": -1652.718856384988,
      "e_log_p_tau": -0.0001,
      "h_nodes": 6847.825228100901,
      "h_bonds": 87.0,
      "h_tau": -11.791269113840826,
      "tau_mean": 0.0001,
      "bond_mean_avg": 1.0,
      "n_parameters": 6120,
      "dim_x0": 17,
      "dim_b0": 18,
      "dim_x1": 17,
      "dim_b1": 18,
      "dim_x2": 17
    },
    {
      "step": 5,
      "train_loss": 111602.51531217077,
      "train_quality": 0.7332338370827257,
      "val_loss": 119103.7025979496,
      "val_quality": 0.7251988957558781,
      "test_quality": 0.7238517518289618,
      "patience_counter": 1,
      "elbo_raw": -71476.37889338833,
      "elbo_relative": 3174536667.2366652,
      "e_log_p_nodes": -10573.64318719188,
      "e_log_p_bonds": -1652.718856384988,
      "e_log_p_tau": -0.0001,
      "h_nodes": 6881.083143552323,
      "h_bonds": 87.0,
      "h_tau": -11.791269113840826,
      "tau_mean": 0.0001,
      "bond_mean_avg": 1.0,
      "n_parameters": 6120,
      "dim_x0": 17,
      "dim_b0": 18,
      "dim_x1": 17,
      "dim_b1": 18,
      "dim_x2": 17
    },
    {
      "step": 6,
      "train_loss": 111522.23452389374,
      "train_quality": 0.7334257341720049,
      "val_loss": 119183.97676942876,
      "val_quality": 0.7250136837894692,
      "test_quality": 0.7236543195790912,
      "patience_counter": 2,
      "elbo_raw": -67150.57048607242,
      "elbo_relative": 3174540993.0450726,
      "e_log_p_nodes": -6282.543999782447,
      "e_log_p_bonds": -1533.2550377213456,
      "e_log_p_tau": -0.0001,
      "h_nodes": 6899.088648148065,
      "h_bonds": -38.90686359350221,
      "h_tau": -11.791269113840826,
      "tau_mean": 0.0001,
      "bond_mean_avg": 1.8859942692384344,
      "n_parameters": 6120,
      "dim_x0": 17,
      "dim_b0": 18,
      "dim_x1": 17,
      "dim_b1": 18,
      "dim_x2": 17
    },
    {
      "step": 7,
      "train_loss": 114933.94598879773,
      "train_quality": 0.7252706386176839,
      "val_loss": 121416.77800155366,
      "val_quality": 0.7198620702731644,
      "test_quality": 0.7231181709659471,
      "patience_counter": 3,
      "elbo_raw": -63078.365663848585,
      "elbo_relative": 3174545065.2498946,
      "e_log_p_nodes": -6265.234386762314,
      "e_log_p_bonds": -1627.8904753797603,
      "e_log_p_tau": -0.0001,
      "h_nodes": 12077.873261510691,
      "h_bonds": -40.81757301613158,
      "h_tau": -11.791269113840826,
      "tau_mean": 0.0001,
      "bond_mean_avg": 2.7951175281615677,
      "n_parameters": 6120,
      "dim_x0": 17,
      "dim_b0": 18,
      "dim_x1": 17,
      "dim_b1": 18,
      "dim_x2": 17
    },
    {
      "step": 8,
      "train_loss": 123440.10190468002,
      "train_quality": 0.7049381705858588,
      "val_loss": 129972.7980661888,
      "val_quality": 0.7001212586072718,
      "test_quality": 0.7021724857244183,
      "patience_counter": 4,
      "elbo_raw": -60992.96199275634,
      "elbo_relative": 3174547150.653566,
      "e_log_p_nodes": -6245.4356118590995,
      "e_log_p_bonds": -1810.8328588913616,
      "e_log_p_tau": -0.0001,
      "h_nodes": 16872.60904123422,
      "h_bonds": -48.371298985558894,
      "h_tau": -11.791269113840826,
      "tau_mean": 0.0001,
      "bond_mean_avg": 4.14307814487838,
      "n_parameters": 6120,
      "dim_x0": 17,
      "dim_b0": 18,
      "dim_x1": 17,
      "dim_b1": 18,
      "dim_x2": 17
    },
    {
      "step": 9,
      "train_loss": 133252.43710366014,
      "train_quality": 0.6814835109577297,
      "val_loss": 142533.20552242053,
      "val_quality": 0.6711413548474369,
      "test_quality": 0.6784979532834772,
      "patience_counter": 5,