{
  "experiment_name": "kfold_seoulBike",
  "run_name": "seoulBike-MPO2-L3-d18-seed42-fold1",
  "config": {
    "params": {
      "model": "MPO2",
      "L": 3,
      "bond_dim": 18,
      "init_strength": 0.01,
      "bond_prior_alpha": 1.0,
      "added_bias": false,
      "n_epochs": 100,
      "batch_size": 256,
      "patience": 100,
      "min_delta": 0.0001,
      "warmup_epochs": 5,
      "trim_every": 3,
      "trimming_threshold": 0.3,
      "trim_method": "relevance",
      "soft_trim_relaxation": 2
    },
    "fold": 1,
    "seed": 42
  },
  "hparams": {
    "seed": 42,
    "fold": 1,
    "dataset": "seoulBike",
    "n_features": 17,
    "n_train": 5957,
    "n_val": 1051,
    "n_test": 1752,
    "L": 3,
    "bond_dim": 18,
    "model": "MPO2",
    "init_strength": 0.01,
    "bond_prior_alpha": 1.0,
    "added_bias": false,
    "n_epochs": 100,
    "batch_size": 256,
    "patience": 100,
    "min_delta": 0.0001,
    "warmup_epochs": 5,
    "trim_every": 3,
    "trimming_threshold": 0.3,
    "trim_method": "relevance",
    "soft_trim_relaxation": 2
  },
  "metrics_log": [
    {
      "step": 0,
      "train_loss": 1150530.6631171615,
      "train_quality": -1.7891938317682197,
      "val_loss": 1022091.8402676161,
      "val_quality": -1.326318468581678,
      "patience_counter": 0,
      "elbo_raw": -3434712195.8304305,
      "elbo_relative": 0.0,
      "e_log_p_nodes": -6185.52012673596,
      "e_log_p_bonds": -1652.718856384988,
      "e_log_p_tau": -1.0,
      "h_nodes": -3169.2678578519253,
      "h_bonds": 87.0,
      "h_tau": 1.0,
      "tau_mean": 1.0,
      "bond_mean_avg": 1.0,
      "n_parameters": 6120,
      "dim_x0": 17,
      "dim_b0": 18,
      "dim_x1": 17,
      "dim_b1": 18,
      "dim_x2": 17
    },
    {
      "step": 1,
      "train_loss": 104243.47146111814,
      "train_quality": 0.7472859638406275,
      "val_loss": 1894221.3858377908,
      "val_quality": -3.3113172611798323,
      "test_quality": -0.5346744842082631,
      "patience_counter": 0,
      "elbo_raw": -193519.3343340281,
      "elbo_relative": 3434518676.4960966,
      "e_log_p_nodes": -129032.50338060585,
      "e_log_p_bonds": -1652.718856384988,
      "e_log_p_tau": -0.0001,
      "h_nodes": 1047.212853764402,
      "h_bonds": 87.0,
      "h_tau": -11.791269113840826,
      "tau_mean": 0.0001,
      "bond_mean_avg": 1.0,
      "n_parameters": 6120,
      "dim_x0": 17,
      "dim_b0": 18,
      "dim_x1": 17,
      "dim_b1": 18,
      "dim_x2": 17
    },
    {
      "step": 2,
      "train_loss": 108730.07618924235,
      "train_quality": 0.7364092348368462,
      "val_loss": 127123.44274204265,
      "val_quality": 0.710662387674411,
      "test_quality": 0.5345938260719456,
      "patience_counter": 0,
      "elbo_raw": -74040.84302006253,
      "elbo_relative": 3434638154.9874105,
      "e_log_p_nodes": -13595.636848947237,
      "e_log_p_bonds": -1652.718856384988,
      "e_log_p_tau": -0.0001,
      "h_nodes": 6475.668406608397,
      "h_bonds": 87.0,
      "h_tau": -11.791269113840826,
      "tau_mean": 0.0001,
      "bond_mean_avg": 1.0,
      "n_parameters": 6120,
      "dim_x0": 17,
      "dim_b0": 18,
      "dim_x1": 17,
      "dim_b1": 18,
      "dim_x2": 17
    },
    {
      "step": 3,
      "train_loss": 107680.25593402382,
      "train_quality": 0.7389542797228186,
      "val_loss": 127421.80102240085,
      "val_quality": 0.7099833132991868,
      "test_quality": 0.29362225947361276,
      "patience_counter": 1,
      "elbo_raw": -71152.4589011518,
      "elbo_relative": 3434641043.3715296,
      "e_log_p_nodes": -11331.133151386077,
      "e_log_p_bonds": -1652.718856384988,
      "e_log_p_tau": -0.0001,
      "h_nodes": 6789.746881898341,
      "h_bonds": 87.0,
      "h_tau": -11.791269113840826,
      "tau_mean": 0.0001,
      "bond_mean_avg": 1.0,
      "n_parameters": 6120,
      "dim_x0": 17,
      "dim_b0": 18,
      "dim_x1": 17,
      "dim_b1": 18,
      "dim_x2": 17
    },
    {
      "step": 4,
      "train_loss": 107619.64142580086,
      "train_quality": 0.7391012254912983,
      "val_loss": 126312.49128723738,
      "val_quality": 0.7125081428914204,
      "test_quality": 0.43460291138571583,
      "patience_counter": 0,
      "elbo_raw": -70541.6658001358,
      "elbo_relative": 3434641654.1646304,
      "e_log_p_nodes": -10781.707802512568,
      "e_log_p_bonds": -1652.718856384988,
      "e_log_p_tau": -0.0001,
      "h_nodes": 6833.750828843176,
      "h_bonds": 87.0,
      "h_tau": -11.791269113840826,
      "tau_mean": 0.0001,
      "bond_mean_avg": 1.0,
      "n_parameters": 6120,
      "dim_x0": 17,
      "dim_b0": 18,
      "dim_x1": 17,
      "dim_b1": 18,
      "dim_x2": 17
    },
    {
      "step": 5,
      "train_loss": 107597.60080229843,
      "train_quality": 0.7391546578535048,
      "val_loss": 125601.24812976779,
      "val_quality": 0.7141269583712904,
      "test_quality": 0.5171352622515468,
      "patience_counter": 0,
      "elbo_raw": -70273.0981241226,
      "elbo_relative": 3434641922.7323065,
      "e_log_p_nodes": -10546.636196716618,
      "e_log_p_bonds": -1652.718856384988,
      "e_log_p_tau": -0.0001,
      "h_nodes": 6861.851767603727,
      "h_bonds": 87.0,
      "h_tau": -11.791269113840826,
      "tau_mean": 0.0001,
      "bond_mean_avg": 1.0,
      "n_parameters": 6120,
      "dim_x0": 17,
      "dim_b0": 18,
      "dim_x1": 17,
      "dim_b1": 18,
      "dim_x2": 17
    },
    {
      "step": 6,
      "train_loss": 107611.90477819389,
      "train_quality": 0.7391199811928852,
      "val_loss": 125111.15828578753,
      "val_quality": 0.7152424208086159,
      "test_quality": 0.5443888195433515,
      "patience_counter": 0,
      "elbo_raw": -66012.89779895412,
      "elbo_relative": 3434646182.9326315,
      "e_log_p_nodes": -6283.391847325193,
      "e_log_p_bonds": -1544.199505193186,
      "e_log_p_tau": -0.0001,
      "h_nodes": 6883.8038611018565,
      "h_bonds": -40.88984248065749,
      "h_tau": -11.791269113840826,
      "tau_mean": 0.0001,
      "bond_mean_avg": 1.8049297205090187,
      "n_parameters": 6120,
      "dim_x0": 17,
      "dim_b0": 18,
      "dim_x1": 17,
      "dim_b1": 18,
      "dim_x2": 17
    },
    {
      "step": 7,
      "train_loss": 111857.47144422165,
      "train_quality": 0.7288275928742962,
      "val_loss": 134013.11887163945,
      "val_quality": 0.6949812324284883,
      "test_quality": 0.3751538794445066,
      "patience_counter": 1,
      "elbo_raw": -62207.41361654213,
      "elbo_relative": 3434649988.416814,
      "e_log_p_nodes": -6267.710429038589,
      "e_log_p_bonds": -1645.9327768248713,
      "e_log_p_tau": -0.0001,
      "h_nodes": 12057.220411642333,
      "h_bonds": -44.13198691662493,
      "h_tau": -11.791269113840826,
      "tau_mean": 0.0001,
      "bond_mean_avg": 2.657109279325332,
      "n_parameters": 6120,
      "dim_x0": 17,
      "dim_b0": 18,
      "dim_x1": 17,
      "dim_b1": 18,
      "dim_x2": 17
    },
    {
      "step": 8,
      "train_loss": 127076.82263096677,
      "train_quality": 0.6919318178946241,
      "val_loss": 149395.83752175508,
      "val_quality": 0.6599696012981682,
      "test_quality": 0.23822451150595403,
      "patience_counter": 2,
      "elbo_raw": -62135.90089083177,
      "elbo_relative": 3434650059.9295397,
      "e_log_p_nodes": -6257.168703693564,
      "e_log_p_bonds": -1818.143594114761,
      "e_log_p_tau": -0.0001,
      "h_nodes": 16840.61200594219,
      "h_bonds": -51.70277014522496,
      "h_tau": -11.791269113840826,
      "tau_mean": 0.0001,
      "bond_mean_avg": 3.877420421470383,
      "n_parameters": 6120,
      "dim_x0": 17,
      "dim_b0": 18,
      "dim_x1": 17,
      "dim_b1": 18,
      "dim_x2": 17
    },
    {
      "step": 9,
      "train_loss": 143575.58085302723,
      "train_quality": 0.6519344183119586,
      "val_loss": 168323.80656311734,
      "val_quality": 0.6168888504116978,
      "test_quality": 0.0022916610532700554,
      "patience_counter": 3,