{
  "experiment_name": "kfold_seoulBike",
  "run_name": "seoulBike-MPO2-L3-d18-seed9536-fold3",
  "config": {
    "params": {
      "model": "MPO2",
      "L": 3,
      "bond_dim": 18,
      "init_strength": 0.01,
      "bond_prior_alpha": 1.0,
      "added_bias": false,
      "n_epochs": 100,
      "batch_size": 256,
      "patience": 100,
      "min_delta": 0.0001,
      "warmup_epochs": 5,
      "trim_every": 3,
      "trimming_threshold": 0.3,
      "trim_method": "relevance",
      "soft_trim_relaxation": 2
    },
    "fold": 3,
    "seed": 9536
  },
  "hparams": {
    "seed": 9536,
    "fold": 3,
    "dataset": "seoulBike",
    "n_features": 17,
    "n_train": 5957,
    "n_val": 1051,
    "n_test": 1752,
    "L": 3,
    "bond_dim": 18,
    "model": "MPO2",
    "init_strength": 0.01,
    "bond_prior_alpha": 1.0,
    "added_bias": false,
    "n_epochs": 100,
    "batch_size": 256,
    "patience": 100,
    "min_delta": 0.0001,
    "warmup_epochs": 5,
    "trim_every": 3,
    "trimming_threshold": 0.3,
    "trim_method": "relevance",
    "soft_trim_relaxation": 2
  },
  "metrics_log": [
    {
      "step": 0,
      "train_loss": 1047502.7199567298,
      "train_quality": -1.5511839234136415,
      "val_loss": 974892.6215698948,
      "val_quality": -1.36177834802415,
      "patience_counter": 0,
      "elbo_raw": -3131308609.049466,
      "elbo_relative": 0.0,
      "e_log_p_nodes": -6185.52012673596,
      "e_log_p_bonds": -1652.718856384988,
      "e_log_p_tau": -1.0,
      "h_nodes": -3169.2678578519253,
      "h_bonds": 87.0,
      "h_tau": 1.0,
      "tau_mean": 1.0,
      "bond_mean_avg": 1.0,
      "n_parameters": 6120,
      "dim_x0": 17,
      "dim_b0": 18,
      "dim_x1": 17,
      "dim_b1": 18,
      "dim_x2": 17
    },
    {
      "step": 1,
      "train_loss": 105346.9338809265,
      "train_quality": 0.743428442735651,
      "val_loss": 148885.52367106776,
      "val_quality": 0.6393093984296254,
      "test_quality": -7.378234003221468,
      "patience_counter": 0,
      "elbo_raw": -200039.01629504614,
      "elbo_relative": 3131108570.033171,
      "e_log_p_nodes": -135237.1174717451,
      "e_log_p_bonds": -1652.718856384988,
      "e_log_p_tau": -0.0001,
      "h_nodes": 1060.8112519602973,
      "h_bonds": 87.0,
      "h_tau": -11.791269113840826,
      "tau_mean": 0.0001,
      "bond_mean_avg": 1.0,
      "n_parameters": 6120,
      "dim_x0": 17,
      "dim_b0": 18,
      "dim_x1": 17,
      "dim_b1": 18,
      "dim_x2": 17
    },
    {
      "step": 2,
      "train_loss": 111492.52124054768,
      "train_quality": 0.7284609172361016,
      "val_loss": 133366.58446704477,
      "val_quality": 0.6769056359899657,
      "test_quality": 0.7122532892196243,
      "patience_counter": 0,
      "elbo_raw": -75573.11011518544,
      "elbo_relative": 3131233035.939351,
      "e_log_p_nodes": -14263.145465489763,
      "e_log_p_bonds": -1652.718856384988,
      "e_log_p_tau": -0.0001,
      "h_nodes": 6432.141601009444,
      "h_bonds": 87.0,
      "h_tau": -11.791269113840826,
      "tau_mean": 0.0001,
      "bond_mean_avg": 1.0,
      "n_parameters": 6120,
      "dim_x0": 17,
      "dim_b0": 18,
      "dim_x1": 17,
      "dim_b1": 18,
      "dim_x2": 17
    },
    {
      "step": 3,
      "train_loss": 109002.19916818255,
      "train_quality": 0.7345260753632352,
      "val_loss": 130104.9839765349,
      "val_quality": 0.6848072009910287,
      "test_quality": 0.6951140183683364,
      "patience_counter": 0,
      "elbo_raw": -72178.74322913676,
      "elbo_relative": 3131236430.306237,
      "e_log_p_nodes": -11947.082520055254,
      "e_log_p_bonds": -1652.718856384988,
      "e_log_p_tau": -0.0001,
      "h_nodes": 6771.558715911513,
      "h_bonds": 87.0,
      "h_tau": -11.791269113840826,
      "tau_mean": 0.0001,
      "bond_mean_avg": 1.0,
      "n_parameters": 6120,
      "dim_x0": 17,
      "dim_b0": 18,
      "dim_x1": 17,
      "dim_b1": 18,
      "dim_x2": 17
    },
    {
      "step": 4,
      "train_loss": 108853.62210086641,
      "train_quality": 0.7348879335410741,
      "val_loss": 130041.05961562392,
      "val_quality": 0.6849620643761547,
      "test_quality": 0.6950918076075087,
      "patience_counter": 0,
      "elbo_raw": -71474.30435383807,
      "elbo_relative": 3131237134.7451124,
      "e_log_p_nodes": -11335.8124409418,
      "e_log_p_bonds": -1652.718856384988,
      "e_log_p_tau": -0.0001,
      "h_nodes": 6821.85808317933,
      "h_bonds": 87.0,
      "h_tau": -11.791269113840826,
      "tau_mean": 0.0001,
      "bond_mean_avg": 1.0,
      "n_parameters": 6120,
      "dim_x0": 17,
      "dim_b0": 18,
      "dim_x1": 17,
      "dim_b1": 18,
      "dim_x2": 17
    },
    {
      "step": 5,
      "train_loss": 108839.23622257587,
      "train_quality": 0.7349229702247215,
      "val_loss": 129316.70320376584,
      "val_quality": 0.6867168928074378,
      "test_quality": 0.6946289792609421,
      "patience_counter": 0,
      "elbo_raw": -71106.49306880482,
      "elbo_relative": 3131237502.5563974,
      "e_log_p_nodes": -11007.592903656978,
      "e_log_p_bonds": -1652.718856384988,
      "e_log_p_tau": -0.0001,
      "h_nodes": 6858.131314141831,
      "h_bonds": 87.0,
      "h_tau": -11.791269113840826,
      "tau_mean": 0.0001,
      "bond_mean_avg": 1.0,
      "n_parameters": 6120,
      "dim_x0": 17,
      "dim_b0": 18,
      "dim_x1": 17,
      "dim_b1": 18,
      "dim_x2": 17
    },
    {
      "step": 6,
      "train_loss": 108867.84990903446,
      "train_quality": 0.7348532818358592,
      "val_loss": 128988.92815507295,
      "val_quality": 0.6875109618114464,
      "test_quality": 0.6934140182683909,
      "patience_counter": 0,
      "elbo_raw": -66401.90271070479,
      "elbo_relative": 3131242207.146755,
      "e_log_p_nodes": -6285.290335213957,
      "e_log_p_bonds": -1556.6025552814149,
      "e_log_p_tau": -0.0001,
      "h_nodes": 6882.1240174953955,
      "h_bonds": -41.56884114975062,
      "h_tau": -11.791269113840826,
      "tau_mean": 0.0001,
      "bond_mean_avg": 1.8784809435052778,
      "n_parameters": 6120,
      "dim_x0": 17,
      "dim_b0": 18,
      "dim_x1": 17,
      "dim_b1": 18,
      "dim_x2": 17
    },
    {
      "step": 7,
      "train_loss": 113351.88112848786,
      "train_quality": 0.7239324621174847,
      "val_loss": 137621.49554155115,
      "val_quality": 0.6665976732193019,
      "test_quality": 0.7329872631244785,
      "patience_counter": 1,
      "elbo_raw": -62609.754057367376,
      "elbo_relative": 3131245999.2954087,
      "e_log_p_nodes": -6261.828129608843,
      "e_log_p_bonds": -1646.5705530691725,
      "e_log_p_tau": -0.0001,
      "h_nodes": 12090.965064570191,
      "h_bonds": -42.589793503817,
      "h_tau": -11.791269113840826,
      "tau_mean": 0.0001,
      "bond_mean_avg": 2.826570539477815,
      "n_parameters": 6120,
      "dim_x0": 17,
      "dim_b0": 18,
      "dim_x1": 17,
      "dim_b1": 18,
      "dim_x2": 17
    },
    {
      "step": 8,
      "train_loss": 123120.10890095394,
      "train_quality": 0.7001420268483642,
      "val_loss": 145748.42672500398,
      "val_quality": 0.6469093406990982,
      "test_quality": 0.7084872215161617,
      "patience_counter": 2,
      "elbo_raw": -60914.37581827373,
      "elbo_relative": 3131247694.673648,
      "e_log_p_nodes": -6245.179173159281,
      "e_log_p_bonds": -1819.4503905212316,
      "e_log_p_tau": -0.0001,
      "h_nodes": 16867.757580960624,
      "h_bonds": -50.60719908179217,
      "h_tau": -11.791269113840826,
      "tau_mean": 0.0001,
      "bond_mean_avg": 4.006980417624225,
      "n_parameters": 6120,
      "dim_x0": 17,
      "dim_b0": 18,
      "dim_x1": 17,
      "dim_b1": 18,
      "dim_x2": 17
    },
    {
      "step": 9,
      "train_loss": 134974.25294000484,
      "train_quality": 0.6712713603363905,
      "val_loss": 161316.47017420686,
      "val_quality": 0.6091941430189499,
      "test_quality": 0.6350096411948327,
      "patience_counter": 3,