{
  "experiment_name": "kfold_seoulBike",
  "run_name": "seoulBike-MPO2-L3-d18-seed47659-fold1",
  "config": {
    "params": {
      "model": "MPO2",
      "L": 3,
      "bond_dim": 18,
      "init_strength": 0.01,
      "bond_prior_alpha": 1.0,
      "added_bias": false,
      "n_epochs": 100,
      "batch_size": 256,
      "patience": 100,
      "min_delta": 0.0001,
      "warmup_epochs": 5,
      "trim_every": 3,
      "trimming_threshold": 0.3,
      "trim_method": "relevance",
      "soft_trim_relaxation": 2
    },
    "fold": 1,
    "seed": 47659
  },
  "hparams": {
    "seed": 47659,
    "fold": 1,
    "dataset": "seoulBike",
    "n_features": 17,
    "n_train": 5957,
    "n_val": 1051,
    "n_test": 1752,
    "L": 3,
    "bond_dim": 18,
    "model": "MPO2",
    "init_strength": 0.01,
    "bond_prior_alpha": 1.0,
    "added_bias": false,
    "n_epochs": 100,
    "batch_size": 256,
    "patience": 100,
    "min_delta": 0.0001,
    "warmup_epochs": 5,
    "trim_every": 3,
    "trimming_threshold": 0.3,
    "trim_method": "relevance",
    "soft_trim_relaxation": 2
  },
  "metrics_log": [
    {
      "step": 0,
      "train_loss": 1116846.2505352038,
      "train_quality": -1.6839298493021992,
      "val_loss": 948623.306736254,
      "val_quality": -1.3314952925875758,
      "patience_counter": 0,
      "elbo_raw": -3338292670.072179,
      "elbo_relative": 0.0,
      "e_log_p_nodes": -6185.520126735959,
      "e_log_p_bonds": -1652.718856384988,
      "e_log_p_tau": -1.0,
      "h_nodes": -3169.2678578519253,
      "h_bonds": 87.0,
      "h_tau": 1.0,
      "tau_mean": 1.0,
      "bond_mean_avg": 1.0,
      "n_parameters": 6120,
      "dim_x0": 17,
      "dim_b0": 18,
      "dim_x1": 17,
      "dim_b1": 18,
      "dim_x2": 17
    },
    {
      "step": 1,
      "train_loss": 104744.98158069985,
      "train_quality": 0.7482838998704343,
      "val_loss": 160121.84111161844,
      "val_quality": 0.6064577834624199,
      "test_quality": 0.6204211883358255,
      "patience_counter": 0,
      "elbo_raw": -153916.28112703818,
      "elbo_relative": 3338138753.791052,
      "e_log_p_nodes": -89367.05677459178,
      "e_log_p_bonds": -1652.718856384988,
      "e_log_p_tau": -0.0001,
      "h_nodes": 1134.1942359786694,
      "h_bonds": 87.0,
      "h_tau": -11.791269113840826,
      "tau_mean": 0.0001,
      "bond_mean_avg": 1.0,
      "n_parameters": 6120,
      "dim_x0": 17,
      "dim_b0": 18,
      "dim_x1": 17,
      "dim_b1": 18,
      "dim_x2": 17
    },
    {
      "step": 2,
      "train_loss": 110566.91201774644,
      "train_quality": 0.734293027919114,
      "val_loss": 119027.07710047747,
      "val_quality": 0.7074591484527186,
      "test_quality": 0.7004573585887025,
      "patience_counter": 0,
      "elbo_raw": -74333.52973059607,
      "elbo_relative": 3338218336.542448,
      "e_log_p_nodes": -13394.906899486326,
      "e_log_p_bonds": -1652.718856384988,
      "e_log_p_tau": -0.0001,
      "h_nodes": 6532.337621028046,
      "h_bonds": 87.0,
      "h_tau": -11.791269113840826,
      "tau_mean": 0.0001,
      "bond_mean_avg": 1.0,
      "n_parameters": 6120,
      "dim_x0": 17,
      "dim_b0": 18,
      "dim_x1": 17,
      "dim_b1": 18,
      "dim_x2": 17
    },
    {
      "step": 3,
      "train_loss": 108968.85754430252,
      "train_quality": 0.7381333650291071,
      "val_loss": 116654.46475998945,
      "val_quality": 0.7132904773518735,
      "test_quality": 0.7011976743963617,
      "patience_counter": 0,
      "elbo_raw": -71769.038264884,
      "elbo_relative": 3338220901.033914,
      "e_log_p_nodes": -11595.639118925585,
      "e_log_p_bonds": -1652.718856384988,
      "e_log_p_tau": -0.0001,
      "h_nodes": 6824.748020081443,
      "h_bonds": 87.0,
      "h_tau": -11.791269113840826,
      "tau_mean": 0.0001,
      "bond_mean_avg": 1.0,
      "n_parameters": 6120,
      "dim_x0": 17,
      "dim_b0": 18,
      "dim_x1": 17,
      "dim_b1": 18,
      "dim_x2": 17
    },
    {
      "step": 4,
      "train_loss": 108657.78408588315,
      "train_quality": 0.7388809158580393,
      "val_loss": 116335.25546270225,
      "val_quality": 0.7140750195075325,
      "test_quality": 0.7021192705892307,
      "patience_counter": 0,
      "elbo_raw": -71127.49970519019,
      "elbo_relative": 3338221542.5724735,
      "e_log_p_nodes": -11093.446586215596,
      "e_log_p_bonds": -1652.718856384988,
      "e_log_p_tau": -0.0001,
      "h_nodes": 6873.938445748891,
      "h_bonds": 87.0,
      "h_tau": -11.791269113840826,
      "tau_mean": 0.0001,
      "bond_mean_avg": 1.0,
      "n_parameters": 6120,
      "dim_x0": 17,
      "dim_b0": 18,
      "dim_x1": 17,
      "dim_b1": 18,
      "dim_x2": 17
    },
    {
      "step": 5,
      "train_loss": 108551.24040966807,
      "train_quality": 0.7391369544602291,
      "val_loss": 116382.17805886627,
      "val_quality": 0.7139596946875587,
      "test_quality": 0.7048710548560091,
      "patience_counter": 1,
      "elbo_raw": -70817.73529053241,
      "elbo_relative": 3338221852.3368883,
      "e_log_p_nodes": -10840.4986840119,
      "e_log_p_bonds": -1652.718856384988,
      "e_log_p_tau": -0.0001,
      "h_nodes": 6899.300863139759,
      "h_bonds": 87.0,
      "h_tau": -11.791269113840826,
      "tau_mean": 0.0001,
      "bond_mean_avg": 1.0,
      "n_parameters": 6120,
      "dim_x0": 17,
      "dim_b0": 18,
      "dim_x1": 17,
      "dim_b1": 18,
      "dim_x2": 17
    },
    {
      "step": 6,
      "train_loss": 108537.17842699517,
      "train_quality": 0.7391707472719238,
      "val_loss": 116342.05690497895,
      "val_quality": 0.7140583031454757,
      "test_quality": 0.7038421380956743,
      "patience_counter": 2,
      "elbo_raw": -66248.43683913932,
      "elbo_relative": 3338226421.6353397,
      "e_log_p_nodes": -6278.191052910872,
      "e_log_p_bonds": -1541.1264349292849,
      "e_log_p_tau": -0.0001,
      "h_nodes": 6917.057176603079,
      "h_bonds": -38.907401132195496,
      "h_tau": -11.791269113840826,
      "tau_mean": 0.0001,
      "bond_mean_avg": 1.9785555513173652,
      "n_parameters": 6120,
      "dim_x0": 17,
      "dim_b0": 18,
      "dim_x1": 17,
      "dim_b1": 18,
      "dim_x2": 17
    },
    {
      "step": 7,
      "train_loss": 111781.01508121194,
      "train_quality": 0.7313753770333248,
      "val_loss": 120573.80866446951,
      "val_quality": 0.7036576422755709,
      "test_quality": 0.696976572003162,
      "patience_counter": 3,
      "elbo_raw": -62170.46686668866,
      "elbo_relative": 3338230499.6053123,
      "e_log_p_nodes": -6264.670335084367,
      "e_log_p_bonds": -1638.682859548057,
      "e_log_p_tau": -0.0001,
      "h_nodes": 12056.734439877711,
      "h_bonds": -41.20687373565872,
      "h_tau": -11.791269113840826,
      "tau_mean": 0.0001,
      "bond_mean_avg": 2.88075522494995,
      "n_parameters": 6120,
      "dim_x0": 17,
      "dim_b0": 18,
      "dim_x1": 17,
      "dim_b1": 18,
      "dim_x2": 17
    },
    {
      "step": 8,
      "train_loss": 120807.96374021152,
      "train_quality": 0.709682420690948,
      "val_loss": 132832.02489377258,
      "val_quality": 0.6735297999263561,
      "test_quality": 0.675613277235581,
      "patience_counter": 4,
      "elbo_raw": -60269.028381360265,
      "elbo_relative": 3338232401.0437975,
      "e_log_p_nodes": -6242.036715337172,
      "e_log_p_bonds": -1819.5050193561087,
      "e_log_p_tau": -0.0001,
      "h_nodes": 16823.032370078305,
      "h_bonds": -50.41487885409295,
      "h_tau": -11.791269113840826,
      "tau_mean": 0.0001,
      "bond_mean_avg": 4.029162629949431,
      "n_parameters": 6120,
      "dim_x0": 17,
      "dim_b0": 18,
      "dim_x1": 17,
      "dim_b1": 18,
      "dim_x2": 17
    },
    {
      "step": 9,
      "train_loss": 132583.8082211119,
      "train_quality": 0.681383502654662,
      "val_loss": 145629.16132759783,
      "val_quality": 0.6420774171499757,
      "test_quality": 0.6415936586039928,
      "patience_counter": 5,