{
  "fold": 0,
  "seed": 42806,
  "model": "LMPO2",
  "dataset": "obesity",
  "params": {
    "model": "LMPO2",
    "L": 3,
    "bond_dim": 18,
    "init_strength": 0.1,
    "bond_prior_alpha": 5.0,
    "added_bias": false,
    "n_epochs": 100,
    "batch_size": 256,
    "patience": 100,
    "min_delta": 0.0001,
    "warmup_epochs": 5,
    "trim_every": 3,
    "trimming_threshold": 0.3,
    "trim_method": "relevance",
    "soft_trim_relaxation": 2
  },
  "n_features": 39,
  "n_train": 1435,
  "n_val": 253,
  "n_test": 423,
  "train_loss": 0.763408643473191,
  "train_quality": 0.8006212881829438,
  "val_loss": 1.1190042754889322,
  "val_quality": 0.6922394464505786,
  "test_loss": 1.2459976317903187,
  "test_quality": 0.6731230587693353,
  "best_epoch": 4,
  "n_parameters": 9063,
  "elbo_raw": -22806.177987160154,
  "elbo_relative": 771033322.9862341,
  "tau_mean": 1.2045890640892039,
  "success": true,
  "singular": false,
  "recovered_from_run": true,
  "run_id": "obesity-LMPO2-L3-d18-seed42806-fold0"
}