{
  "fold": 3,
  "seed": 9536,
  "model": "LMPO2",
  "dataset": "obesity",
  "params": {
    "model": "LMPO2",
    "L": 3,
    "bond_dim": 18,
    "init_strength": 0.1,
    "bond_prior_alpha": 5.0,
    "added_bias": false,
    "n_epochs": 100,
    "batch_size": 256,
    "patience": 100,
    "min_delta": 0.0001,
    "warmup_epochs": 5,
    "trim_every": 3,
    "trimming_threshold": 0.3,
    "trim_method": "relevance",
    "soft_trim_relaxation": 2
  },
  "n_features": 39,
  "n_train": 1436,
  "n_val": 253,
  "n_test": 422,
  "train_loss": 0.7790152252750275,
  "train_quality": 0.7990885743957248,
  "val_loss": 1.263712424513134,
  "val_quality": 0.652750604954619,
  "test_loss": 1.0076112984935057,
  "test_quality": 0.7242040710442321,
  "best_epoch": 5,
  "n_parameters": 9063,
  "elbo_raw": -22782.628808007044,
  "elbo_relative": 1101219819.8012397,
  "tau_mean": 1.18313831646819,
  "success": true,
  "singular": false,
  "recovered_from_run": true,
  "run_id": "obesity-LMPO2-L3-d18-seed9536-fold3"
}