{
  "fold": 3,
  "seed": 42,
  "model": "LMPO2",
  "dataset": "obesity",
  "params": {
    "model": "LMPO2",
    "L": 3,
    "bond_dim": 18,
    "init_strength": 0.1,
    "bond_prior_alpha": 5.0,
    "added_bias": false,
    "n_epochs": 100,
    "batch_size": 256,
    "patience": 100,
    "min_delta": 0.0001,
    "warmup_epochs": 5,
    "trim_every": 3,
    "trimming_threshold": 0.3,
    "trim_method": "relevance",
    "soft_trim_relaxation": 2
  },
  "n_features": 39,
  "n_train": 1436,
  "n_val": 253,
  "n_test": 422,
  "train_loss": 0.9613723258652791,
  "train_quality": 0.7439881259089025,
  "val_loss": 1.3499482268467387,
  "val_quality": 0.6265210533612571,
  "test_loss": 1.5792713335474702,
  "test_quality": 0.6085017370242495,
  "best_epoch": 3,
  "n_parameters": 9063,
  "elbo_raw": -22811.04659827696,
  "elbo_relative": 2161076537.7156024,
  "tau_mean": 0.9545835556530342,
  "success": true,
  "singular": false,
  "recovered_from_run": true,
  "run_id": "obesity-LMPO2-L3-d18-seed42-fold3"
}