{
  "fold": 1,
  "seed": 9536,
  "model": "LMPO2",
  "dataset": "obesity",
  "params": {
    "model": "LMPO2",
    "L": 3,
    "bond_dim": 18,
    "init_strength": 0.1,
    "bond_prior_alpha": 5.0,
    "added_bias": false,
    "n_epochs": 100,
    "batch_size": 256,
    "patience": 100,
    "min_delta": 0.0001,
    "warmup_epochs": 5,
    "trim_every": 3,
    "trimming_threshold": 0.3,
    "trim_method": "relevance",
    "soft_trim_relaxation": 2
  },
  "n_features": 39,
  "n_train": 1436,
  "n_val": 253,
  "n_test": 422,
  "train_loss": 0.7315085714994808,
  "train_quality": 0.8086879615490485,
  "val_loss": 1.2903881848228407,
  "val_quality": 0.6627174164421075,
  "test_loss": 1.6295804186435872,
  "test_quality": 0.5591648816062491,
  "best_epoch": 6,
  "n_parameters": 9063,
  "elbo_raw": -19909.878030020627,
  "elbo_relative": 979951561.2952037,
  "tau_mean": 1.2620834032844617,
  "success": true,
  "singular": false,
  "recovered_from_run": true,
  "run_id": "obesity-LMPO2-L3-d18-seed9536-fold1"
}