{
  "fold": 3,
  "seed": 47659,
  "model": "LMPO2",
  "dataset": "obesity",
  "params": {
    "model": "LMPO2",
    "L": 3,
    "bond_dim": 18,
    "init_strength": 0.1,
    "bond_prior_alpha": 5.0,
    "added_bias": false,
    "n_epochs": 100,
    "batch_size": 256,
    "patience": 100,
    "min_delta": 0.0001,
    "warmup_epochs": 5,
    "trim_every": 3,
    "trimming_threshold": 0.3,
    "trim_method": "relevance",
    "soft_trim_relaxation": 2
  },
  "n_features": 39,
  "n_train": 1436,
  "n_val": 253,
  "n_test": 422,
  "train_loss": 0.9293254667776428,
  "train_quality": 0.7553561898386981,
  "val_loss": 1.3865850824430568,
  "val_quality": 0.617723392389704,
  "test_loss": 1.5707655484349057,
  "test_quality": 0.6011563276326704,
  "best_epoch": 3,
  "n_parameters": 9063,
  "elbo_raw": -22815.845671045423,
  "elbo_relative": 965710174.4206291,
  "tau_mean": 0.9873374096518769,
  "success": true,
  "singular": false,
  "recovered_from_run": true,
  "run_id": "obesity-LMPO2-L3-d18-seed47659-fold3"
}