{
  "fold": 2,
  "seed": 42806,
  "model": "LMPO2",
  "dataset": "obesity",
  "params": {
    "model": "LMPO2",
    "L": 3,
    "bond_dim": 18,
    "init_strength": 0.1,
    "bond_prior_alpha": 5.0,
    "added_bias": false,
    "n_epochs": 100,
    "batch_size": 256,
    "patience": 100,
    "min_delta": 0.0001,
    "warmup_epochs": 5,
    "trim_every": 3,
    "trimming_threshold": 0.3,
    "trim_method": "relevance",
    "soft_trim_relaxation": 2
  },
  "n_features": 39,
  "n_train": 1436,
  "n_val": 253,
  "n_test": 422,
  "train_loss": 0.7217294317288617,
  "train_quality": 0.8082624403764835,
  "val_loss": 1.1621533894025693,
  "val_quality": 0.6950325255521478,
  "test_loss": 1.4091789458793145,
  "test_quality": 0.6383228483708142,
  "best_epoch": 6,
  "n_parameters": 9063,
  "elbo_raw": -19866.788624169854,
  "elbo_relative": 768688170.2622454,
  "tau_mean": 1.27752541017415,
  "success": true,
  "singular": false,
  "recovered_from_run": true,
  "run_id": "obesity-LMPO2-L3-d18-seed42806-fold2"
}