{
  "fold": 3,
  "seed": 42806,
  "model": "LMPO2",
  "dataset": "obesity",
  "params": {
    "model": "LMPO2",
    "L": 3,
    "bond_dim": 18,
    "init_strength": 0.1,
    "bond_prior_alpha": 5.0,
    "added_bias": false,
    "n_epochs": 100,
    "batch_size": 256,
    "patience": 100,
    "min_delta": 0.0001,
    "warmup_epochs": 5,
    "trim_every": 3,
    "trimming_threshold": 0.3,
    "trim_method": "relevance",
    "soft_trim_relaxation": 2
  },
  "n_features": 39,
  "n_train": 1436,
  "n_val": 253,
  "n_test": 422,
  "train_loss": 0.8589114939065272,
  "train_quality": 0.7730321449396034,
  "val_loss": 1.4105446821150556,
  "val_quality": 0.6091617048720723,
  "test_loss": 1.2794223298876026,
  "test_quality": 0.6749075120520276,
  "best_epoch": 3,
  "n_parameters": 9063,
  "elbo_raw": -22840.223286951797,
  "elbo_relative": 783865364.9239247,
  "tau_mean": 1.0692710935706724,
  "success": true,
  "singular": false,
  "recovered_from_run": true,
  "run_id": "obesity-LMPO2-L3-d18-seed42806-fold3"
}