{
  "fold": 4,
  "seed": 42,
  "model": "LMPO2",
  "dataset": "obesity",
  "params": {
    "model": "LMPO2",
    "L": 3,
    "bond_dim": 18,
    "init_strength": 0.1,
    "bond_prior_alpha": 5.0,
    "added_bias": false,
    "n_epochs": 100,
    "batch_size": 256,
    "patience": 100,
    "min_delta": 0.0001,
    "warmup_epochs": 5,
    "trim_every": 3,
    "trimming_threshold": 0.3,
    "trim_method": "relevance",
    "soft_trim_relaxation": 2
  },
  "n_features": 39,
  "n_train": 1436,
  "n_val": 253,
  "n_test": 422,
  "train_loss": 0.9285956433097574,
  "train_quality": 0.7591978849936001,
  "val_loss": 1.5360430264221596,
  "val_quality": 0.6019345330359358,
  "test_loss": 1.1381233496233731,
  "test_quality": 0.68292015557517,
  "best_epoch": 6,
  "n_parameters": 9063,
  "elbo_raw": -19895.954813274813,
  "elbo_relative": 2045835525.4522474,
  "tau_mean": 0.9922429048648073,
  "success": true,
  "singular": false,
  "recovered_from_run": true,
  "run_id": "obesity-LMPO2-L3-d18-seed42-fold4"
}