{
  "fold": 2,
  "seed": 42,
  "model": "LMPO2",
  "dataset": "obesity",
  "params": {
    "model": "LMPO2",
    "L": 3,
    "bond_dim": 18,
    "init_strength": 0.1,
    "bond_prior_alpha": 5.0,
    "added_bias": false,
    "n_epochs": 100,
    "batch_size": 256,
    "patience": 100,
    "min_delta": 0.0001,
    "warmup_epochs": 5,
    "trim_every": 3,
    "trimming_threshold": 0.3,
    "trim_method": "relevance",
    "soft_trim_relaxation": 2
  },
  "n_features": 39,
  "n_train": 1436,
  "n_val": 253,
  "n_test": 422,
  "train_loss": 0.7068911631630165,
  "train_quality": 0.8138111857571843,
  "val_loss": 1.3479026376040546,
  "val_quality": 0.6346912077738067,
  "test_loss": 1.3303260679213755,
  "test_quality": 0.6560882673027194,
  "best_epoch": 7,
  "n_parameters": 9063,
  "elbo_raw": -14209.821746855214,
  "elbo_relative": 2215739440.426901,
  "tau_mean": 1.1309222072046845,
  "success": true,
  "singular": false,
  "recovered_from_run": true,
  "run_id": "obesity-LMPO2-L3-d18-seed42-fold2"
}