{
  "fold": 1,
  "seed": 47659,
  "model": "LMPO2",
  "dataset": "obesity",
  "params": {
    "model": "LMPO2",
    "L": 3,
    "bond_dim": 18,
    "init_strength": 0.1,
    "bond_prior_alpha": 5.0,
    "added_bias": false,
    "n_epochs": 100,
    "batch_size": 256,
    "patience": 100,
    "min_delta": 0.0001,
    "warmup_epochs": 5,
    "trim_every": 3,
    "trimming_threshold": 0.3,
    "trim_method": "relevance",
    "soft_trim_relaxation": 2
  },
  "n_features": 39,
  "n_train": 1436,
  "n_val": 253,
  "n_test": 422,
  "train_loss": 0.8570806360925807,
  "train_quality": 0.7713280311511423,
  "val_loss": 1.4783590259880106,
  "val_quality": 0.6064108288088274,
  "test_loss": 1.3992537486686736,
  "test_quality": 0.6526848819754243,
  "best_epoch": 4,
  "n_parameters": 9063,
  "elbo_raw": -22740.494028849484,
  "elbo_relative": 967771766.0954609,
  "tau_mean": 1.0745647544211063,
  "success": true,
  "singular": false,
  "recovered_from_run": true,
  "run_id": "obesity-LMPO2-L3-d18-seed47659-fold1"
}