{
  "fold": 3,
  "seed": 19540,
  "model": "LMPO2",
  "dataset": "obesity",
  "params": {
    "model": "LMPO2",
    "L": 3,
    "bond_dim": 18,
    "init_strength": 0.1,
    "bond_prior_alpha": 5.0,
    "added_bias": false,
    "n_epochs": 100,
    "batch_size": 256,
    "patience": 100,
    "min_delta": 0.0001,
    "warmup_epochs": 5,
    "trim_every": 3,
    "trimming_threshold": 0.3,
    "trim_method": "relevance",
    "soft_trim_relaxation": 2
  },
  "n_features": 39,
  "n_train": 1436,
  "n_val": 253,
  "n_test": 422,
  "train_loss": 0.7498394120880436,
  "train_quality": 0.8022152215158997,
  "val_loss": 1.153523245716042,
  "val_quality": 0.6786838991999803,
  "test_loss": 1.371025044013207,
  "test_quality": 0.6542347675620339,
  "best_epoch": 6,
  "n_parameters": 9063,
  "elbo_raw": -19926.30096927854,
  "elbo_relative": 2390213199.300866,
  "tau_mean": 1.232293147677812,
  "success": true,
  "singular": false,
  "recovered_from_run": true,
  "run_id": "obesity-LMPO2-L3-d18-seed19540-fold3"
}