{
  "fold": 0,
  "seed": 19540,
  "model": "LMPO2",
  "dataset": "obesity",
  "params": {
    "model": "LMPO2",
    "L": 3,
    "bond_dim": 18,
    "init_strength": 0.1,
    "bond_prior_alpha": 5.0,
    "added_bias": false,
    "n_epochs": 100,
    "batch_size": 256,
    "patience": 100,
    "min_delta": 0.0001,
    "warmup_epochs": 5,
    "trim_every": 3,
    "trimming_threshold": 0.3,
    "trim_method": "relevance",
    "soft_trim_relaxation": 2
  },
  "n_features": 39,
  "n_train": 1435,
  "n_val": 253,
  "n_test": 423,
  "train_loss": 0.6048469365824299,
  "train_quality": 0.8437596831399155,
  "val_loss": 1.1815356913899093,
  "val_quality": 0.6805266841119557,
  "test_loss": 1.3509370965334266,
  "test_quality": 0.6214093144233167,
  "best_epoch": 7,
  "n_parameters": 9063,
  "elbo_raw": -14300.121106834707,
  "elbo_relative": 2563130478.583793,
  "tau_mean": 1.3127604980321517,
  "success": true,
  "singular": false,
  "recovered_from_run": true,
  "run_id": "obesity-LMPO2-L3-d18-seed19540-fold0"
}