{
  "fold": 2,
  "seed": 19540,
  "model": "LMPO2",
  "dataset": "obesity",
  "params": {
    "model": "LMPO2",
    "L": 3,
    "bond_dim": 18,
    "init_strength": 0.1,
    "bond_prior_alpha": 5.0,
    "added_bias": false,
    "n_epochs": 100,
    "batch_size": 256,
    "patience": 100,
    "min_delta": 0.0001,
    "warmup_epochs": 5,
    "trim_every": 3,
    "trimming_threshold": 0.3,
    "trim_method": "relevance",
    "soft_trim_relaxation": 2
  },
  "n_features": 39,
  "n_train": 1436,
  "n_val": 253,
  "n_test": 422,
  "train_loss": 0.7423825034233444,
  "train_quality": 0.804511425313759,
  "val_loss": 0.955821241403578,
  "val_quality": 0.7408302684799946,
  "test_loss": 1.4734195240079233,
  "test_quality": 0.6164817582224542,
  "best_epoch": 6,
  "n_parameters": 9063,
  "elbo_raw": -19900.475255927315,
  "elbo_relative": 2491878976.2866178,
  "tau_mean": 1.2453369233392364,
  "success": true,
  "singular": false,
  "recovered_from_run": true,
  "run_id": "obesity-LMPO2-L3-d18-seed19540-fold2"
}