{
  "fold": 2,
  "seed": 47659,
  "model": "LMPO2",
  "dataset": "obesity",
  "params": {
    "model": "LMPO2",
    "L": 3,
    "bond_dim": 18,
    "init_strength": 0.1,
    "bond_prior_alpha": 5.0,
    "added_bias": false,
    "n_epochs": 100,
    "batch_size": 256,
    "patience": 100,
    "min_delta": 0.0001,
    "warmup_epochs": 5,
    "trim_every": 3,
    "trimming_threshold": 0.3,
    "trim_method": "relevance",
    "soft_trim_relaxation": 2
  },
  "n_features": 39,
  "n_train": 1436,
  "n_val": 253,
  "n_test": 422,
  "train_loss": 0.8236384443282674,
  "train_quality": 0.7814755614451889,
  "val_loss": 1.5481875170456936,
  "val_quality": 0.574021498054567,
  "test_loss": 1.3276195259216137,
  "test_quality": 0.6680485181116587,
  "best_epoch": 6,
  "n_parameters": 9063,
  "elbo_raw": -19843.739587288852,
  "elbo_relative": 953879246.2911354,
  "tau_mean": 1.117634399751738,
  "success": true,
  "singular": false,
  "recovered_from_run": true,
  "run_id": "obesity-LMPO2-L3-d18-seed47659-fold2"
}