{
  "fold": 4,
  "seed": 19540,
  "model": "LMPO2",
  "dataset": "obesity",
  "params": {
    "model": "LMPO2",
    "L": 3,
    "bond_dim": 18,
    "init_strength": 0.1,
    "bond_prior_alpha": 5.0,
    "added_bias": false,
    "n_epochs": 100,
    "batch_size": 256,
    "patience": 100,
    "min_delta": 0.0001,
    "warmup_epochs": 5,
    "trim_every": 3,
    "trimming_threshold": 0.3,
    "trim_method": "relevance",
    "soft_trim_relaxation": 2
  },
  "n_features": 39,
  "n_train": 1436,
  "n_val": 253,
  "n_test": 422,
  "train_loss": 0.830952875787297,
  "train_quality": 0.7820488622180481,
  "val_loss": 1.2051633513515816,
  "val_quality": 0.6735865063400186,
  "test_loss": 1.2468606511857316,
  "test_quality": 0.6698358855701145,
  "best_epoch": 7,
  "n_parameters": 9063,
  "elbo_raw": -14285.972745330288,
  "elbo_relative": 2610932047.9199305,
  "tau_mean": 0.9665440999569388,
  "success": true,
  "singular": false,
  "recovered_from_run": true,
  "run_id": "obesity-LMPO2-L3-d18-seed19540-fold4"
}