{
  "fold": 0,
  "seed": 47659,
  "model": "LMPO2",
  "dataset": "obesity",
  "params": {
    "model": "LMPO2",
    "L": 3,
    "bond_dim": 18,
    "init_strength": 0.1,
    "bond_prior_alpha": 5.0,
    "added_bias": false,
    "n_epochs": 100,
    "batch_size": 256,
    "patience": 100,
    "min_delta": 0.0001,
    "warmup_epochs": 5,
    "trim_every": 3,
    "trimming_threshold": 0.3,
    "trim_method": "relevance",
    "soft_trim_relaxation": 2
  },
  "n_features": 39,
  "n_train": 1435,
  "n_val": 253,
  "n_test": 423,
  "train_loss": 0.7802080291278919,
  "train_quality": 0.8016654278103152,
  "val_loss": 1.320198075521714,
  "val_quality": 0.6503655092138434,
  "test_loss": 1.543874731892268,
  "test_quality": 0.543070629339474,
  "best_epoch": 6,
  "n_parameters": 9063,
  "elbo_raw": -19911.090323530756,
  "elbo_relative": 913242610.1297808,
  "tau_mean": 1.1838702995957977,
  "success": true,
  "singular": false,
  "recovered_from_run": true,
  "run_id": "obesity-LMPO2-L3-d18-seed47659-fold0"
}