{
  "fold": 0,
  "seed": 42,
  "model": "LMPO2",
  "dataset": "obesity",
  "params": {
    "model": "LMPO2",
    "L": 3,
    "bond_dim": 18,
    "init_strength": 0.1,
    "bond_prior_alpha": 5.0,
    "added_bias": false,
    "n_epochs": 100,
    "batch_size": 256,
    "patience": 100,
    "min_delta": 0.0001,
    "warmup_epochs": 5,
    "trim_every": 3,
    "trimming_threshold": 0.3,
    "trim_method": "relevance",
    "soft_trim_relaxation": 2
  },
  "n_features": 39,
  "n_train": 1435,
  "n_val": 253,
  "n_test": 423,
  "train_loss": 0.7993243906641205,
  "train_quality": 0.7923851017300616,
  "val_loss": 1.6839397206161093,
  "val_quality": 0.5440006702164494,
  "test_loss": 1.618040269272718,
  "test_quality": 0.5618835994577945,
  "best_epoch": 7,
  "n_parameters": 9063,
  "elbo_raw": -14228.984420130233,
  "elbo_relative": 2170989535.4262075,
  "tau_mean": 1.006088103688416,
  "success": true,
  "singular": false,
  "recovered_from_run": true,
  "run_id": "obesity-LMPO2-L3-d18-seed42-fold0"
}