{
  "fold": 1,
  "seed": 42806,
  "model": "LMPO2",
  "dataset": "obesity",
  "params": {
    "model": "LMPO2",
    "L": 3,
    "bond_dim": 18,
    "init_strength": 0.1,
    "bond_prior_alpha": 5.0,
    "added_bias": false,
    "n_epochs": 100,
    "batch_size": 256,
    "patience": 100,
    "min_delta": 0.0001,
    "warmup_epochs": 5,
    "trim_every": 3,
    "trimming_threshold": 0.3,
    "trim_method": "relevance",
    "soft_trim_relaxation": 2
  },
  "n_features": 39,
  "n_train": 1436,
  "n_val": 253,
  "n_test": 422,
  "train_loss": 0.8419741178815234,
  "train_quality": 0.7821642036368938,
  "val_loss": 1.2238123198850803,
  "val_quality": 0.6732856085369731,
  "test_loss": 1.5303047442641697,
  "test_quality": 0.5780753949851053,
  "best_epoch": 4,
  "n_parameters": 9063,
  "elbo_raw": -22956.929635423923,
  "elbo_relative": 766696820.3286006,
  "tau_mean": 1.0946709442885365,
  "success": true,
  "singular": false,
  "recovered_from_run": true,
  "run_id": "obesity-LMPO2-L3-d18-seed42806-fold1"
}