{
  "fold": 0,
  "seed": 9536,
  "model": "LMPO2",
  "dataset": "obesity",
  "params": {
    "model": "LMPO2",
    "L": 3,
    "bond_dim": 18,
    "init_strength": 0.1,
    "bond_prior_alpha": 5.0,
    "added_bias": false,
    "n_epochs": 100,
    "batch_size": 256,
    "patience": 100,
    "min_delta": 0.0001,
    "warmup_epochs": 5,
    "trim_every": 3,
    "trimming_threshold": 0.3,
    "trim_method": "relevance",
    "soft_trim_relaxation": 2
  },
  "n_features": 39,
  "n_train": 1435,
  "n_val": 253,
  "n_test": 423,
  "train_loss": 0.7785058461155169,
  "train_quality": 0.7937147889024425,
  "val_loss": 1.3349366852460005,
  "val_quality": 0.6312320368133235,
  "test_loss": 1.1106478526647288,
  "test_quality": 0.7244570177900679,
  "best_epoch": 6,
  "n_parameters": 9063,
  "elbo_raw": -19935.7963235963,
  "elbo_relative": 1037513885.3232883,
  "tau_mean": 1.185009445892274,
  "success": true,
  "singular": false,
  "recovered_from_run": true,
  "run_id": "obesity-LMPO2-L3-d18-seed9536-fold0"
}