{
  "fold": 1,
  "seed": 19540,
  "model": "LMPO2",
  "dataset": "obesity",
  "params": {
    "model": "LMPO2",
    "L": 3,
    "bond_dim": 18,
    "init_strength": 0.1,
    "bond_prior_alpha": 5.0,
    "added_bias": false,
    "n_epochs": 100,
    "batch_size": 256,
    "patience": 100,
    "min_delta": 0.0001,
    "warmup_epochs": 5,
    "trim_every": 3,
    "trimming_threshold": 0.3,
    "trim_method": "relevance",
    "soft_trim_relaxation": 2
  },
  "n_features": 39,
  "n_train": 1436,
  "n_val": 253,
  "n_test": 422,
  "train_loss": 0.7966501256732793,
  "train_quality": 0.7912917897472426,
  "val_loss": 1.5330112658650925,
  "val_quality": 0.5908292200053429,
  "test_loss": 1.5071213704419746,
  "test_quality": 0.6024119448848856,
  "best_epoch": 6,
  "n_parameters": 9063,
  "elbo_raw": -19935.259066836687,
  "elbo_relative": 2510045602.2745557,
  "tau_mean": 1.1586882322923195,
  "success": true,
  "singular": false,
  "recovered_from_run": true,
  "run_id": "obesity-LMPO2-L3-d18-seed19540-fold1"
}