{
  "fold": 1,
  "seed": 42,
  "model": "LMPO2",
  "dataset": "obesity",
  "params": {
    "model": "LMPO2",
    "L": 3,
    "bond_dim": 18,
    "init_strength": 0.1,
    "bond_prior_alpha": 5.0,
    "added_bias": false,
    "n_epochs": 100,
    "batch_size": 256,
    "patience": 100,
    "min_delta": 0.0001,
    "warmup_epochs": 5,
    "trim_every": 3,
    "trimming_threshold": 0.3,
    "trim_method": "relevance",
    "soft_trim_relaxation": 2
  },
  "n_features": 39,
  "n_train": 1436,
  "n_val": 253,
  "n_test": 422,
  "train_loss": 0.8046819024030717,
  "train_quality": 0.7896137714708622,
  "val_loss": 1.3769867898817318,
  "val_quality": 0.6261281222596171,
  "test_loss": 1.2796215958901551,
  "test_quality": 0.6610202821222035,
  "best_epoch": 5,
  "n_parameters": 9063,
  "elbo_raw": -22701.136101278935,
  "elbo_relative": 2026775476.1500251,
  "tau_mean": 1.1414370255221633,
  "success": true,
  "singular": false,
  "recovered_from_run": true,
  "run_id": "obesity-LMPO2-L3-d18-seed42-fold1"
}