{
  "fold": 4,
  "seed": 47659,
  "model": "LMPO2",
  "dataset": "obesity",
  "params": {
    "model": "LMPO2",
    "L": 3,
    "bond_dim": 18,
    "init_strength": 0.1,
    "bond_prior_alpha": 5.0,
    "added_bias": false,
    "n_epochs": 100,
    "batch_size": 256,
    "patience": 100,
    "min_delta": 0.0001,
    "warmup_epochs": 5,
    "trim_every": 3,
    "trimming_threshold": 0.3,
    "trim_method": "relevance",
    "soft_trim_relaxation": 2
  },
  "n_features": 39,
  "n_train": 1436,
  "n_val": 253,
  "n_test": 422,
  "train_loss": 0.7344517244411001,
  "train_quality": 0.8083629184923196,
  "val_loss": 1.684516798295446,
  "val_quality": 0.5526893352329676,
  "test_loss": 1.1431042479020297,
  "test_quality": 0.6901812523367301,
  "best_epoch": 6,
  "n_parameters": 9063,
  "elbo_raw": -19859.846359647156,
  "elbo_relative": 924556647.2010785,
  "tau_mean": 1.2544021444096674,
  "success": true,
  "singular": false,
  "recovered_from_run": true,
  "run_id": "obesity-LMPO2-L3-d18-seed47659-fold4"
}