{
  "experiment_name": "kfold_energy_efficiency",
  "run_name": "energy_efficiency-BTT-L4-d18-seed42806-fold2",
  "config": {
    "params": {
      "model": "BTT",
      "L": 4,
      "bond_dim": 18,
      "init_strength": 0.01,
      "bond_prior_alpha": 1.0,
      "added_bias": false,
      "n_epochs": 100,
      "batch_size": 256,
      "patience": 100,
      "min_delta": 0.0001,
      "warmup_epochs": 5,
      "trim_every": 3,
      "trimming_threshold": 0.3,
      "trim_method": "relevance",
      "soft_trim_relaxation": 2
    },
    "fold": 2,
    "seed": 42806
  },
  "hparams": {
    "seed": 42806,
    "fold": 2,
    "dataset": "energy_efficiency",
    "n_features": 8,
    "n_train": 522,
    "n_val": 92,
    "n_test": 154,
    "L": 4,
    "bond_dim": 18,
    "model": "BTT",
    "init_strength": 0.01,
    "bond_prior_alpha": 1.0,
    "added_bias": false,
    "n_epochs": 100,
    "batch_size": 256,
    "patience": 100,
    "min_delta": 0.0001,
    "warmup_epochs": 5,
    "trim_every": 3,
    "trimming_threshold": 0.3,
    "trim_method": "relevance",
    "soft_trim_relaxation": 2
  },
  "metrics_log": [
    {
      "step": 0,
      "train_loss": 583.6655539902182,
      "train_quality": -4.618455484432637,
      "val_loss": 452.5354370046138,
      "val_quality": -3.650053038732211,
      "patience_counter": 0,
      "elbo_raw": -179544.8685938348,
      "elbo_relative": 0.0,
      "e_log_p_nodes": -11962.623181658504,
      "e_log_p_bonds": -2659.547584987337,
      "e_log_p_tau": -1.0,
      "h_nodes": -12042.574143844482,
      "h_bonds": 140.0,
      "h_tau": 1.0,
      "tau_mean": 1.0,
      "bond_mean_avg": 1.0,
      "n_parameters": 12564,
      "dim_x0": 8,
      "dim_b_leaf_0": 18,
      "dim_x1": 8,
      "dim_b_leaf_1": 18,
      "dim_x2": 8,
      "dim_b_leaf_2": 18,
      "dim_x3": 8,
      "dim_b_leaf_3": 18,
      "dim_b_lvl0_0": 18,
      "dim_b_lvl0_1": 18
    },
    {
      "step": 1,
      "train_loss": 0.11635598508657083,
      "train_quality": 0.9988799391739209,
      "val_loss": 0.17360120137009347,
      "val_quality": 0.9982161512050816,
      "test_quality": 0.9973968389919154,
      "patience_counter": 0,
      "elbo_raw": -8132.539513432033,
      "elbo_relative": 171412.32908040276,
      "e_log_p_nodes": -18846.019754179088,
      "e_log_p_bonds": -2659.547584987337,
      "e_log_p_tau": -3.869899945129945,
      "h_nodes": 13622.032804745224,
      "h_bonds": 140.0,
      "h_tau": -0.013278545179900902,
      "tau_mean": 3.869899945129945,
      "bond_mean_avg": 1.0,
      "n_parameters": 12564,
      "dim_x0": 8,
      "dim_b_leaf_0": 18,
      "dim_x1": 8,
      "dim_b_leaf_1": 18,
      "dim_x2": 8,
      "dim_b_leaf_2": 18,
      "dim_x3": 8,
      "dim_b_leaf_3": 18,
      "dim_b_lvl0_0": 18,
      "dim_b_lvl0_1": 18
    },
    {
      "step": 2,
      "train_loss": 0.11509202114757641,
      "train_quality": 0.9988921062875643,
      "val_loss": 0.18170065845665476,
      "val_quality": 0.9981329247835515,
      "test_quality": 0.9972221850844504,
      "patience_counter": 1,
      "elbo_raw": -7383.158240283916,
      "elbo_relative": 172161.71035355088,
      "e_log_p_nodes": -18763.242953322744,
      "e_log_p_bonds": -2659.547584987337,
      "e_log_p_tau": -6.252139221632554,
      "h_nodes": 14162.957112038384,
      "h_bonds": 140.0,
      "h_tau": 0.46641648273066494,
      "tau_mean": 6.252139221632554,
      "bond_mean_avg": 1.0,
      "n_parameters": 12564,
      "dim_x0": 8,
      "dim_b_leaf_0": 18,
      "dim_x1": 8,
      "dim_b_leaf_1": 18,
      "dim_x2": 8,
      "dim_b_leaf_2": 18,
      "dim_x3": 8,
      "dim_b_leaf_3": 18,
      "dim_b_lvl0_0": 18,
      "dim_b_lvl0_1": 18
    },
    {
      "step": 3,
      "train_loss": 0.1179408919560658,
      "train_quality": 0.9988646826136659,
      "val_loss": 0.18982756544506976,
      "val_quality": 0.998049416299029,
      "test_quality": 0.9971489920171757,
      "patience_counter": 2,
      "elbo_raw": -6836.555157185607,
      "elbo_relative": 172708.3134366492,
      "e_log_p_nodes": -18312.17832752439,
      "e_log_p_bonds": -2659.547584987337,
      "e_log_p_tau": -6.756586087327833,
      "h_nodes": 14238.165991630583,
      "h_bonds": 140.0,
      "h_tau": 0.5440105479076465,
      "tau_mean": 6.756586087327833,
      "bond_mean_avg": 1.0,
      "n_parameters": 12564,
      "dim_x0": 8,
      "dim_b_leaf_0": 18,
      "dim_x1": 8,
      "dim_b_leaf_1": 18,
      "dim_x2": 8,
      "dim_b_leaf_2": 18,
      "dim_x3": 8,
      "dim_b_leaf_3": 18,
      "dim_b_lvl0_0": 18,
      "dim_b_lvl0_1": 18
    },
    {
      "step": 4,
      "train_loss": 0.11842274900895707,
      "train_quality": 0.9988600441826619,
      "val_loss": 0.1932150617097409,
      "val_quality": 0.9980146078928553,
      "test_quality": 0.9971277401102987,
      "patience_counter": 3,
      "elbo_raw": -6499.429897158499,
      "elbo_relative": 173045.4386966763,
      "e_log_p_nodes": -18088.353649538385,
      "e_log_p_bonds": -2659.547584987337,
      "e_log_p_tau": -6.780885557511599,
      "h_nodes": 14350.525941474556,
      "h_bonds": 140.0,
      "h_tau": 0.5476005087095928,
      "tau_mean": 6.780885557511599,
      "bond_mean_avg": 1.0,
      "n_parameters": 12564,
      "dim_x0": 8,
      "dim_b_leaf_0": 18,
      "dim_x1": 8,
      "dim_b_leaf_1": 18,
      "dim_x2": 8,
      "dim_b_leaf_2": 18,
      "dim_x3": 8,
      "dim_b_leaf_3": 18,
      "dim_b_lvl0_0": 18,
      "dim_b_lvl0_1": 18
    },
    {
      "step": 5,
      "train_loss": 0.11865418344922038,
      "train_quality": 0.9988578163587116,
      "val_loss": 0.19866766021751558,
      "val_quality": 0.9979585794137866,
      "test_quality": 0.997088401109034,
      "patience_counter": 4,
      "elbo_raw": -6303.387302185714,
      "elbo_relative": 173241.4812916491,
      "e_log_p_nodes": -17988.215321806798,
      "e_log_p_bonds": -2659.547584987337,
      "e_log_p_tau": -6.8163324278108615,
      "h_nodes": 14445.064216053763,
      "h_bonds": 140.0,
      "h_tau": 0.5528143621077106,
      "tau_mean": 6.8163324278108615,
      "bond_mean_avg": 1.0,
      "n_parameters": 12564,
      "dim_x0": 8,
      "dim_b_leaf_0": 18,
      "dim_x1": 8,
      "dim_b_leaf_1": 18,
      "dim_x2": 8,
      "dim_b_leaf_2": 18,
      "dim_x3": 8,
      "dim_b_leaf_3": 18,
      "dim_b_lvl0_0": 18,
      "dim_b_lvl0_1": 18
    },
    {
      "step": 6,
      "train_loss": 0.12058300917330422,
      "train_quality": 0.998839249182023,
      "val_loss": 0.20203010988989997,
      "val_quality": 0.9979240283752643,
      "test_quality": 0.9971072517435318,
      "patience_counter": 5,
      "elbo_raw": -803.1901877562159,
      "elbo_relative": 178741.6784060786,
      "e_log_p_nodes": -12649.396612380393,
      "e_log_p_bonds": -2418.5008189176256,
      "e_log_p_tau": -6.7541111753342316,
      "h_nodes": 14573.207544601315,
      "h_bonds": -65.40911733703085,
      "h_tau": 0.543644184577488,
      "tau_mean": 6.7541111753342316,
      "bond_mean_avg": 2.491573026395953,
      "n_parameters": 12564,
      "dim_x0": 8,
      "dim_b_leaf_0": 18,
      "dim_x1": 8,
      "dim_b_leaf_1": 18,
      "dim_x2": 8,
      "dim_b_leaf_2": 18,
      "dim_x3": 8,
      "dim_b_leaf_3": 18,
      "dim_b_lvl0_0": 18,
      "dim_b_lvl0_1": 18
    },
    {
      "step": 7,
      "train_loss": 0.11980330145376153,
      "train_quality": 0.9988467547699118,
      "val_loss": 0.1754352528315855,
      "val_quality": 0.9981973053073367,
      "test_quality": 0.9973692387181622,
      "patience_counter": 6,
      "elbo_raw": 7933.821499146379,
      "elbo_relative": 187478.69009298118,
      "e_log_p_nodes": -12741.277299636084,
      "e_log_p_bonds": -2842.20128196347,
      "e_log_p_tau": -5.497268477710677,
      "h_nodes": 23921.954063555022,
      "h_bonds": -107.616969833349,
      "h_tau": 0.33774413053947683,
      "tau_mean": 5.497268477710677,
      "bond_mean_avg": 3.0765541472023274,
      "n_parameters": 12564,