{
  "experiment_name": "kfold_energy_efficiency",
  "run_name": "energy_efficiency-BTT-L4-d18-seed19540-fold3",
  "config": {
    "params": {
      "model": "BTT",
      "L": 4,
      "bond_dim": 18,
      "init_strength": 0.01,
      "bond_prior_alpha": 1.0,
      "added_bias": false,
      "n_epochs": 100,
      "batch_size": 256,
      "patience": 100,
      "min_delta": 0.0001,
      "warmup_epochs": 5,
      "trim_every": 3,
      "trimming_threshold": 0.3,
      "trim_method": "relevance",
      "soft_trim_relaxation": 2
    },
    "fold": 3,
    "seed": 19540
  },
  "hparams": {
    "seed": 19540,
    "fold": 3,
    "dataset": "energy_efficiency",
    "n_features": 8,
    "n_train": 523,
    "n_val": 92,
    "n_test": 153,
    "L": 4,
    "bond_dim": 18,
    "model": "BTT",
    "init_strength": 0.01,
    "bond_prior_alpha": 1.0,
    "added_bias": false,
    "n_epochs": 100,
    "batch_size": 256,
    "patience": 100,
    "min_delta": 0.0001,
    "warmup_epochs": 5,
    "trim_every": 3,
    "trimming_threshold": 0.3,
    "trim_method": "relevance",
    "soft_trim_relaxation": 2
  },
  "metrics_log": [
    {
      "step": 0,
      "train_loss": 710.4117157608231,
      "train_quality": -5.849707564414436,
      "val_loss": 814.4805872363751,
      "val_quality": -7.68041433657449,
      "patience_counter": 0,
      "elbo_raw": -212981.2778723958,
      "elbo_relative": 0.0,
      "e_log_p_nodes": -11962.623181658504,
      "e_log_p_bonds": -2659.547584987337,
      "e_log_p_tau": -1.0,
      "h_nodes": -12042.574143844482,
      "h_bonds": 140.0,
      "h_tau": 1.0,
      "tau_mean": 1.0,
      "bond_mean_avg": 1.0,
      "n_parameters": 12564,
      "dim_x0": 8,
      "dim_b_leaf_0": 18,
      "dim_x1": 8,
      "dim_b_leaf_1": 18,
      "dim_x2": 8,
      "dim_b_leaf_2": 18,
      "dim_x3": 8,
      "dim_b_leaf_3": 18,
      "dim_b_lvl0_0": 18,
      "dim_b_lvl0_1": 18
    },
    {
      "step": 1,
      "train_loss": 0.11874453995175831,
      "train_quality": 0.9988550788852498,
      "val_loss": 0.2251667265966865,
      "val_quality": 0.9976002614275911,
      "test_quality": 0.9974982224309313,
      "patience_counter": 0,
      "elbo_raw": -8191.407239530647,
      "elbo_relative": 204789.87063286515,
      "e_log_p_nodes": -18738.93080493188,
      "e_log_p_bonds": -2659.547584987337,
      "e_log_p_tau": -5.805296793160953,
      "h_nodes": 13350.36467714494,
      "h_bonds": 140.0,
      "h_tau": 0.3913126819361423,
      "tau_mean": 5.805296793160953,
      "bond_mean_avg": 1.0,
      "n_parameters": 12564,
      "dim_x0": 8,
      "dim_b_leaf_0": 18,
      "dim_x1": 8,
      "dim_b_leaf_1": 18,
      "dim_x2": 8,
      "dim_b_leaf_2": 18,
      "dim_x3": 8,
      "dim_b_leaf_3": 18,
      "dim_b_lvl0_0": 18,
      "dim_b_lvl0_1": 18
    },
    {
      "step": 2,
      "train_loss": 0.11786724529156727,
      "train_quality": 0.998863537658855,
      "val_loss": 0.22555425504687615,
      "val_quality": 0.9975961313015113,
      "test_quality": 0.9973746290325477,
      "patience_counter": 1,
      "elbo_raw": -7282.6339984714505,
      "elbo_relative": 205698.64387392433,
      "e_log_p_nodes": -18353.47384411617,
      "e_log_p_bonds": -2659.547584987337,
      "e_log_p_tau": -6.982219580934335,
      "h_nodes": 13825.224480168157,
      "h_bonds": 140.0,
      "h_tau": 0.5759087986973555,
      "tau_mean": 6.982219580934335,
      "bond_mean_avg": 1.0,
      "n_parameters": 12564,
      "dim_x0": 8,
      "dim_b_leaf_0": 18,
      "dim_x1": 8,
      "dim_b_leaf_1": 18,
      "dim_x2": 8,
      "dim_b_leaf_2": 18,
      "dim_x3": 8,
      "dim_b_leaf_3": 18,
      "dim_b_lvl0_0": 18,
      "dim_b_lvl0_1": 18
    },
    {
      "step": 3,
      "train_loss": 0.11788440532186115,
      "train_quality": 0.9988633722038285,
      "val_loss": 0.2260965942867494,
      "val_quality": 0.9975903512628131,
      "test_quality": 0.997344694241366,
      "patience_counter": 2,
      "elbo_raw": -7278.305349082253,
      "elbo_relative": 205702.97252331354,
      "e_log_p_nodes": -18446.34662374187,
      "e_log_p_bonds": -2659.547584987337,
      "e_log_p_tau": -6.954271079937431,
      "h_nodes": 13923.478778668692,
      "h_bonds": 140.0,
      "h_tau": 0.5718979556315844,
      "tau_mean": 6.954271079937431,
      "bond_mean_avg": 1.0,
      "n_parameters": 12564,
      "dim_x0": 8,
      "dim_b_leaf_0": 18,
      "dim_x1": 8,
      "dim_b_leaf_1": 18,
      "dim_x2": 8,
      "dim_b_leaf_2": 18,
      "dim_x3": 8,
      "dim_b_leaf_3": 18,
      "dim_b_lvl0_0": 18,
      "dim_b_lvl0_1": 18
    },
    {
      "step": 4,
      "train_loss": 0.11816131153673522,
      "train_quality": 0.9988607023061444,
      "val_loss": 0.2260406470030415,
      "val_quality": 0.9975909475269982,
      "test_quality": 0.9973881030929753,
      "patience_counter": 3,
      "elbo_raw": -6983.316665825263,
      "elbo_relative": 205997.96120657053,
      "e_log_p_nodes": -18313.233283291804,
      "e_log_p_bonds": -2659.547584987337,
      "e_log_p_tau": -6.832664022771526,
      "h_nodes": 14089.984952542789,
      "h_bonds": 140.0,
      "h_tau": 0.554256585725625,
      "tau_mean": 6.832664022771526,
      "bond_mean_avg": 1.0,
      "n_parameters": 12564,
      "dim_x0": 8,
      "dim_b_leaf_0": 18,
      "dim_x1": 8,
      "dim_b_leaf_1": 18,
      "dim_x2": 8,
      "dim_b_leaf_2": 18,
      "dim_x3": 8,
      "dim_b_leaf_3": 18,
      "dim_b_lvl0_0": 18,
      "dim_b_lvl0_1": 18
    },
    {
      "step": 5,
      "train_loss": 0.11862555014316775,
      "train_quality": 0.9988562261712164,
      "val_loss": 0.22883790791875686,
      "val_quality": 0.9975611354183532,
      "test_quality": 0.9973875204489109,
      "patience_counter": 4,
      "elbo_raw": -6776.299601403312,
      "elbo_relative": 206204.97827099246,
      "e_log_p_nodes": -18242.43672692719,
      "e_log_p_bonds": -2659.547584987337,
      "e_log_p_tau": -6.756188088432755,
      "h_nodes": 14229.16010629873,
      "h_bonds": 140.0,
      "h_tau": 0.5430007796978771,
      "tau_mean": 6.756188088432755,
      "bond_mean_avg": 1.0,
      "n_parameters": 12564,
      "dim_x0": 8,
      "dim_b_leaf_0": 18,
      "dim_x1": 8,
      "dim_b_leaf_1": 18,
      "dim_x2": 8,
      "dim_b_leaf_2": 18,
      "dim_x3": 8,
      "dim_b_leaf_3": 18,
      "dim_b_lvl0_0": 18,
      "dim_b_lvl0_1": 18
    },
    {
      "step": 6,
      "train_loss": 0.11901347455610034,
      "train_quality": 0.9988524858489121,
      "val_loss": 0.23046357859562436,
      "val_quality": 0.9975438096585116,
      "test_quality": 0.9973757488445233,
      "patience_counter": 5,
      "elbo_raw": -1100.7065130162136,
      "elbo_relative": 211880.57135937957,
      "e_log_p_nodes": -12656.849973830225,
      "e_log_p_bonds": -2465.9507763062834,
      "e_log_p_tau": -6.727113536266184,
      "h_nodes": 14339.617099488922,
      "h_bonds": -72.91537679933374,
      "h_tau": 0.5386880975313488,
      "tau_mean": 6.727113536266184,
      "bond_mean_avg": 2.2383537028612785,
      "n_parameters": 12564,
      "dim_x0": 8,
      "dim_b_leaf_0": 18,
      "dim_x1": 8,
      "dim_b_leaf_1": 18,
      "dim_x2": 8,
      "dim_b_leaf_2": 18,
      "dim_x3": 8,
      "dim_b_leaf_3": 18,
      "dim_b_lvl0_0": 18,
      "dim_b_lvl0_1": 18
    },
    {
      "step": 7,
      "train_loss": 0.12033632602143048,
      "train_quality": 0.9988397310681454,
      "val_loss": 0.22624770024911922,
      "val_quality": 0.9975887408347899,
      "test_quality": 0.997385797246685,
      "patience_counter": 6,
      "elbo_raw": 7633.901754825247,
      "elbo_relative": 220615.17962722105,
      "e_log_p_nodes": -12742.922027039325,
      "e_log_p_bonds": -2859.8530629692855,
      "e_log_p_tau": -5.4142311304161135,
      "h_nodes": 23649.500067106976,
      "h_bonds": -111.22298666313202,
      "h_tau": 0.3215728224624854,
      "tau_mean": 5.4142311304161135,
      "bond_mean_avg": 2.888655434313194,
      "n_parameters": 12564,