{
  "experiment_name": "kfold_energy_efficiency",
  "run_name": "energy_efficiency-BTT-L4-d18-seed42-fold1",
  "config": {
    "params": {
      "model": "BTT",
      "L": 4,
      "bond_dim": 18,
      "init_strength": 0.01,
      "bond_prior_alpha": 1.0,
      "added_bias": false,
      "n_epochs": 100,
      "batch_size": 256,
      "patience": 100,
      "min_delta": 0.0001,
      "warmup_epochs": 5,
      "trim_every": 3,
      "trimming_threshold": 0.3,
      "trim_method": "relevance",
      "soft_trim_relaxation": 2
    },
    "fold": 1,
    "seed": 42
  },
  "hparams": {
    "seed": 42,
    "fold": 1,
    "dataset": "energy_efficiency",
    "n_features": 8,
    "n_train": 522,
    "n_val": 92,
    "n_test": 154,
    "L": 4,
    "bond_dim": 18,
    "model": "BTT",
    "init_strength": 0.01,
    "bond_prior_alpha": 1.0,
    "added_bias": false,
    "n_epochs": 100,
    "batch_size": 256,
    "patience": 100,
    "min_delta": 0.0001,
    "warmup_epochs": 5,
    "trim_every": 3,
    "trimming_threshold": 0.3,
    "trim_method": "relevance",
    "soft_trim_relaxation": 2
  },
  "metrics_log": [
    {
      "step": 0,
      "train_loss": 1410.7682604512768,
      "train_quality": -13.001329600784072,
      "val_loss": 902.3509120586715,
      "val_quality": -7.398373103934091,
      "patience_counter": 0,
      "elbo_raw": -395419.9387814282,
      "elbo_relative": 0.0,
      "e_log_p_nodes": -11962.623181658504,
      "e_log_p_bonds": -2659.547584987337,
      "e_log_p_tau": -1.0,
      "h_nodes": -12042.574143844482,
      "h_bonds": 140.0,
      "h_tau": 1.0,
      "tau_mean": 1.0,
      "bond_mean_avg": 1.0,
      "n_parameters": 12564,
      "dim_x0": 8,
      "dim_b_leaf_0": 18,
      "dim_x1": 8,
      "dim_b_leaf_1": 18,
      "dim_x2": 8,
      "dim_b_leaf_2": 18,
      "dim_x3": 8,
      "dim_b_leaf_3": 18,
      "dim_b_lvl0_0": 18,
      "dim_b_lvl0_1": 18
    },
    {
      "step": 1,
      "train_loss": 0.2478275851201826,
      "train_quality": 0.9975404070245214,
      "val_loss": 0.3589430563301146,
      "val_quality": 0.9966592401361359,
      "test_quality": 0.9962659431777264,
      "patience_counter": 0,
      "elbo_raw": -8215.658596068752,
      "elbo_relative": 387204.2801853595,
      "e_log_p_nodes": -18416.22448290128,
      "e_log_p_bonds": -2659.547584987337,
      "e_log_p_tau": -1.4261113142491697,
      "h_nodes": 13370.667074478517,
      "h_bonds": 140.0,
      "h_tau": -1.0115558184870679,
      "tau_mean": 1.4261113142491697,
      "bond_mean_avg": 1.0,
      "n_parameters": 12564,
      "dim_x0": 8,
      "dim_b_leaf_0": 18,
      "dim_x1": 8,
      "dim_b_leaf_1": 18,
      "dim_x2": 8,
      "dim_b_leaf_2": 18,
      "dim_x3": 8,
      "dim_b_leaf_3": 18,
      "dim_b_lvl0_0": 18,
      "dim_b_lvl0_1": 18
    },
    {
      "step": 2,
      "train_loss": 0.13011077685023356,
      "train_quality": 0.9987087008388525,
      "val_loss": 0.2303122965739886,
      "val_quality": 0.9978564341530509,
      "test_quality": 0.997546032689247,
      "patience_counter": 0,
      "elbo_raw": -6973.430555033172,
      "elbo_relative": 388446.50822639506,
      "e_log_p_nodes": -18498.079356983457,
      "e_log_p_bonds": -2659.547584987337,
      "e_log_p_tau": -2.3150606108034126,
      "h_nodes": 14567.814996989058,
      "h_bonds": 140.0,
      "h_tau": -0.5270713289480682,
      "tau_mean": 2.3150606108034126,
      "bond_mean_avg": 1.0,
      "n_parameters": 12564,
      "dim_x0": 8,
      "dim_b_leaf_0": 18,
      "dim_x1": 8,
      "dim_b_leaf_1": 18,
      "dim_x2": 8,
      "dim_b_leaf_2": 18,
      "dim_x3": 8,
      "dim_b_leaf_3": 18,
      "dim_b_lvl0_0": 18,
      "dim_b_lvl0_1": 18
    },
    {
      "step": 3,
      "train_loss": 0.1259203815993786,
      "train_quality": 0.9987502888917663,
      "val_loss": 0.2041679100989958,
      "val_quality": 0.9980997655546777,
      "test_quality": 0.9974713594134189,
      "patience_counter": 0,
      "elbo_raw": -6216.690148847236,
      "elbo_relative": 389203.248632581,
      "e_log_p_nodes": -18003.21479124708,
      "e_log_p_bonds": -2659.547584987337,
      "e_log_p_tau": -3.2800624286826485,
      "h_nodes": 14738.403156091492,
      "h_bonds": 140.0,
      "h_tau": -0.17864474256612084,
      "tau_mean": 3.2800624286826485,
      "bond_mean_avg": 1.0,
      "n_parameters": 12564,
      "dim_x0": 8,
      "dim_b_leaf_0": 18,
      "dim_x1": 8,
      "dim_b_leaf_1": 18,
      "dim_x2": 8,
      "dim_b_leaf_2": 18,
      "dim_x3": 8,
      "dim_b_leaf_3": 18,
      "dim_b_lvl0_0": 18,
      "dim_b_lvl0_1": 18
    },
    {
      "step": 4,
      "train_loss": 0.12166272470753281,
      "train_quality": 0.9987925444904645,
      "val_loss": 0.210496645914836,
      "val_quality": 0.9980408626556533,
      "test_quality": 0.9974928278159276,
      "patience_counter": 1,
      "elbo_raw": -5906.318432342476,
      "elbo_relative": 389513.6203490857,
      "e_log_p_nodes": -17778.49608360285,
      "e_log_p_bonds": -2659.547584987337,
      "e_log_p_tau": -4.283867852431428,
      "h_nodes": 14754.103715779771,
      "h_bonds": 140.0,
      "h_tau": 0.08834910742257307,
      "tau_mean": 4.283867852431428,
      "bond_mean_avg": 1.0,
      "n_parameters": 12564,
      "dim_x0": 8,
      "dim_b_leaf_0": 18,
      "dim_x1": 8,
      "dim_b_leaf_1": 18,
      "dim_x2": 8,
      "dim_b_leaf_2": 18,
      "dim_x3": 8,
      "dim_b_leaf_3": 18,
      "dim_b_lvl0_0": 18,
      "dim_b_lvl0_1": 18
    },
    {
      "step": 5,
      "train_loss": 0.1226065375303586,
      "train_quality": 0.9987831775130634,
      "val_loss": 0.21508504626930244,
      "val_quality": 0.9979981574313197,
      "test_quality": 0.9973278619193989,
      "patience_counter": 2,
      "elbo_raw": -5786.469395797054,
      "elbo_relative": 389633.46938563115,
      "e_log_p_nodes": -17713.73870641606,
      "e_log_p_bonds": -2659.547584987337,
      "e_log_p_tau": -5.267310629778194,
      "h_nodes": 14755.049502543994,
      "h_bonds": 140.0,
      "h_tau": 0.2950127174510726,
      "tau_mean": 5.267310629778194,
      "bond_mean_avg": 1.0,
      "n_parameters": 12564,
      "dim_x0": 8,
      "dim_b_leaf_0": 18,
      "dim_x1": 8,
      "dim_b_leaf_1": 18,
      "dim_x2": 8,
      "dim_b_leaf_2": 18,
      "dim_x3": 8,
      "dim_b_leaf_3": 18,
      "dim_b_lvl0_0": 18,
      "dim_b_lvl0_1": 18
    },
    {
      "step": 6,
      "train_loss": 0.12087165682748448,
      "train_quality": 0.9988003955333578,
      "val_loss": 0.19878127437487592,
      "val_quality": 0.9981499001264741,
      "test_quality": 0.9975077205740107,
      "patience_counter": 3,
      "elbo_raw": -609.0708872799241,
      "elbo_relative": 394810.8678941483,
      "e_log_p_nodes": -12648.936235156072,
      "e_log_p_bonds": -2370.0412483070795,
      "e_log_p_tau": -6.154213794725711,
      "h_nodes": 14736.016516353966,
      "h_bonds": -58.64895816682108,
      "h_tau": 0.45062981915475575,
      "tau_mean": 6.154213794725711,
      "bond_mean_avg": 2.645116735637607,
      "n_parameters": 12564,
      "dim_x0": 8,
      "dim_b_leaf_0": 18,
      "dim_x1": 8,
      "dim_b_leaf_1": 18,
      "dim_x2": 8,
      "dim_b_leaf_2": 18,
      "dim_x3": 8,
      "dim_b_leaf_3": 18,
      "dim_b_lvl0_0": 18,
      "dim_b_lvl0_1": 18
    },
    {
      "step": 7,
      "train_loss": 0.11144406517515701,
      "train_quality": 0.9988939607359258,
      "val_loss": 0.21415501080916374,
      "val_quality": 0.9980068134704391,
      "test_quality": 0.9974812285615197,
      "patience_counter": 4,
      "elbo_raw": 8224.955250661546,
      "elbo_relative": 403644.89403208974,
      "e_log_p_nodes": -12736.910073202815,
      "e_log_p_bonds": -2795.6114348104047,
      "e_log_p_tau": -5.531781462403983,
      "h_nodes": 24154.84722871571,
      "h_bonds": -101.97323004980723,
      "h_tau": 0.34400271084086853,
      "tau_mean": 5.531781462403983,
      "bond_mean_avg": 3.128579218851159,
      "n_parameters": 12564,