{
  "experiment_name": "kfold_energy_efficiency",
  "run_name": "energy_efficiency-BTT-L4-d18-seed9536-fold2",
  "config": {
    "params": {
      "model": "BTT",
      "L": 4,
      "bond_dim": 18,
      "init_strength": 0.01,
      "bond_prior_alpha": 1.0,
      "added_bias": false,
      "n_epochs": 100,
      "batch_size": 256,
      "patience": 100,
      "min_delta": 0.0001,
      "warmup_epochs": 5,
      "trim_every": 3,
      "trimming_threshold": 0.3,
      "trim_method": "relevance",
      "soft_trim_relaxation": 2
    },
    "fold": 2,
    "seed": 9536
  },
  "hparams": {
    "seed": 9536,
    "fold": 2,
    "dataset": "energy_efficiency",
    "n_features": 8,
    "n_train": 522,
    "n_val": 92,
    "n_test": 154,
    "L": 4,
    "bond_dim": 18,
    "model": "BTT",
    "init_strength": 0.01,
    "bond_prior_alpha": 1.0,
    "added_bias": false,
    "n_epochs": 100,
    "batch_size": 256,
    "patience": 100,
    "min_delta": 0.0001,
    "warmup_epochs": 5,
    "trim_every": 3,
    "trimming_threshold": 0.3,
    "trim_method": "relevance",
    "soft_trim_relaxation": 2
  },
  "metrics_log": [
    {
      "step": 0,
      "train_loss": 680.3331055817453,
      "train_quality": -5.85134775076404,
      "val_loss": 706.1426911379854,
      "val_quality": -5.4118469566277145,
      "patience_counter": 0,
      "elbo_raw": -204776.1688975942,
      "elbo_relative": 0.0,
      "e_log_p_nodes": -11962.623181658504,
      "e_log_p_bonds": -2659.547584987337,
      "e_log_p_tau": -1.0,
      "h_nodes": -12042.574143844482,
      "h_bonds": 140.0,
      "h_tau": 1.0,
      "tau_mean": 1.0,
      "bond_mean_avg": 1.0,
      "n_parameters": 12564,
      "dim_x0": 8,
      "dim_b_leaf_0": 18,
      "dim_x1": 8,
      "dim_b_leaf_1": 18,
      "dim_x2": 8,
      "dim_b_leaf_2": 18,
      "dim_x3": 8,
      "dim_b_leaf_3": 18,
      "dim_b_lvl0_0": 18,
      "dim_b_lvl0_1": 18
    },
    {
      "step": 1,
      "train_loss": 0.10513430516411083,
      "train_quality": 0.9989412367569585,
      "val_loss": 0.2518458187450665,
      "val_quality": 0.9977132145291235,
      "test_quality": 0.9966025119960075,
      "patience_counter": 0,
      "elbo_raw": -7602.57972006998,
      "elbo_relative": 197173.58917752423,
      "e_log_p_nodes": -18167.77546605629,
      "e_log_p_bonds": -2659.547584987337,
      "e_log_p_tau": -2.312856006979475,
      "h_nodes": 13608.611566251879,
      "h_bonds": 140.0,
      "h_tau": -0.5280240703962136,
      "tau_mean": 2.312856006979475,
      "bond_mean_avg": 1.0,
      "n_parameters": 12564,
      "dim_x0": 8,
      "dim_b_leaf_0": 18,
      "dim_x1": 8,
      "dim_b_leaf_1": 18,
      "dim_x2": 8,
      "dim_b_leaf_2": 18,
      "dim_x3": 8,
      "dim_b_leaf_3": 18,
      "dim_b_lvl0_0": 18,
      "dim_b_lvl0_1": 18
    },
    {
      "step": 2,
      "train_loss": 0.09741149432045464,
      "train_quality": 0.999019009927585,
      "val_loss": 0.26257614930101897,
      "val_quality": 0.9976157820439017,
      "test_quality": 0.9965914279995721,
      "patience_counter": 1,
      "elbo_raw": -6431.660145732416,
      "elbo_relative": 198344.50875186178,
      "e_log_p_nodes": -18013.23637665506,
      "e_log_p_bonds": -2659.547584987337,
      "e_log_p_tau": -4.312620929392055,
      "h_nodes": 14461.749634244126,
      "h_bonds": 140.0,
      "h_tau": 0.09503862564656629,
      "tau_mean": 4.312620929392055,
      "bond_mean_avg": 1.0,
      "n_parameters": 12564,
      "dim_x0": 8,
      "dim_b_leaf_0": 18,
      "dim_x1": 8,
      "dim_b_leaf_1": 18,
      "dim_x2": 8,
      "dim_b_leaf_2": 18,
      "dim_x3": 8,
      "dim_b_leaf_3": 18,
      "dim_b_lvl0_0": 18,
      "dim_b_lvl0_1": 18
    },
    {
      "step": 3,
      "train_loss": 0.09791564031036647,
      "train_quality": 0.9990139328859626,
      "val_loss": 0.27605490068028404,
      "val_quality": 0.997493393620011,
      "test_quality": 0.996456707198391,
      "patience_counter": 2,
      "elbo_raw": -6242.160208650197,
      "elbo_relative": 198534.008688944,
      "e_log_p_nodes": -17883.474034026072,
      "e_log_p_bonds": -2659.547584987337,
      "e_log_p_tau": -6.198183469613021,
      "h_nodes": 14426.457098826977,
      "h_bonds": 140.0,
      "h_tau": 0.4577490624335496,
      "tau_mean": 6.198183469613021,
      "bond_mean_avg": 1.0,
      "n_parameters": 12564,
      "dim_x0": 8,
      "dim_b_leaf_0": 18,
      "dim_x1": 8,
      "dim_b_leaf_1": 18,
      "dim_x2": 8,
      "dim_b_leaf_2": 18,
      "dim_x3": 8,
      "dim_b_leaf_3": 18,
      "dim_b_lvl0_0": 18,
      "dim_b_lvl0_1": 18
    },
    {
      "step": 4,
      "train_loss": 0.10216194168153914,
      "train_quality": 0.9989711701758877,
      "val_loss": 0.25831342245549616,
      "val_quality": 0.9976544880341985,
      "test_quality": 0.9966395042821804,
      "patience_counter": 3,
      "elbo_raw": -6016.61035783184,
      "elbo_relative": 198759.55853976237,
      "e_log_p_nodes": -17738.05028894463,
      "e_log_p_bonds": -2659.547584987337,
      "e_log_p_tau": -7.119103285313157,
      "h_nodes": 14470.289527682635,
      "h_bonds": 140.0,
      "h_tau": 0.5962745765025375,
      "tau_mean": 7.119103285313157,
      "bond_mean_avg": 1.0,
      "n_parameters": 12564,
      "dim_x0": 8,
      "dim_b_leaf_0": 18,
      "dim_x1": 8,
      "dim_b_leaf_1": 18,
      "dim_x2": 8,
      "dim_b_leaf_2": 18,
      "dim_x3": 8,
      "dim_b_leaf_3": 18,
      "dim_b_lvl0_0": 18,
      "dim_b_lvl0_1": 18
    },
    {
      "step": 5,
      "train_loss": 0.09957886032308555,
      "train_quality": 0.9989971832987389,
      "val_loss": 0.2625529503209308,
      "val_quality": 0.9976159926929841,
      "test_quality": 0.9966731718550977,
      "patience_counter": 4,
      "elbo_raw": -5965.213459185765,
      "elbo_relative": 198810.95543840845,
      "e_log_p_nodes": -17714.045829980536,
      "e_log_p_bonds": -2659.547584987337,
      "e_log_p_tau": -7.731228082462889,
      "h_nodes": 14476.07064230548,
      "h_bonds": 140.0,
      "h_tau": 0.6787605243107464,
      "tau_mean": 7.731228082462889,
      "bond_mean_avg": 1.0,
      "n_parameters": 12564,
      "dim_x0": 8,
      "dim_b_leaf_0": 18,
      "dim_x1": 8,
      "dim_b_leaf_1": 18,
      "dim_x2": 8,
      "dim_b_leaf_2": 18,
      "dim_x3": 8,
      "dim_b_leaf_3": 18,
      "dim_b_lvl0_0": 18,
      "dim_b_lvl0_1": 18
    },
    {
      "step": 6,
      "train_loss": 0.09962737758519859,
      "train_quality": 0.998996694701856,
      "val_loss": 0.2664138764950607,
      "val_quality": 0.9975809350933657,
      "test_quality": 0.996608761372397,
      "patience_counter": 5,
      "elbo_raw": -754.0550092245576,
      "elbo_relative": 204022.11388836964,
      "e_log_p_nodes": -12646.266642702738,
      "e_log_p_bonds": -2377.9408044026477,
      "e_log_p_tau": -7.961442994022452,
      "h_nodes": 14529.872009335884,
      "h_bonds": -59.71661370400814,
      "h_tau": 0.7081030661670411,
      "tau_mean": 7.961442994022452,
      "bond_mean_avg": 2.624765174696097,
      "n_parameters": 12564,
      "dim_x0": 8,
      "dim_b_leaf_0": 18,
      "dim_x1": 8,
      "dim_b_leaf_1": 18,
      "dim_x2": 8,
      "dim_b_leaf_2": 18,
      "dim_x3": 8,
      "dim_b_leaf_3": 18,
      "dim_b_lvl0_0": 18,
      "dim_b_lvl0_1": 18
    },
    {
      "step": 7,
      "train_loss": 0.09790029105310162,
      "train_quality": 0.9990140874618585,
      "val_loss": 0.25144591423899637,
      "val_quality": 0.9977168457024294,
      "test_quality": 0.9965609396799686,
      "patience_counter": 6,
      "elbo_raw": 8020.747314502914,
      "elbo_relative": 212796.91621209713,
      "e_log_p_nodes": -12737.585183588697,
      "e_log_p_bonds": -2806.313844803802,
      "e_log_p_tau": -6.56845140145204,
      "h_nodes": 23918.315145506673,
      "h_bonds": -103.27484325970839,
      "h_tau": 0.5157708992555854,
      "tau_mean": 6.56845140145204,
      "bond_mean_avg": 3.1169952042307694,
      "n_parameters": 12564,
      "dim_x0": 8,