{
  "experiment_name": "kfold_energy_efficiency",
  "run_name": "energy_efficiency-BTT-L4-d18-seed42-fold2",
  "config": {
    "params": {
      "model": "BTT",
      "L": 4,
      "bond_dim": 18,
      "init_strength": 0.01,
      "bond_prior_alpha": 1.0,
      "added_bias": false,
      "n_epochs": 100,
      "batch_size": 256,
      "patience": 100,
      "min_delta": 0.0001,
      "warmup_epochs": 5,
      "trim_every": 3,
      "trimming_threshold": 0.3,
      "trim_method": "relevance",
      "soft_trim_relaxation": 2
    },
    "fold": 2,
    "seed": 42
  },
  "hparams": {
    "seed": 42,
    "fold": 2,
    "dataset": "energy_efficiency",
    "n_features": 8,
    "n_train": 522,
    "n_val": 92,
    "n_test": 154,
    "L": 4,
    "bond_dim": 18,
    "model": "BTT",
    "init_strength": 0.01,
    "bond_prior_alpha": 1.0,
    "added_bias": false,
    "n_epochs": 100,
    "batch_size": 256,
    "patience": 100,
    "min_delta": 0.0001,
    "warmup_epochs": 5,
    "trim_every": 3,
    "trimming_threshold": 0.3,
    "trim_method": "relevance",
    "soft_trim_relaxation": 2
  },
  "metrics_log": [
    {
      "step": 0,
      "train_loss": 1244.8982134627026,
      "train_quality": -11.245679817945144,
      "val_loss": 947.3950671302428,
      "val_quality": -9.35688884278397,
      "patience_counter": 0,
      "elbo_raw": -352125.3471857807,
      "elbo_relative": 0.0,
      "e_log_p_nodes": -11962.623181658504,
      "e_log_p_bonds": -2659.547584987337,
      "e_log_p_tau": -1.0,
      "h_nodes": -12042.574143844482,
      "h_bonds": 140.0,
      "h_tau": 1.0,
      "tau_mean": 1.0,
      "bond_mean_avg": 1.0,
      "n_parameters": 12564,
      "dim_x0": 8,
      "dim_b_leaf_0": 18,
      "dim_x1": 8,
      "dim_b_leaf_1": 18,
      "dim_x2": 8,
      "dim_b_leaf_2": 18,
      "dim_x3": 8,
      "dim_b_leaf_3": 18,
      "dim_b_lvl0_0": 18,
      "dim_b_lvl0_1": 18
    },
    {
      "step": 1,
      "train_loss": 0.18459673725840706,
      "train_quality": 0.9981841788224467,
      "val_loss": 0.35402344532226576,
      "val_quality": 0.9961298284125032,
      "test_quality": 0.9957570426525847,
      "patience_counter": 0,
      "elbo_raw": -8226.37262102457,
      "elbo_relative": 343898.97456475615,
      "e_log_p_nodes": -18662.615259035523,
      "e_log_p_bonds": -2659.547584987337,
      "e_log_p_tau": -1.631579525842231,
      "h_nodes": 13571.079330385213,
      "h_bonds": 140.0,
      "h_tau": -0.876958618048775,
      "tau_mean": 1.631579525842231,
      "bond_mean_avg": 1.0,
      "n_parameters": 12564,
      "dim_x0": 8,
      "dim_b_leaf_0": 18,
      "dim_x1": 8,
      "dim_b_leaf_1": 18,
      "dim_x2": 8,
      "dim_b_leaf_2": 18,
      "dim_x3": 8,
      "dim_b_leaf_3": 18,
      "dim_b_lvl0_0": 18,
      "dim_b_lvl0_1": 18
    },
    {
      "step": 2,
      "train_loss": 0.11269067901920661,
      "train_quality": 0.9988914965425988,
      "val_loss": 0.23266597248139373,
      "val_quality": 0.9974565039463555,
      "test_quality": 0.9970442164775958,
      "patience_counter": 0,
      "elbo_raw": -6919.970648045764,
      "elbo_relative": 345205.37653773493,
      "e_log_p_nodes": -18444.032911506405,
      "e_log_p_bonds": -2659.547584987337,
      "e_log_p_tau": -2.7867845644958624,
      "h_nodes": 14518.639914492347,
      "h_bonds": 140.0,
      "h_tau": -0.34161875254881124,
      "tau_mean": 2.7867845644958624,
      "bond_mean_avg": 1.0,
      "n_parameters": 12564,
      "dim_x0": 8,
      "dim_b_leaf_0": 18,
      "dim_x1": 8,
      "dim_b_leaf_1": 18,
      "dim_x2": 8,
      "dim_b_leaf_2": 18,
      "dim_x3": 8,
      "dim_b_leaf_3": 18,
      "dim_b_lvl0_0": 18,
      "dim_b_lvl0_1": 18
    },
    {
      "step": 3,
      "train_loss": 0.10752182162686635,
      "train_quality": 0.9989423409987693,
      "val_loss": 0.2394669742745357,
      "val_quality": 0.9973821556390495,
      "test_quality": 0.9968652078999033,
      "patience_counter": 1,
      "elbo_raw": -6749.917388866708,
      "elbo_relative": 345375.429796914,
      "e_log_p_nodes": -18438.515481346574,
      "e_log_p_bonds": -2659.547584987337,
      "e_log_p_tau": -4.104548386024549,
      "h_nodes": 14581.727379009113,
      "h_bonds": 140.0,
      "h_tau": 0.045588523351625554,
      "tau_mean": 4.104548386024549,
      "bond_mean_avg": 1.0,
      "n_parameters": 12564,
      "dim_x0": 8,
      "dim_b_leaf_0": 18,
      "dim_x1": 8,
      "dim_b_leaf_1": 18,
      "dim_x2": 8,
      "dim_b_leaf_2": 18,
      "dim_x3": 8,
      "dim_b_leaf_3": 18,
      "dim_b_lvl0_0": 18,
      "dim_b_lvl0_1": 18
    },
    {
      "step": 4,
      "train_loss": 0.10654914926325254,
      "train_quality": 0.9989519088768527,
      "val_loss": 0.22327988202737956,
      "val_quality": 0.9975591123500439,
      "test_quality": 0.997172835307681,
      "patience_counter": 0,
      "elbo_raw": -6091.751633229134,
      "elbo_relative": 346033.59555255156,
      "e_log_p_nodes": -17943.154600096008,
      "e_log_p_bonds": -2659.547584987337,
      "e_log_p_tau": -5.278456228013613,
      "h_nodes": 14678.62934825598,
      "h_bonds": 140.0,
      "h_tau": 0.2971264759926271,
      "tau_mean": 5.278456228013613,
      "bond_mean_avg": 1.0,
      "n_parameters": 12564,
      "dim_x0": 8,
      "dim_b_leaf_0": 18,
      "dim_x1": 8,
      "dim_b_leaf_1": 18,
      "dim_x2": 8,
      "dim_b_leaf_2": 18,
      "dim_x3": 8,
      "dim_b_leaf_3": 18,
      "dim_b_lvl0_0": 18,
      "dim_b_lvl0_1": 18
    },
    {
      "step": 5,
      "train_loss": 0.11151073144567236,
      "train_quality": 0.9989031033230016,
      "val_loss": 0.2091345244625026,
      "val_quality": 0.9977137488908322,
      "test_quality": 0.9973012028855134,
      "patience_counter": 0,
      "elbo_raw": -5881.870867703832,
      "elbo_relative": 346243.4763180769,
      "e_log_p_nodes": -17857.244568439703,
      "e_log_p_bonds": -2659.547584987337,
      "e_log_p_tau": -6.177325789546547,
      "h_nodes": 14761.40010573183,
      "h_bonds": 140.0,
      "h_tau": 0.45437825976523527,
      "tau_mean": 6.177325789546547,
      "bond_mean_avg": 1.0,
      "n_parameters": 12564,
      "dim_x0": 8,
      "dim_b_leaf_0": 18,
      "dim_x1": 8,
      "dim_b_leaf_1": 18,
      "dim_x2": 8,
      "dim_b_leaf_2": 18,
      "dim_x3": 8,
      "dim_b_leaf_3": 18,
      "dim_b_lvl0_0": 18,
      "dim_b_lvl0_1": 18
    },
    {
      "step": 6,
      "train_loss": 0.11098447489582508,
      "train_quality": 0.9989082799463928,
      "val_loss": 0.21084404803693185,
      "val_quality": 0.9976950604405238,
      "test_quality": 0.9972095338506755,
      "patience_counter": 1,
      "elbo_raw": -605.1814754915722,
      "elbo_relative": 351520.16571028915,
      "e_log_p_nodes": -12642.317083536062,
      "e_log_p_bonds": -2429.6864496057424,
      "e_log_p_tau": -6.906752621207683,
      "h_nodes": 14768.939344108267,
      "h_bonds": -64.8813366690494,
      "h_tau": 0.5659923758853438,
      "tau_mean": 6.906752621207683,
      "bond_mean_avg": 2.6916860500759823,
      "n_parameters": 12564,
      "dim_x0": 8,
      "dim_b_leaf_0": 18,
      "dim_x1": 8,
      "dim_b_leaf_1": 18,
      "dim_x2": 8,
      "dim_b_leaf_2": 18,
      "dim_x3": 8,
      "dim_b_leaf_3": 18,
      "dim_b_lvl0_0": 18,
      "dim_b_lvl0_1": 18
    },
    {
      "step": 7,
      "train_loss": 0.10138051822174794,
      "train_quality": 0.9990027511064798,
      "val_loss": 0.23443288883763966,
      "val_quality": 0.9974371880802179,
      "test_quality": 0.9970940581824661,
      "patience_counter": 2,
      "elbo_raw": 8236.565477419786,
      "elbo_relative": 360361.91266320046,
      "e_log_p_nodes": -12737.905472636043,
      "e_log_p_bonds": -2838.8381274108774,
      "e_log_p_tau": -6.1290007836628275,
      "h_nodes": 24188.725272427142,
      "h_bonds": -106.87962498626388,
      "h_tau": 0.44652453444905404,
      "tau_mean": 6.1290007836628275,
      "bond_mean_avg": 3.1188576253819997,
      "n_parameters": 12564,