{
  "experiment_name": "kfold_energy_efficiency",
  "run_name": "energy_efficiency-BTT-L4-d18-seed9536-fold4",
  "config": {
    "params": {
      "model": "BTT",
      "L": 4,
      "bond_dim": 18,
      "init_strength": 0.01,
      "bond_prior_alpha": 1.0,
      "added_bias": false,
      "n_epochs": 100,
      "batch_size": 256,
      "patience": 100,
      "min_delta": 0.0001,
      "warmup_epochs": 5,
      "trim_every": 3,
      "trimming_threshold": 0.3,
      "trim_method": "relevance",
      "soft_trim_relaxation": 2
    },
    "fold": 4,
    "seed": 9536
  },
  "hparams": {
    "seed": 9536,
    "fold": 4,
    "dataset": "energy_efficiency",
    "n_features": 8,
    "n_train": 523,
    "n_val": 92,
    "n_test": 153,
    "L": 4,
    "bond_dim": 18,
    "model": "BTT",
    "init_strength": 0.01,
    "bond_prior_alpha": 1.0,
    "added_bias": false,
    "n_epochs": 100,
    "batch_size": 256,
    "patience": 100,
    "min_delta": 0.0001,
    "warmup_epochs": 5,
    "trim_every": 3,
    "trimming_threshold": 0.3,
    "trim_method": "relevance",
    "soft_trim_relaxation": 2
  },
  "metrics_log": [
    {
      "step": 0,
      "train_loss": 687.7680352315579,
      "train_quality": -5.742805134722934,
      "val_loss": 586.7712837753422,
      "val_quality": -4.706939188185117,
      "patience_counter": 0,
      "elbo_raw": -207057.65879744003,
      "elbo_relative": 0.0,
      "e_log_p_nodes": -11962.623181658504,
      "e_log_p_bonds": -2659.547584987337,
      "e_log_p_tau": -1.0,
      "h_nodes": -12042.574143844482,
      "h_bonds": 140.0,
      "h_tau": 1.0,
      "tau_mean": 1.0,
      "bond_mean_avg": 1.0,
      "n_parameters": 12564,
      "dim_x0": 8,
      "dim_b_leaf_0": 18,
      "dim_x1": 8,
      "dim_b_leaf_1": 18,
      "dim_x2": 8,
      "dim_b_leaf_2": 18,
      "dim_x3": 8,
      "dim_b_leaf_3": 18,
      "dim_b_lvl0_0": 18,
      "dim_b_lvl0_1": 18
    },
    {
      "step": 1,
      "train_loss": 0.11874458942262907,
      "train_quality": 0.9988358405941185,
      "val_loss": 0.18474445819404112,
      "val_quality": 0.9982031748699698,
      "test_quality": 0.9976343571650395,
      "patience_counter": 0,
      "elbo_raw": -8802.010179405817,
      "elbo_relative": 198255.6486180342,
      "e_log_p_nodes": -19316.671213062236,
      "e_log_p_bonds": -2659.547584987337,
      "e_log_p_tau": -3.8709294300092822,
      "h_nodes": 13423.8870967931,
      "h_bonds": 140.0,
      "h_tau": -0.013963418065941369,
      "tau_mean": 3.8709294300092822,
      "bond_mean_avg": 1.0,
      "n_parameters": 12564,
      "dim_x0": 8,
      "dim_b_leaf_0": 18,
      "dim_x1": 8,
      "dim_b_leaf_1": 18,
      "dim_x2": 8,
      "dim_b_leaf_2": 18,
      "dim_x3": 8,
      "dim_b_leaf_3": 18,
      "dim_b_lvl0_0": 18,
      "dim_b_lvl0_1": 18
    },
    {
      "step": 2,
      "train_loss": 0.11694842409521991,
      "train_quality": 0.9988534500091714,
      "val_loss": 0.18973751715379558,
      "val_quality": 0.9981546123642129,
      "test_quality": 0.9975344328401071,
      "patience_counter": 1,
      "elbo_raw": -7947.382266478409,
      "elbo_relative": 199110.27653096162,
      "e_log_p_nodes": -19285.562367923034,
      "e_log_p_bonds": -2659.547584987337,
      "e_log_p_tau": -6.1383414483159635,
      "h_nodes": 14126.377965967189,
      "h_bonds": 140.0,
      "h_tau": 0.44709652417895995,
      "tau_mean": 6.1383414483159635,
      "bond_mean_avg": 1.0,
      "n_parameters": 12564,
      "dim_x0": 8,
      "dim_b_leaf_0": 18,
      "dim_x1": 8,
      "dim_b_leaf_1": 18,
      "dim_x2": 8,
      "dim_b_leaf_2": 18,
      "dim_x3": 8,
      "dim_b_leaf_3": 18,
      "dim_b_lvl0_0": 18,
      "dim_b_lvl0_1": 18
    },
    {
      "step": 3,
      "train_loss": 0.11701714951438921,
      "train_quality": 0.9988527762324246,
      "val_loss": 0.18740827065958854,
      "val_quality": 0.9981772666222931,
      "test_quality": 0.9975371104220793,
      "patience_counter": 2,
      "elbo_raw": -7233.932149835055,
      "elbo_relative": 199823.72664760498,
      "e_log_p_nodes": -18714.61845467624,
      "e_log_p_bonds": -2659.547584987337,
      "e_log_p_tau": -6.642311352686445,
      "h_nodes": 14248.171535921447,
      "h_bonds": 140.0,
      "h_tau": 0.5260019391350852,
      "tau_mean": 6.642311352686445,
      "bond_mean_avg": 1.0,
      "n_parameters": 12564,
      "dim_x0": 8,
      "dim_b_leaf_0": 18,
      "dim_x1": 8,
      "dim_b_leaf_1": 18,
      "dim_x2": 8,
      "dim_b_leaf_2": 18,
      "dim_x3": 8,
      "dim_b_leaf_3": 18,
      "dim_b_lvl0_0": 18,
      "dim_b_lvl0_1": 18
    },
    {
      "step": 4,
      "train_loss": 0.12047521257392943,
      "train_quality": 0.9988188737476338,
      "val_loss": 0.19409420940911087,
      "val_quality": 0.9981122391628477,
      "test_quality": 0.9973603937000072,
      "patience_counter": 3,
      "elbo_raw": -6684.205491289704,
      "elbo_relative": 200373.45330615033,
      "e_log_p_nodes": -18311.662204281824,
      "e_log_p_bonds": -2659.547584987337,
      "e_log_p_tau": -6.536767922674937,
      "h_nodes": 14399.146376756044,
      "h_bonds": 140.0,
      "h_tau": 0.5099847828191741,
      "tau_mean": 6.536767922674937,
      "bond_mean_avg": 1.0,
      "n_parameters": 12564,
      "dim_x0": 8,
      "dim_b_leaf_0": 18,
      "dim_x1": 8,
      "dim_b_leaf_1": 18,
      "dim_x2": 8,
      "dim_b_leaf_2": 18,
      "dim_x3": 8,
      "dim_b_leaf_3": 18,
      "dim_b_lvl0_0": 18,
      "dim_b_lvl0_1": 18
    },
    {
      "step": 5,
      "train_loss": 0.11873490710244847,
      "train_quality": 0.9988359355185623,
      "val_loss": 0.18256325254384906,
      "val_quality": 0.9982243892823768,
      "test_quality": 0.9975225396548529,
      "patience_counter": 4,
      "elbo_raw": -6444.252038740791,
      "elbo_relative": 200613.40675869925,
      "e_log_p_nodes": -18123.35229948512,
      "e_log_p_bonds": -2659.547584987337,
      "e_log_p_tau": -6.638469409100019,
      "h_nodes": 14446.737315513737,
      "h_bonds": 140.0,
      "h_tau": 0.525423367172607,
      "tau_mean": 6.638469409100019,
      "bond_mean_avg": 1.0,
      "n_parameters": 12564,
      "dim_x0": 8,
      "dim_b_leaf_0": 18,
      "dim_x1": 8,
      "dim_b_leaf_1": 18,
      "dim_x2": 8,
      "dim_b_leaf_2": 18,
      "dim_x3": 8,
      "dim_b_leaf_3": 18,
      "dim_b_lvl0_0": 18,
      "dim_b_lvl0_1": 18
    },
    {
      "step": 6,
      "train_loss": 0.11956228349007975,
      "train_quality": 0.9988278240078944,
      "val_loss": 0.18657074532947682,
      "val_quality": 0.9981854123960548,
      "test_quality": 0.9974669627812419,
      "patience_counter": 5,
      "elbo_raw": -816.7561738671884,
      "elbo_relative": 206240.90262357285,
      "e_log_p_nodes": -12638.236286951535,
      "e_log_p_bonds": -2415.7826512327215,
      "e_log_p_tau": -6.700228230088801,
      "h_nodes": 14546.515130377837,
      "h_bonds": -63.59369574910553,
      "h_tau": 0.534683530942857,
      "tau_mean": 6.700228230088801,
      "bond_mean_avg": 2.6632942752286266,
      "n_parameters": 12564,
      "dim_x0": 8,
      "dim_b_leaf_0": 18,
      "dim_x1": 8,
      "dim_b_leaf_1": 18,
      "dim_x2": 8,
      "dim_b_leaf_2": 18,
      "dim_x3": 8,
      "dim_b_leaf_3": 18,
      "dim_b_lvl0_0": 18,
      "dim_b_lvl0_1": 18
    },
    {
      "step": 7,
      "train_loss": 0.11765739811258369,
      "train_quality": 0.9988464993028288,
      "val_loss": 0.18661304154218203,
      "val_quality": 0.9981850010229688,
      "test_quality": 0.9975960860290886,
      "patience_counter": 6,
      "elbo_raw": 7955.534822091204,
      "elbo_relative": 215013.19361953123,
      "e_log_p_nodes": -12732.64831408501,
      "e_log_p_bonds": -2836.9886230733737,
      "e_log_p_tau": -5.492576764078395,
      "h_nodes": 23928.599292079503,
      "h_bonds": -105.59856081240073,
      "h_tau": 0.3359394422761852,
      "tau_mean": 5.492576764078395,
      "bond_mean_avg": 3.241369255380028,
      "n_parameters": 12564,