{
  "experiment_name": "kfold_energy_efficiency",
  "run_name": "energy_efficiency-BTT-L4-d18-seed47659-fold3",
  "config": {
    "params": {
      "model": "BTT",
      "L": 4,
      "bond_dim": 18,
      "init_strength": 0.01,
      "bond_prior_alpha": 1.0,
      "added_bias": false,
      "n_epochs": 100,
      "batch_size": 256,
      "patience": 100,
      "min_delta": 0.0001,
      "warmup_epochs": 5,
      "trim_every": 3,
      "trimming_threshold": 0.3,
      "trim_method": "relevance",
      "soft_trim_relaxation": 2
    },
    "fold": 3,
    "seed": 47659
  },
  "hparams": {
    "seed": 47659,
    "fold": 3,
    "dataset": "energy_efficiency",
    "n_features": 8,
    "n_train": 523,
    "n_val": 92,
    "n_test": 153,
    "L": 4,
    "bond_dim": 18,
    "model": "BTT",
    "init_strength": 0.01,
    "bond_prior_alpha": 1.0,
    "added_bias": false,
    "n_epochs": 100,
    "batch_size": 256,
    "patience": 100,
    "min_delta": 0.0001,
    "warmup_epochs": 5,
    "trim_every": 3,
    "trimming_threshold": 0.3,
    "trim_method": "relevance",
    "soft_trim_relaxation": 2
  },
  "metrics_log": [
    {
      "step": 0,
      "train_loss": 978.065845242525,
      "train_quality": -8.381687922186126,
      "val_loss": 913.3179546909055,
      "val_quality": -8.94338155273178,
      "patience_counter": 0,
      "elbo_raw": -282975.2382757365,
      "elbo_relative": 0.0,
      "e_log_p_nodes": -11962.623181658506,
      "e_log_p_bonds": -2659.547584987337,
      "e_log_p_tau": -1.0,
      "h_nodes": -12042.574143844482,
      "h_bonds": 140.0,
      "h_tau": 1.0,
      "tau_mean": 1.0,
      "bond_mean_avg": 1.0,
      "n_parameters": 12564,
      "dim_x0": 8,
      "dim_b_leaf_0": 18,
      "dim_x1": 8,
      "dim_b_leaf_1": 18,
      "dim_x2": 8,
      "dim_b_leaf_2": 18,
      "dim_x3": 8,
      "dim_b_leaf_3": 18,
      "dim_b_lvl0_0": 18,
      "dim_b_lvl0_1": 18
    },
    {
      "step": 1,
      "train_loss": 0.11220583126929609,
      "train_quality": 0.9989237124503034,
      "val_loss": 0.3283251421702387,
      "val_quality": 0.996425492190112,
      "test_quality": 0.9977023655931561,
      "patience_counter": 0,
      "elbo_raw": -7987.716122478321,
      "elbo_relative": 274987.5221532582,
      "e_log_p_nodes": -18483.592754265064,
      "e_log_p_bonds": -2659.547584987337,
      "e_log_p_tau": -3.4196685708071612,
      "h_nodes": 13437.639823417403,
      "h_bonds": 140.0,
      "h_tau": -0.13791442180854574,
      "tau_mean": 3.4196685708071612,
      "bond_mean_avg": 1.0,
      "n_parameters": 12564,
      "dim_x0": 8,
      "dim_b_leaf_0": 18,
      "dim_x1": 8,
      "dim_b_leaf_1": 18,
      "dim_x2": 8,
      "dim_b_leaf_2": 18,
      "dim_x3": 8,
      "dim_b_leaf_3": 18,
      "dim_b_lvl0_0": 18,
      "dim_b_lvl0_1": 18
    },
    {
      "step": 2,
      "train_loss": 0.10840334416540594,
      "train_quality": 0.9989601862189258,
      "val_loss": 0.31798288290554166,
      "val_quality": 0.9965380893743214,
      "test_quality": 0.9975812984569452,
      "patience_counter": 0,
      "elbo_raw": -7023.484749601543,
      "elbo_relative": 275951.753526135,
      "e_log_p_nodes": -18395.67428420304,
      "e_log_p_bonds": -2659.547584987337,
      "e_log_p_tau": -6.113827763098449,
      "h_nodes": 14161.437756856309,
      "h_bonds": 140.0,
      "h_tau": 0.443094993102477,
      "tau_mean": 6.113827763098449,
      "bond_mean_avg": 1.0,
      "n_parameters": 12564,
      "dim_x0": 8,
      "dim_b_leaf_0": 18,
      "dim_x1": 8,
      "dim_b_leaf_1": 18,
      "dim_x2": 8,
      "dim_b_leaf_2": 18,
      "dim_x3": 8,
      "dim_b_leaf_3": 18,
      "dim_b_lvl0_0": 18,
      "dim_b_lvl0_1": 18
    },
    {
      "step": 3,
      "train_loss": 0.1091199883813137,
      "train_quality": 0.9989533121087444,
      "val_loss": 0.3300554217100055,
      "val_quality": 0.99640665446819,
      "test_quality": 0.9975035953868236,
      "patience_counter": 1,
      "elbo_raw": -6942.403250950196,
      "elbo_relative": 276032.8350247863,
      "e_log_p_nodes": -18315.192643500548,
      "e_log_p_bonds": -2659.547584987337,
      "e_log_p_tau": -7.117755210255138,
      "h_nodes": 14122.127335714984,
      "h_bonds": 140.0,
      "h_tau": 0.5951343371880284,
      "tau_mean": 7.117755210255138,
      "bond_mean_avg": 1.0,
      "n_parameters": 12564,
      "dim_x0": 8,
      "dim_b_leaf_0": 18,
      "dim_x1": 8,
      "dim_b_leaf_1": 18,
      "dim_x2": 8,
      "dim_b_leaf_2": 18,
      "dim_x3": 8,
      "dim_b_leaf_3": 18,
      "dim_b_lvl0_0": 18,
      "dim_b_lvl0_1": 18
    },
    {
      "step": 4,
      "train_loss": 0.1097228719610991,
      "train_quality": 0.9989475291999285,
      "val_loss": 0.3365435596870461,
      "val_quality": 0.9963360174779271,
      "test_quality": 0.9974616762625477,
      "patience_counter": 2,
      "elbo_raw": -6709.20103350178,
      "elbo_relative": 276266.03724223474,
      "e_log_p_nodes": -18140.38643737527,
      "e_log_p_bonds": -2659.547584987337,
      "e_log_p_tau": -7.324942561835217,
      "h_nodes": 14172.991480292763,
      "h_bonds": 140.0,
      "h_tau": 0.6238272544183019,
      "tau_mean": 7.324942561835217,
      "bond_mean_avg": 1.0,
      "n_parameters": 12564,
      "dim_x0": 8,
      "dim_b_leaf_0": 18,
      "dim_x1": 8,
      "dim_b_leaf_1": 18,
      "dim_x2": 8,
      "dim_b_leaf_2": 18,
      "dim_x3": 8,
      "dim_b_leaf_3": 18,
      "dim_b_lvl0_0": 18,
      "dim_b_lvl0_1": 18
    },
    {
      "step": 5,
      "train_loss": 0.1097533828169093,
      "train_quality": 0.9989472365372936,
      "val_loss": 0.3301415210385217,
      "val_quality": 0.9964057170964122,
      "test_quality": 0.9974362129943868,
      "patience_counter": 3,
      "elbo_raw": -6462.044741555839,
      "elbo_relative": 276513.1935341807,
      "e_log_p_nodes": -17985.13599403158,
      "e_log_p_bonds": -2659.547584987337,
      "e_log_p_tau": -7.3297990343081425,
      "h_nodes": 14264.723265230947,
      "h_bonds": 140.0,
      "h_tau": 0.6244900395815876,
      "tau_mean": 7.3297990343081425,
      "bond_mean_avg": 1.0,
      "n_parameters": 12564,
      "dim_x0": 8,
      "dim_b_leaf_0": 18,
      "dim_x1": 8,
      "dim_b_leaf_1": 18,
      "dim_x2": 8,
      "dim_b_leaf_2": 18,
      "dim_x3": 8,
      "dim_b_leaf_3": 18,
      "dim_b_lvl0_0": 18,
      "dim_b_lvl0_1": 18
    },
    {
      "step": 6,
      "train_loss": 0.10940773630018304,
      "train_quality": 0.9989505520070721,
      "val_loss": 0.33110600911186633,
      "val_quality": 0.9963952166207924,
      "test_quality": 0.9974543210253893,
      "patience_counter": 4,
      "elbo_raw": -1025.9548719043396,
      "elbo_relative": 281949.2834038322,
      "e_log_p_nodes": -12655.447715591114,
      "e_log_p_bonds": -2431.4122305994792,
      "e_log_p_tau": -7.321877277569325,
      "h_nodes": 14350.635397016022,
      "h_bonds": -67.36197670296941,
      "h_tau": 0.6234086947113155,
      "tau_mean": 7.321877277569325,
      "bond_mean_avg": 2.4317486713399488,
      "n_parameters": 12564,
      "dim_x0": 8,
      "dim_b_leaf_0": 18,
      "dim_x1": 8,
      "dim_b_leaf_1": 18,
      "dim_x2": 8,
      "dim_b_leaf_2": 18,
      "dim_x3": 8,
      "dim_b_leaf_3": 18,
      "dim_b_lvl0_0": 18,
      "dim_b_lvl0_1": 18
    },
    {
      "step": 7,
      "train_loss": 0.1088739722609825,
      "train_quality": 0.9989556719155774,
      "val_loss": 0.3137273727053199,
      "val_quality": 0.9965844195284644,
      "test_quality": 0.9975714697358901,
      "patience_counter": 5,
      "elbo_raw": 7729.011781399791,
      "elbo_relative": 290704.2500571363,
      "e_log_p_nodes": -12741.172096726043,
      "e_log_p_bonds": -2848.399935234735,
      "e_log_p_tau": -5.998620358980582,
      "h_nodes": 23701.645670757378,
      "h_bonds": -108.36749565205173,
      "h_tau": 0.4240714435516111,
      "tau_mean": 5.998620358980582,
      "bond_mean_avg": 3.0683507600614974,
      "n_parameters": 12564,
      "dim_x0": 8,