{
  "experiment_name": "kfold_energy_efficiency",
  "run_name": "energy_efficiency-BTT-L4-d18-seed19540-fold4",
  "config": {
    "params": {
      "model": "BTT",
      "L": 4,
      "bond_dim": 18,
      "init_strength": 0.01,
      "bond_prior_alpha": 1.0,
      "added_bias": false,
      "n_epochs": 100,
      "batch_size": 256,
      "patience": 100,
      "min_delta": 0.0001,
      "warmup_epochs": 5,
      "trim_every": 3,
      "trimming_threshold": 0.3,
      "trim_method": "relevance",
      "soft_trim_relaxation": 2
    },
    "fold": 4,
    "seed": 19540
  },
  "hparams": {
    "seed": 19540,
    "fold": 4,
    "dataset": "energy_efficiency",
    "n_features": 8,
    "n_train": 523,
    "n_val": 92,
    "n_test": 153,
    "L": 4,
    "bond_dim": 18,
    "model": "BTT",
    "init_strength": 0.01,
    "bond_prior_alpha": 1.0,
    "added_bias": false,
    "n_epochs": 100,
    "batch_size": 256,
    "patience": 100,
    "min_delta": 0.0001,
    "warmup_epochs": 5,
    "trim_every": 3,
    "trimming_threshold": 0.3,
    "trim_method": "relevance",
    "soft_trim_relaxation": 2
  },
  "metrics_log": [
    {
      "step": 0,
      "train_loss": 725.0444833534438,
      "train_quality": -6.092883808282642,
      "val_loss": 647.3231680862649,
      "val_quality": -5.525288251064862,
      "patience_counter": 0,
      "elbo_raw": -216808.22301469816,
      "elbo_relative": 0.0,
      "e_log_p_nodes": -11962.623181658504,
      "e_log_p_bonds": -2659.547584987337,
      "e_log_p_tau": -1.0,
      "h_nodes": -12042.574143844482,
      "h_bonds": 140.0,
      "h_tau": 1.0,
      "tau_mean": 1.0,
      "bond_mean_avg": 1.0,
      "n_parameters": 12564,
      "dim_x0": 8,
      "dim_b_leaf_0": 18,
      "dim_x1": 8,
      "dim_b_leaf_1": 18,
      "dim_x2": 8,
      "dim_b_leaf_2": 18,
      "dim_x3": 8,
      "dim_b_leaf_3": 18,
      "dim_b_lvl0_0": 18,
      "dim_b_lvl0_1": 18
    },
    {
      "step": 1,
      "train_loss": 0.12691993549388578,
      "train_quality": 0.9987583818978263,
      "val_loss": 0.20482238539079511,
      "val_quality": 0.9979353046965754,
      "test_quality": 0.9979879577225338,
      "patience_counter": 0,
      "elbo_raw": -7635.621993463366,
      "elbo_relative": 209172.6010212348,
      "e_log_p_nodes": -18295.18727245014,
      "e_log_p_bonds": -2659.547584987337,
      "e_log_p_tau": -2.1977000627017533,
      "h_nodes": 13717.388248130881,
      "h_bonds": 140.0,
      "h_tau": -0.5800466715857056,
      "tau_mean": 2.1977000627017533,
      "bond_mean_avg": 1.0,
      "n_parameters": 12564,
      "dim_x0": 8,
      "dim_b_leaf_0": 18,
      "dim_x1": 8,
      "dim_b_leaf_1": 18,
      "dim_x2": 8,
      "dim_b_leaf_2": 18,
      "dim_x3": 8,
      "dim_b_leaf_3": 18,
      "dim_b_lvl0_0": 18,
      "dim_b_lvl0_1": 18
    },
    {
      "step": 2,
      "train_loss": 0.12708214272406065,
      "train_quality": 0.9987567950751376,
      "val_loss": 0.18619984488327215,
      "val_quality": 0.9981230276930162,
      "test_quality": 0.9979240144250098,
      "patience_counter": 0,
      "elbo_raw": -6568.244529721935,
      "elbo_relative": 210239.97848497622,
      "e_log_p_nodes": -18285.466279876386,
      "e_log_p_bonds": -2659.547584987337,
      "e_log_p_tau": -3.772903366633632,
      "h_nodes": 14633.180952116962,
      "h_bonds": 140.0,
      "h_tau": -0.03961323022417673,
      "tau_mean": 3.772903366633632,
      "bond_mean_avg": 1.0,
      "n_parameters": 12564,
      "dim_x0": 8,
      "dim_b_leaf_0": 18,
      "dim_x1": 8,
      "dim_b_leaf_1": 18,
      "dim_x2": 8,
      "dim_b_leaf_2": 18,
      "dim_x3": 8,
      "dim_b_leaf_3": 18,
      "dim_b_lvl0_0": 18,
      "dim_b_lvl0_1": 18
    },
    {
      "step": 3,
      "train_loss": 0.1296232166166009,
      "train_quality": 0.9987319365426173,
      "val_loss": 0.18722708023234094,
      "val_quality": 0.9981126727310979,
      "test_quality": 0.9979647726388168,
      "patience_counter": 1,
      "elbo_raw": -6238.58156476992,
      "elbo_relative": 210569.64144992823,
      "e_log_p_nodes": -18072.48590366096,
      "e_log_p_bonds": -2659.547584987337,
      "e_log_p_tau": -5.024865588612299,
      "h_nodes": 14674.643149086718,
      "h_bonds": 140.0,
      "h_tau": 0.24694064598611476,
      "tau_mean": 5.024865588612299,
      "bond_mean_avg": 1.0,
      "n_parameters": 12564,
      "dim_x0": 8,
      "dim_b_leaf_0": 18,
      "dim_x1": 8,
      "dim_b_leaf_1": 18,
      "dim_x2": 8,
      "dim_b_leaf_2": 18,
      "dim_x3": 8,
      "dim_b_leaf_3": 18,
      "dim_b_lvl0_0": 18,
      "dim_b_lvl0_1": 18
    },
    {
      "step": 4,
      "train_loss": 0.1423342981471177,
      "train_quality": 0.9986075880006402,
      "val_loss": 0.1874816804527033,
      "val_quality": 0.9981101062544004,
      "test_quality": 0.9978833098624126,
      "patience_counter": 2,
      "elbo_raw": -5817.412867424951,
      "elbo_relative": 210990.8101472732,
      "e_log_p_nodes": -17850.427452178636,
      "e_log_p_bonds": -2659.547584987337,
      "e_log_p_tau": -5.31247820663591,
      "h_nodes": 14859.142712029094,
      "h_bonds": 140.0,
      "h_tau": 0.3026003728955402,
      "tau_mean": 5.31247820663591,
      "bond_mean_avg": 1.0,
      "n_parameters": 12564,
      "dim_x0": 8,
      "dim_b_leaf_0": 18,
      "dim_x1": 8,
      "dim_b_leaf_1": 18,
      "dim_x2": 8,
      "dim_b_leaf_2": 18,
      "dim_x3": 8,
      "dim_b_leaf_3": 18,
      "dim_b_lvl0_0": 18,
      "dim_b_lvl0_1": 18
    },
    {
      "step": 5,
      "train_loss": 0.14112964886955165,
      "train_quality": 0.9986193727084087,
      "val_loss": 0.1782609726916943,
      "val_quality": 0.9982030548448199,
      "test_quality": 0.9978881288191728,
      "patience_counter": 3,
      "elbo_raw": -5685.336218519982,
      "elbo_relative": 211122.88679617818,
      "e_log_p_nodes": -17733.440899424815,
      "e_log_p_bonds": -2659.547584987337,
      "e_log_p_tau": -5.558518091635999,
      "h_nodes": 14862.34857632951,
      "h_bonds": 140.0,
      "h_tau": 0.34787348338932134,
      "tau_mean": 5.558518091635999,
      "bond_mean_avg": 1.0,
      "n_parameters": 12564,
      "dim_x0": 8,
      "dim_b_leaf_0": 18,
      "dim_x1": 8,
      "dim_b_leaf_1": 18,
      "dim_x2": 8,
      "dim_b_leaf_2": 18,
      "dim_x3": 8,
      "dim_b_leaf_3": 18,
      "dim_b_lvl0_0": 18,
      "dim_b_lvl0_1": 18
    },
    {
      "step": 6,
      "train_loss": 0.14161426911597916,
      "train_quality": 0.9986146318198453,
      "val_loss": 0.18673169663207745,
      "val_quality": 0.9981176664049628,
      "test_quality": 0.9979056080664985,
      "patience_counter": 4,
      "elbo_raw": -517.5072155421822,
      "elbo_relative": 216290.71579915597,
      "e_log_p_nodes": -12641.919672012762,
      "e_log_p_bonds": -2414.6193483273223,
      "e_log_p_tau": -5.644272527149972,
      "h_nodes": 14893.564407595535,
      "h_bonds": -63.855142175895644,
      "h_tau": 0.36318325992965583,
      "tau_mean": 5.644272527149972,
      "bond_mean_avg": 2.620602866210922,
      "n_parameters": 12564,
      "dim_x0": 8,
      "dim_b_leaf_0": 18,
      "dim_x1": 8,
      "dim_b_leaf_1": 18,
      "dim_x2": 8,
      "dim_b_leaf_2": 18,
      "dim_x3": 8,
      "dim_b_leaf_3": 18,
      "dim_b_lvl0_0": 18,
      "dim_b_lvl0_1": 18
    },
    {
      "step": 7,
      "train_loss": 0.1327613558313588,
      "train_quality": 0.9987012371064647,
      "val_loss": 0.18611502979491604,
      "val_quality": 0.9981238826645773,
      "test_quality": 0.998027130277936,
      "patience_counter": 5,
      "elbo_raw": 8196.284959813014,
      "elbo_relative": 225004.5079745112,
      "e_log_p_nodes": -12741.169426945613,
      "e_log_p_bonds": -2823.123367440167,
      "e_log_p_tau": -4.752794464925941,
      "h_nodes": 24201.928967761138,
      "h_bonds": -105.54765125984107,
      "h_tau": 0.19127469440013556,
      "tau_mean": 4.752794464925941,
      "bond_mean_avg": 3.073978164178614,
      "n_parameters": 12564,