{
  "experiment_name": "kfold_energy_efficiency",
  "run_name": "energy_efficiency-BTT-L4-d18-seed19540-fold2",
  "config": {
    "params": {
      "model": "BTT",
      "L": 4,
      "bond_dim": 18,
      "init_strength": 0.01,
      "bond_prior_alpha": 1.0,
      "added_bias": false,
      "n_epochs": 100,
      "batch_size": 256,
      "patience": 100,
      "min_delta": 0.0001,
      "warmup_epochs": 5,
      "trim_every": 3,
      "trimming_threshold": 0.3,
      "trim_method": "relevance",
      "soft_trim_relaxation": 2
    },
    "fold": 2,
    "seed": 19540
  },
  "hparams": {
    "seed": 19540,
    "fold": 2,
    "dataset": "energy_efficiency",
    "n_features": 8,
    "n_train": 522,
    "n_val": 92,
    "n_test": 154,
    "L": 4,
    "bond_dim": 18,
    "model": "BTT",
    "init_strength": 0.01,
    "bond_prior_alpha": 1.0,
    "added_bias": false,
    "n_epochs": 100,
    "batch_size": 256,
    "patience": 100,
    "min_delta": 0.0001,
    "warmup_epochs": 5,
    "trim_every": 3,
    "trimming_threshold": 0.3,
    "trim_method": "relevance",
    "soft_trim_relaxation": 2
  },
  "metrics_log": [
    {
      "step": 0,
      "train_loss": 684.9009526383484,
      "train_quality": -5.689436275101465,
      "val_loss": 761.2144830913287,
      "val_quality": -6.650244854386516,
      "patience_counter": 0,
      "elbo_raw": -205970.78267430395,
      "elbo_relative": 0.0,
      "e_log_p_nodes": -11962.623181658504,
      "e_log_p_bonds": -2659.547584987337,
      "e_log_p_tau": -1.0,
      "h_nodes": -12042.574143844482,
      "h_bonds": 140.0,
      "h_tau": 1.0,
      "tau_mean": 1.0,
      "bond_mean_avg": 1.0,
      "n_parameters": 12564,
      "dim_x0": 8,
      "dim_b_leaf_0": 18,
      "dim_x1": 8,
      "dim_b_leaf_1": 18,
      "dim_x2": 8,
      "dim_b_leaf_2": 18,
      "dim_x3": 8,
      "dim_b_leaf_3": 18,
      "dim_b_lvl0_0": 18,
      "dim_b_lvl0_1": 18
    },
    {
      "step": 1,
      "train_loss": 0.1668691861742475,
      "train_quality": 0.998370186546112,
      "val_loss": 0.24972053584576537,
      "val_quality": 0.9974902957223957,
      "test_quality": 0.9972391181801424,
      "patience_counter": 0,
      "elbo_raw": -7467.566365069561,
      "elbo_relative": 198503.21630923438,
      "e_log_p_nodes": -18043.50491521594,
      "e_log_p_bonds": -2659.547584987337,
      "e_log_p_tau": -1.7615633157269115,
      "h_nodes": 13690.692157858552,
      "h_bonds": 140.0,
      "h_tau": -0.8003055355522974,
      "tau_mean": 1.7615633157269115,
      "bond_mean_avg": 1.0,
      "n_parameters": 12564,
      "dim_x0": 8,
      "dim_b_leaf_0": 18,
      "dim_x1": 8,
      "dim_b_leaf_1": 18,
      "dim_x2": 8,
      "dim_b_leaf_2": 18,
      "dim_x3": 8,
      "dim_b_leaf_3": 18,
      "dim_b_lvl0_0": 18,
      "dim_b_lvl0_1": 18
    },
    {
      "step": 2,
      "train_loss": 0.13941085083514054,
      "train_quality": 0.9986383724549851,
      "val_loss": 0.20771275837442163,
      "val_quality": 0.9979124760547236,
      "test_quality": 0.9978360837781658,
      "patience_counter": 0,
      "elbo_raw": -6292.832823565437,
      "elbo_relative": 199677.9498507385,
      "e_log_p_nodes": -18077.566648395237,
      "e_log_p_bonds": -2659.547584987337,
      "e_log_p_tau": -2.7198171444229957,
      "h_nodes": 14785.684340914906,
      "h_bonds": 140.0,
      "h_tau": -0.3659425461828505,
      "tau_mean": 2.7198171444229957,
      "bond_mean_avg": 1.0,
      "n_parameters": 12564,
      "dim_x0": 8,
      "dim_b_leaf_0": 18,
      "dim_x1": 8,
      "dim_b_leaf_1": 18,
      "dim_x2": 8,
      "dim_b_leaf_2": 18,
      "dim_x3": 8,
      "dim_b_leaf_3": 18,
      "dim_b_lvl0_0": 18,
      "dim_b_lvl0_1": 18
    },
    {
      "step": 3,
      "train_loss": 0.12829374052268783,
      "train_quality": 0.9987469534121467,
      "val_loss": 0.19813589915297047,
      "val_quality": 0.9980087239843249,
      "test_quality": 0.9977917412010464,
      "patience_counter": 1,
      "elbo_raw": -6100.345565727179,
      "elbo_relative": 199870.43710857676,
      "e_log_p_nodes": -18015.796009534566,
      "e_log_p_bonds": -2659.547584987337,
      "e_log_p_tau": -3.7838215364455263,
      "h_nodes": 14829.89638209784,
      "h_bonds": 140.0,
      "h_tau": -0.035772710511309924,
      "tau_mean": 3.7838215364455263,
      "bond_mean_avg": 1.0,
      "n_parameters": 12564,
      "dim_x0": 8,
      "dim_b_leaf_0": 18,
      "dim_x1": 8,
      "dim_b_leaf_1": 18,
      "dim_x2": 8,
      "dim_b_leaf_2": 18,
      "dim_x3": 8,
      "dim_b_leaf_3": 18,
      "dim_b_lvl0_0": 18,
      "dim_b_lvl0_1": 18
    },
    {
      "step": 4,
      "train_loss": 0.13721318983948386,
      "train_quality": 0.9986598370377515,
      "val_loss": 0.20752057778459757,
      "val_quality": 0.997914407479573,
      "test_quality": 0.9974799117065873,
      "patience_counter": 2,
      "elbo_raw": -5735.03309745986,
      "elbo_relative": 200235.7495768441,
      "e_log_p_nodes": -17749.041625426144,
      "e_log_p_bonds": -2659.547584987337,
      "e_log_p_tau": -4.5602995967935245,
      "h_nodes": 14879.551229169769,
      "h_bonds": 140.0,
      "h_tau": 0.15088112450325752,
      "tau_mean": 4.5602995967935245,
      "bond_mean_avg": 1.0,
      "n_parameters": 12564,
      "dim_x0": 8,
      "dim_b_leaf_0": 18,
      "dim_x1": 8,
      "dim_b_leaf_1": 18,
      "dim_x2": 8,
      "dim_b_leaf_2": 18,
      "dim_x3": 8,
      "dim_b_leaf_3": 18,
      "dim_b_lvl0_0": 18,
      "dim_b_lvl0_1": 18
    },
    {
      "step": 5,
      "train_loss": 0.13946259364601632,
      "train_quality": 0.9986378670822962,
      "val_loss": 0.2110448518859407,
      "val_quality": 0.9978789883429064,
      "test_quality": 0.9974054102175629,
      "patience_counter": 3,
      "elbo_raw": -5650.670726331096,
      "elbo_relative": 200320.11194797285,
      "e_log_p_nodes": -17690.43337902302,
      "e_log_p_bonds": -2659.547584987337,
      "e_log_p_tau": -5.209359068631041,
      "h_nodes": 14870.441389392994,
      "h_bonds": 140.0,
      "h_tau": 0.283949630825191,
      "tau_mean": 5.209359068631041,
      "bond_mean_avg": 1.0,
      "n_parameters": 12564,
      "dim_x0": 8,
      "dim_b_leaf_0": 18,
      "dim_x1": 8,
      "dim_b_leaf_1": 18,
      "dim_x2": 8,
      "dim_b_leaf_2": 18,
      "dim_x3": 8,
      "dim_b_leaf_3": 18,
      "dim_b_lvl0_0": 18,
      "dim_b_lvl0_1": 18
    },
    {
      "step": 6,
      "train_loss": 0.14072110040125882,
      "train_quality": 0.9986255752308854,
      "val_loss": 0.20231342216954773,
      "val_quality": 0.9979667396623348,
      "test_quality": 0.9975158525759017,
      "patience_counter": 4,
      "elbo_raw": -496.41414824152525,
      "elbo_relative": 205474.36852606243,
      "e_log_p_nodes": -12635.120657869285,
      "e_log_p_bonds": -2381.564838800729,
      "e_log_p_tau": -5.610580611745237,
      "h_nodes": 14871.331990288141,
      "h_bonds": -59.369166042839296,
      "h_tau": 0.35814701211825195,
      "tau_mean": 5.610580611745237,
      "bond_mean_avg": 2.714567526639754,
      "n_parameters": 12564,
      "dim_x0": 8,
      "dim_b_leaf_0": 18,
      "dim_x1": 8,
      "dim_b_leaf_1": 18,
      "dim_x2": 8,
      "dim_b_leaf_2": 18,
      "dim_x3": 8,
      "dim_b_leaf_3": 18,
      "dim_b_lvl0_0": 18,
      "dim_b_lvl0_1": 18
    },
    {
      "step": 7,
      "train_loss": 0.12673701393762826,
      "train_quality": 0.9987621579804108,
      "val_loss": 0.1967858143676207,
      "val_quality": 0.9980222924061187,
      "test_quality": 0.9977069805224523,
      "patience_counter": 0,
      "elbo_raw": 8349.98071578089,
      "elbo_relative": 214320.76339008485,
      "e_log_p_nodes": -12735.358993492233,
      "e_log_p_bonds": -2808.206696537968,
      "e_log_p_tau": -4.837516438046614,
      "h_nodes": 24326.454525887617,
      "h_bonds": -102.37445229709004,
      "h_tau": 0.2098942584800625,
      "tau_mean": 4.837516438046614,
      "bond_mean_avg": 3.248026603969398,