{
  "experiment_name": "kfold_energy_efficiency",
  "run_name": "energy_efficiency-BTT-L4-d18-seed42806-fold4",
  "config": {
    "params": {
      "model": "BTT",
      "L": 4,
      "bond_dim": 18,
      "init_strength": 0.01,
      "bond_prior_alpha": 1.0,
      "added_bias": false,
      "n_epochs": 100,
      "batch_size": 256,
      "patience": 100,
      "min_delta": 0.0001,
      "warmup_epochs": 5,
      "trim_every": 3,
      "trimming_threshold": 0.3,
      "trim_method": "relevance",
      "soft_trim_relaxation": 2
    },
    "fold": 4,
    "seed": 42806
  },
  "hparams": {
    "seed": 42806,
    "fold": 4,
    "dataset": "energy_efficiency",
    "n_features": 8,
    "n_train": 523,
    "n_val": 92,
    "n_test": 153,
    "L": 4,
    "bond_dim": 18,
    "model": "BTT",
    "init_strength": 0.01,
    "bond_prior_alpha": 1.0,
    "added_bias": false,
    "n_epochs": 100,
    "batch_size": 256,
    "patience": 100,
    "min_delta": 0.0001,
    "warmup_epochs": 5,
    "trim_every": 3,
    "trimming_threshold": 0.3,
    "trim_method": "relevance",
    "soft_trim_relaxation": 2
  },
  "metrics_log": [
    {
      "step": 0,
      "train_loss": 537.8756203127098,
      "train_quality": -4.485384243163107,
      "val_loss": 497.37107615353574,
      "val_quality": -3.7656780440539386,
      "patience_counter": 0,
      "elbo_raw": -167865.03459272673,
      "elbo_relative": 0.0,
      "e_log_p_nodes": -11962.623181658504,
      "e_log_p_bonds": -2659.547584987337,
      "e_log_p_tau": -1.0,
      "h_nodes": -12042.574143844482,
      "h_bonds": 140.0,
      "h_tau": 1.0,
      "tau_mean": 1.0,
      "bond_mean_avg": 1.0,
      "n_parameters": 12564,
      "dim_x0": 8,
      "dim_b_leaf_0": 18,
      "dim_x1": 8,
      "dim_b_leaf_1": 18,
      "dim_x2": 8,
      "dim_b_leaf_2": 18,
      "dim_x3": 8,
      "dim_b_leaf_3": 18,
      "dim_b_lvl0_0": 18,
      "dim_b_lvl0_1": 18
    },
    {
      "step": 1,
      "train_loss": 0.12894449428834323,
      "train_quality": 0.9986849932019587,
      "val_loss": 0.16304616666360752,
      "val_quality": 0.9984377347741145,
      "test_quality": 0.9980611096021876,
      "patience_counter": 0,
      "elbo_raw": -7752.702658215301,
      "elbo_relative": 160112.33193451143,
      "e_log_p_nodes": -18467.433145657986,
      "e_log_p_bonds": -2659.547584987337,
      "e_log_p_tau": -2.2923813064656597,
      "h_nodes": 13761.481201751936,
      "h_bonds": 140.0,
      "h_tau": -0.5378669099732178,
      "tau_mean": 2.2923813064656597,
      "bond_mean_avg": 1.0,
      "n_parameters": 12564,
      "dim_x0": 8,
      "dim_b_leaf_0": 18,
      "dim_x1": 8,
      "dim_b_leaf_1": 18,
      "dim_x2": 8,
      "dim_b_leaf_2": 18,
      "dim_x3": 8,
      "dim_b_leaf_3": 18,
      "dim_b_lvl0_0": 18,
      "dim_b_lvl0_1": 18
    },
    {
      "step": 2,
      "train_loss": 0.12604189633062793,
      "train_quality": 0.9987145945902727,
      "val_loss": 0.16731371451713115,
      "val_quality": 0.9983968442598032,
      "test_quality": 0.9980557298012479,
      "patience_counter": 1,
      "elbo_raw": -6484.629413218856,
      "elbo_relative": 161380.40517950788,
      "e_log_p_nodes": -18257.512776630305,
      "e_log_p_bonds": -2659.547584987337,
      "e_log_p_tau": -4.078898800580607,
      "h_nodes": 14668.372188133102,
      "h_bonds": 140.0,
      "h_tau": 0.03836899110115155,
      "tau_mean": 4.078898800580607,
      "bond_mean_avg": 1.0,
      "n_parameters": 12564,
      "dim_x0": 8,
      "dim_b_leaf_0": 18,
      "dim_x1": 8,
      "dim_b_leaf_1": 18,
      "dim_x2": 8,
      "dim_b_leaf_2": 18,
      "dim_x3": 8,
      "dim_b_leaf_3": 18,
      "dim_b_lvl0_0": 18,
      "dim_b_lvl0_1": 18
    },
    {
      "step": 3,
      "train_loss": 0.12963782805571097,
      "train_quality": 0.9986779224183441,
      "val_loss": 0.17463999831665256,
      "val_quality": 0.9983266457470189,
      "test_quality": 0.9978984735829222,
      "patience_counter": 2,
      "elbo_raw": -6274.496402663301,
      "elbo_relative": 161590.53819006344,
      "e_log_p_nodes": -18138.113252017974,
      "e_log_p_bonds": -2659.547584987337,
      "e_log_p_tau": -5.316083222861825,
      "h_nodes": 14689.566869066928,
      "h_bonds": 140.0,
      "h_tau": 0.30327873682813333,
      "tau_mean": 5.316083222861825,
      "bond_mean_avg": 1.0,
      "n_parameters": 12564,
      "dim_x0": 8,
      "dim_b_leaf_0": 18,
      "dim_x1": 8,
      "dim_b_leaf_1": 18,
      "dim_x2": 8,
      "dim_b_leaf_2": 18,
      "dim_x3": 8,
      "dim_b_leaf_3": 18,
      "dim_b_lvl0_0": 18,
      "dim_b_lvl0_1": 18
    },
    {
      "step": 4,
      "train_loss": 0.12714925744925631,
      "train_quality": 0.998703301456689,
      "val_loss": 0.17553434806061835,
      "val_quality": 0.998318076324423,
      "test_quality": 0.9979089351453264,
      "patience_counter": 3,
      "elbo_raw": -5991.910744557083,
      "elbo_relative": 161873.12384816966,
      "e_log_p_nodes": -17879.065945336155,
      "e_log_p_bonds": -2659.547584987337,
      "e_log_p_tau": -5.996969817810255,
      "h_nodes": 14681.46938315171,
      "h_bonds": 140.0,
      "h_tau": 0.423796252225884,
      "tau_mean": 5.996969817810255,
      "bond_mean_avg": 1.0,
      "n_parameters": 12564,
      "dim_x0": 8,
      "dim_b_leaf_0": 18,
      "dim_x1": 8,
      "dim_b_leaf_1": 18,
      "dim_x2": 8,
      "dim_b_leaf_2": 18,
      "dim_x3": 8,
      "dim_b_leaf_3": 18,
      "dim_b_lvl0_0": 18,
      "dim_b_lvl0_1": 18
    },
    {
      "step": 5,
      "train_loss": 0.12957816331823366,
      "train_quality": 0.9986785308936096,
      "val_loss": 0.1677973553224369,
      "val_quality": 0.9983922101415813,
      "test_quality": 0.9978898604670094,
      "patience_counter": 4,
      "elbo_raw": -5755.734340560044,
      "elbo_relative": 162109.3002521667,
      "e_log_p_nodes": -17781.078191645294,
      "e_log_p_bonds": -2659.547584987337,
      "e_log_p_tau": -6.152096096525915,
      "h_nodes": 14812.954180707744,
      "h_bonds": 140.0,
      "h_tau": 0.44933479338646976,
      "tau_mean": 6.152096096525915,
      "bond_mean_avg": 1.0,
      "n_parameters": 12564,
      "dim_x0": 8,
      "dim_b_leaf_0": 18,
      "dim_x1": 8,
      "dim_b_leaf_1": 18,
      "dim_x2": 8,
      "dim_b_leaf_2": 18,
      "dim_x3": 8,
      "dim_b_leaf_3": 18,
      "dim_b_lvl0_0": 18,
      "dim_b_lvl0_1": 18
    },
    {
      "step": 6,
      "train_loss": 0.1322034550797273,
      "train_quality": 0.9986517575402201,
      "val_loss": 0.16386630074353983,
      "val_quality": 0.9984298764663735,
      "test_quality": 0.9978929858562557,
      "patience_counter": 5,
      "elbo_raw": -378.9385630450888,
      "elbo_relative": 167486.09602968165,
      "e_log_p_nodes": -12628.972949737683,
      "e_log_p_bonds": -2381.7755684111594,
      "e_log_p_tau": -6.118432798149421,
      "h_nodes": 14960.158855751966,
      "h_bonds": -58.845824174893295,
      "h_tau": 0.4438479259304131,
      "tau_mean": 6.118432798149421,
      "bond_mean_avg": 2.777192673182283,
      "n_parameters": 12564,
      "dim_x0": 8,
      "dim_b_leaf_0": 18,
      "dim_x1": 8,
      "dim_b_leaf_1": 18,
      "dim_x2": 8,
      "dim_b_leaf_2": 18,
      "dim_x3": 8,
      "dim_b_leaf_3": 18,
      "dim_b_lvl0_0": 18,
      "dim_b_lvl0_1": 18
    },
    {
      "step": 7,
      "train_loss": 0.12991933149069776,
      "train_quality": 0.9986750515789746,
      "val_loss": 0.17199579897264192,
      "val_quality": 0.9983519817654608,
      "test_quality": 0.9978987712383285,
      "patience_counter": 6,
      "elbo_raw": 8441.591912497886,
      "elbo_relative": 176306.62650522462,
      "e_log_p_nodes": -12729.934781912962,
      "e_log_p_bonds": -2799.2409827746637,
      "e_log_p_tau": -4.85024212338335,
      "h_nodes": 24402.24692557558,
      "h_bonds": -101.00341604218202,
      "h_tau": 0.21157056698416454,
      "tau_mean": 4.85024212338335,
      "bond_mean_avg": 3.292049477327383,
      "n_parameters": 12564,