{
  "experiment_name": "kfold_energy_efficiency",
  "run_name": "energy_efficiency-BTT-L4-d18-seed9536-fold3",
  "config": {
    "params": {
      "model": "BTT",
      "L": 4,
      "bond_dim": 18,
      "init_strength": 0.01,
      "bond_prior_alpha": 1.0,
      "added_bias": false,
      "n_epochs": 100,
      "batch_size": 256,
      "patience": 100,
      "min_delta": 0.0001,
      "warmup_epochs": 5,
      "trim_every": 3,
      "trimming_threshold": 0.3,
      "trim_method": "relevance",
      "soft_trim_relaxation": 2
    },
    "fold": 3,
    "seed": 9536
  },
  "hparams": {
    "seed": 9536,
    "fold": 3,
    "dataset": "energy_efficiency",
    "n_features": 8,
    "n_train": 523,
    "n_val": 92,
    "n_test": 153,
    "L": 4,
    "bond_dim": 18,
    "model": "BTT",
    "init_strength": 0.01,
    "bond_prior_alpha": 1.0,
    "added_bias": false,
    "n_epochs": 100,
    "batch_size": 256,
    "patience": 100,
    "min_delta": 0.0001,
    "warmup_epochs": 5,
    "trim_every": 3,
    "trimming_threshold": 0.3,
    "trim_method": "relevance",
    "soft_trim_relaxation": 2
  },
  "metrics_log": [
    {
      "step": 0,
      "train_loss": 686.7472271848599,
      "train_quality": -5.682962127395669,
      "val_loss": 677.1068087482084,
      "val_quality": -4.95763716754262,
      "patience_counter": 0,
      "elbo_raw": -206795.33817645579,
      "elbo_relative": 0.0,
      "e_log_p_nodes": -11962.623181658504,
      "e_log_p_bonds": -2659.547584987337,
      "e_log_p_tau": -1.0,
      "h_nodes": -12042.574143844482,
      "h_bonds": 140.0,
      "h_tau": 1.0,
      "tau_mean": 1.0,
      "bond_mean_avg": 1.0,
      "n_parameters": 12564,
      "dim_x0": 8,
      "dim_b_leaf_0": 18,
      "dim_x1": 8,
      "dim_b_leaf_1": 18,
      "dim_x2": 8,
      "dim_b_leaf_2": 18,
      "dim_x3": 8,
      "dim_b_leaf_3": 18,
      "dim_b_lvl0_0": 18,
      "dim_b_lvl0_1": 18
    },
    {
      "step": 1,
      "train_loss": 0.1297081034402751,
      "train_quality": 0.9987377679754732,
      "val_loss": 0.24107459492432928,
      "val_quality": 0.9978788649762264,
      "test_quality": 0.9976881511188833,
      "patience_counter": 0,
      "elbo_raw": -7707.872702668039,
      "elbo_relative": 199087.46547378774,
      "e_log_p_nodes": -18284.24974515076,
      "e_log_p_bonds": -2659.547584987337,
      "e_log_p_tau": -2.0485752039835288,
      "h_nodes": 13652.645034344618,
      "h_bonds": 140.0,
      "h_tau": -0.6503135300031317,
      "tau_mean": 2.0485752039835288,
      "bond_mean_avg": 1.0,
      "n_parameters": 12564,
      "dim_x0": 8,
      "dim_b_leaf_0": 18,
      "dim_x1": 8,
      "dim_b_leaf_1": 18,
      "dim_x2": 8,
      "dim_b_leaf_2": 18,
      "dim_x3": 8,
      "dim_b_leaf_3": 18,
      "dim_b_lvl0_0": 18,
      "dim_b_lvl0_1": 18
    },
    {
      "step": 2,
      "train_loss": 0.11711775576859311,
      "train_quality": 0.9988602887710876,
      "val_loss": 0.24782387724888674,
      "val_quality": 0.9978194802902188,
      "test_quality": 0.9980999873348141,
      "patience_counter": 1,
      "elbo_raw": -6730.089107300535,
      "elbo_relative": 200065.24906915525,
      "e_log_p_nodes": -18362.322457818875,
      "e_log_p_bonds": -2659.547584987337,
      "e_log_p_tau": -3.534115054438619,
      "h_nodes": 14565.355193901374,
      "h_bonds": 140.0,
      "h_tau": -0.1049951292645801,
      "tau_mean": 3.534115054438619,
      "bond_mean_avg": 1.0,
      "n_parameters": 12564,
      "dim_x0": 8,
      "dim_b_leaf_0": 18,
      "dim_x1": 8,
      "dim_b_leaf_1": 18,
      "dim_x2": 8,
      "dim_b_leaf_2": 18,
      "dim_x3": 8,
      "dim_b_leaf_3": 18,
      "dim_b_lvl0_0": 18,
      "dim_b_lvl0_1": 18
    },
    {
      "step": 3,
      "train_loss": 0.11640369614725429,
      "train_quality": 0.9988672375190653,
      "val_loss": 0.24178769205461512,
      "val_quality": 0.9978725906722131,
      "test_quality": 0.9981680225366548,
      "patience_counter": 2,
      "elbo_raw": -6426.593945718696,
      "elbo_relative": 200368.7442307371,
      "e_log_p_nodes": -18167.93029956732,
      "e_log_p_bonds": -2659.547584987337,
      "e_log_p_tau": -4.99680487390895,
      "h_nodes": 14583.54515005273,
      "h_bonds": 140.0,
      "h_tau": 0.24134062388588973,
      "tau_mean": 4.99680487390895,
      "bond_mean_avg": 1.0,
      "n_parameters": 12564,
      "dim_x0": 8,
      "dim_b_leaf_0": 18,
      "dim_x1": 8,
      "dim_b_leaf_1": 18,
      "dim_x2": 8,
      "dim_b_leaf_2": 18,
      "dim_x3": 8,
      "dim_b_leaf_3": 18,
      "dim_b_lvl0_0": 18,
      "dim_b_lvl0_1": 18
    },
    {
      "step": 4,
      "train_loss": 0.11597325870921195,
      "train_quality": 0.9988714262467118,
      "val_loss": 0.2450642971480547,
      "val_quality": 0.9978437609159091,
      "test_quality": 0.9981035277653519,
      "patience_counter": 3,
      "elbo_raw": -6290.834135767647,
      "elbo_relative": 200504.50404068813,
      "e_log_p_nodes": -18010.845410838225,
      "e_log_p_bonds": -2659.547584987337,
      "e_log_p_tau": -6.059221659664806,
      "h_nodes": 14511.614568878238,
      "h_bonds": 140.0,
      "h_tau": 0.4341232937665609,
      "tau_mean": 6.059221659664806,
      "bond_mean_avg": 1.0,
      "n_parameters": 12564,
      "dim_x0": 8,
      "dim_b_leaf_0": 18,
      "dim_x1": 8,
      "dim_b_leaf_1": 18,
      "dim_x2": 8,
      "dim_b_leaf_2": 18,
      "dim_x3": 8,
      "dim_b_leaf_3": 18,
      "dim_b_lvl0_0": 18,
      "dim_b_lvl0_1": 18
    },
    {
      "step": 5,
      "train_loss": 0.1177088677997997,
      "train_quality": 0.9988545364663658,
      "val_loss": 0.25098878961648197,
      "val_quality": 0.9977916332809884,
      "test_quality": 0.9981765086341773,
      "patience_counter": 4,
      "elbo_raw": -6116.786488576588,
      "elbo_relative": 200678.5516878792,
      "e_log_p_nodes": -17901.182076533787,
      "e_log_p_bonds": -2659.547584987337,
      "e_log_p_tau": -6.5456866575389965,
      "h_nodes": 14555.727412425773,
      "h_bonds": 140.0,
      "h_tau": 0.5113482480910534,
      "tau_mean": 6.5456866575389965,
      "bond_mean_avg": 1.0,
      "n_parameters": 12564,
      "dim_x0": 8,
      "dim_b_leaf_0": 18,
      "dim_x1": 8,
      "dim_b_leaf_1": 18,
      "dim_x2": 8,
      "dim_b_leaf_2": 18,
      "dim_x3": 8,
      "dim_b_leaf_3": 18,
      "dim_b_lvl0_0": 18,
      "dim_b_lvl0_1": 18
    },
    {
      "step": 6,
      "train_loss": 0.11891711925622368,
      "train_quality": 0.998842778575829,
      "val_loss": 0.23758856339890322,
      "val_quality": 0.997909537405915,
      "test_quality": 0.9981536523259423,
      "patience_counter": 5,
      "elbo_raw": -811.1150724496401,
      "elbo_relative": 205984.22310400615,
      "e_log_p_nodes": -12651.075569064094,
      "e_log_p_bonds": -2424.240707378498,
      "e_log_p_tau": -6.722457242770321,
      "h_nodes": 14574.992786533805,
      "h_bonds": -66.0023437727706,
      "h_tau": 0.5379956897575084,
      "tau_mean": 6.722457242770321,
      "bond_mean_avg": 2.49743007044274,
      "n_parameters": 12564,
      "dim_x0": 8,
      "dim_b_leaf_0": 18,
      "dim_x1": 8,
      "dim_b_leaf_1": 18,
      "dim_x2": 8,
      "dim_b_leaf_2": 18,
      "dim_x3": 8,
      "dim_b_leaf_3": 18,
      "dim_b_lvl0_0": 18,
      "dim_b_lvl0_1": 18
    },
    {
      "step": 7,
      "train_loss": 0.11455082762408404,
      "train_quality": 0.9988852683893437,
      "val_loss": 0.24417655695770962,
      "val_quality": 0.9978515718460087,
      "test_quality": 0.9980907101799942,
      "patience_counter": 6,
      "elbo_raw": 8052.502440006578,
      "elbo_relative": 214847.84061646237,
      "e_log_p_nodes": -12743.391920001324,
      "e_log_p_bonds": -2845.43541219236,
      "e_log_p_tau": -5.627725085979829,
      "h_nodes": 24040.94019785163,
      "h_bonds": -108.16220673551294,
      "h_tau": 0.36024723144123527,
      "tau_mean": 5.627725085979829,
      "bond_mean_avg": 3.056531042547385,
      "n_parameters": 12564,