{
  "experiment_name": "kfold_energy_efficiency",
  "run_name": "energy_efficiency-BTT-L4-d18-seed9536-fold1",
  "config": {
    "params": {
      "model": "BTT",
      "L": 4,
      "bond_dim": 18,
      "init_strength": 0.01,
      "bond_prior_alpha": 1.0,
      "added_bias": false,
      "n_epochs": 100,
      "batch_size": 256,
      "patience": 100,
      "min_delta": 0.0001,
      "warmup_epochs": 5,
      "trim_every": 3,
      "trimming_threshold": 0.3,
      "trim_method": "relevance",
      "soft_trim_relaxation": 2
    },
    "fold": 1,
    "seed": 9536
  },
  "hparams": {
    "seed": 9536,
    "fold": 1,
    "dataset": "energy_efficiency",
    "n_features": 8,
    "n_train": 522,
    "n_val": 92,
    "n_test": 154,
    "L": 4,
    "bond_dim": 18,
    "model": "BTT",
    "init_strength": 0.01,
    "bond_prior_alpha": 1.0,
    "added_bias": false,
    "n_epochs": 100,
    "batch_size": 256,
    "patience": 100,
    "min_delta": 0.0001,
    "warmup_epochs": 5,
    "trim_every": 3,
    "trimming_threshold": 0.3,
    "trim_method": "relevance",
    "soft_trim_relaxation": 2
  },
  "metrics_log": [
    {
      "step": 0,
      "train_loss": 676.647123003853,
      "train_quality": -5.6265826433881605,
      "val_loss": 502.1645278886212,
      "val_quality": -5.0430183626629725,
      "patience_counter": 0,
      "elbo_raw": -203813.04807041184,
      "elbo_relative": 0.0,
      "e_log_p_nodes": -11962.623181658504,
      "e_log_p_bonds": -2659.547584987337,
      "e_log_p_tau": -1.0,
      "h_nodes": -12042.574143844482,
      "h_bonds": 140.0,
      "h_tau": 1.0,
      "tau_mean": 1.0,
      "bond_mean_avg": 1.0,
      "n_parameters": 12564,
      "dim_x0": 8,
      "dim_b_leaf_0": 18,
      "dim_x1": 8,
      "dim_b_leaf_1": 18,
      "dim_x2": 8,
      "dim_b_leaf_2": 18,
      "dim_x3": 8,
      "dim_b_leaf_3": 18,
      "dim_b_lvl0_0": 18,
      "dim_b_lvl0_1": 18
    },
    {
      "step": 1,
      "train_loss": 0.12735675493412163,
      "train_quality": 0.9987527619152238,
      "val_loss": 0.20101062433203523,
      "val_quality": 0.997581049981694,
      "test_quality": 0.9981401640967369,
      "patience_counter": 0,
      "elbo_raw": -8095.812656387601,
      "elbo_relative": 195717.23541402424,
      "e_log_p_nodes": -18701.874451618267,
      "e_log_p_bonds": -2659.547584987337,
      "e_log_p_tau": -2.4694417791563663,
      "h_nodes": 13632.31429766111,
      "h_bonds": 140.0,
      "h_tau": -0.46251507315946583,
      "tau_mean": 2.4694417791563663,
      "bond_mean_avg": 1.0,
      "n_parameters": 12564,
      "dim_x0": 8,
      "dim_b_leaf_0": 18,
      "dim_x1": 8,
      "dim_b_leaf_1": 18,
      "dim_x2": 8,
      "dim_b_leaf_2": 18,
      "dim_x3": 8,
      "dim_b_leaf_3": 18,
      "dim_b_lvl0_0": 18,
      "dim_b_lvl0_1": 18
    },
    {
      "step": 2,
      "train_loss": 0.12527628203837904,
      "train_quality": 0.9987731365316409,
      "val_loss": 0.19907019214303706,
      "val_quality": 0.9976044010284095,
      "test_quality": 0.9981483903497854,
      "patience_counter": 1,
      "elbo_raw": -6960.680147176132,
      "elbo_relative": 196852.3679232357,
      "e_log_p_nodes": -18630.995993592507,
      "e_log_p_bonds": -2659.547584987337,
      "e_log_p_tau": -4.310431211243458,
      "h_nodes": 14550.622295455094,
      "h_bonds": 140.0,
      "h_tau": 0.09453075020769575,
      "tau_mean": 4.310431211243458,
      "bond_mean_avg": 1.0,
      "n_parameters": 12564,
      "dim_x0": 8,
      "dim_b_leaf_0": 18,
      "dim_x1": 8,
      "dim_b_leaf_1": 18,
      "dim_x2": 8,
      "dim_b_leaf_2": 18,
      "dim_x3": 8,
      "dim_b_leaf_3": 18,
      "dim_b_lvl0_0": 18,
      "dim_b_lvl0_1": 18
    },
    {
      "step": 3,
      "train_loss": 0.1241194875774011,
      "train_quality": 0.9987844653230249,
      "val_loss": 0.19764016437433218,
      "val_quality": 0.9976216098983823,
      "test_quality": 0.9981287238501543,
      "patience_counter": 2,
      "elbo_raw": -6569.494468046334,
      "elbo_relative": 197243.55360236551,
      "e_log_p_nodes": -18242.1658822123,
      "e_log_p_bonds": -2659.547584987337,
      "e_log_p_tau": -5.63602530664881,
      "h_nodes": 14482.724919822509,
      "h_bonds": 140.0,
      "h_tau": 0.36267188628949043,
      "tau_mean": 5.63602530664881,
      "bond_mean_avg": 1.0,
      "n_parameters": 12564,
      "dim_x0": 8,
      "dim_b_leaf_0": 18,
      "dim_x1": 8,
      "dim_b_leaf_1": 18,
      "dim_x2": 8,
      "dim_b_leaf_2": 18,
      "dim_x3": 8,
      "dim_b_leaf_3": 18,
      "dim_b_lvl0_0": 18,
      "dim_b_lvl0_1": 18
    },
    {
      "step": 4,
      "train_loss": 0.12508686526115248,
      "train_quality": 0.9987749915397917,
      "val_loss": 0.1982559886171637,
      "val_quality": 0.9976141991057019,
      "test_quality": 0.998116653645532,
      "patience_counter": 3,
      "elbo_raw": -6314.668859317375,
      "elbo_relative": 197498.37921109446,
      "e_log_p_nodes": -18078.62412585756,
      "e_log_p_bonds": -2659.547584987337,
      "e_log_p_tau": -6.117447450888969,
      "h_nodes": 14552.53370943077,
      "h_bonds": 140.0,
      "h_tau": 0.4446377284168648,
      "tau_mean": 6.117447450888969,
      "bond_mean_avg": 1.0,
      "n_parameters": 12564,
      "dim_x0": 8,
      "dim_b_leaf_0": 18,
      "dim_x1": 8,
      "dim_b_leaf_1": 18,
      "dim_x2": 8,
      "dim_b_leaf_2": 18,
      "dim_x3": 8,
      "dim_b_leaf_3": 18,
      "dim_b_lvl0_0": 18,
      "dim_b_lvl0_1": 18
    },
    {
      "step": 5,
      "train_loss": 0.1262635242915594,
      "train_quality": 0.9987634682094721,
      "val_loss": 0.19715719744324675,
      "val_quality": 0.9976274218939953,
      "test_quality": 0.9981298365980468,
      "patience_counter": 4,
      "elbo_raw": -6149.211268348425,
      "elbo_relative": 197663.83680206342,
      "e_log_p_nodes": -17961.417596911644,
      "e_log_p_bonds": -2659.547584987337,
      "e_log_p_tau": -6.261305679837205,
      "h_nodes": 14594.694938286251,
      "h_bonds": 140.0,
      "h_tau": 0.46788154050113917,
      "tau_mean": 6.261305679837205,
      "bond_mean_avg": 1.0,
      "n_parameters": 12564,
      "dim_x0": 8,
      "dim_b_leaf_0": 18,
      "dim_x1": 8,
      "dim_b_leaf_1": 18,
      "dim_x2": 8,
      "dim_b_leaf_2": 18,
      "dim_x3": 8,
      "dim_b_leaf_3": 18,
      "dim_b_lvl0_0": 18,
      "dim_b_lvl0_1": 18
    },
    {
      "step": 6,
      "train_loss": 0.12691563277805729,
      "train_quality": 0.9987570819401284,
      "val_loss": 0.19893942844978305,
      "val_quality": 0.9976059746309951,
      "test_quality": 0.9981310512521053,
      "patience_counter": 5,
      "elbo_raw": -775.1536744994846,
      "elbo_relative": 203037.89439591236,
      "e_log_p_nodes": -12643.581065888884,
      "e_log_p_bonds": -2426.7409968313186,
      "e_log_p_tau": -6.355745926742441,
      "h_nodes": 14620.138712679873,
      "h_bonds": -65.95158837438245,
      "h_tau": 0.48285207619346693,
      "tau_mean": 6.355745926742441,
      "bond_mean_avg": 2.5360983732314564,
      "n_parameters": 12564,
      "dim_x0": 8,
      "dim_b_leaf_0": 18,
      "dim_x1": 8,
      "dim_b_leaf_1": 18,
      "dim_x2": 8,
      "dim_b_leaf_2": 18,
      "dim_x3": 8,
      "dim_b_leaf_3": 18,
      "dim_b_lvl0_0": 18,
      "dim_b_lvl0_1": 18
    },
    {
      "step": 7,
      "train_loss": 0.12478486872083915,
      "train_quality": 0.9987779490710725,
      "val_loss": 0.20431898087344086,
      "val_quality": 0.9975412374138608,
      "test_quality": 0.998137641697018,
      "patience_counter": 6,
      "elbo_raw": 7981.247791677542,
      "elbo_relative": 211794.29586208938,
      "e_log_p_nodes": -12735.77656356832,
      "e_log_p_bonds": -2831.1736897810624,
      "e_log_p_tau": -5.171988203257446,
      "h_nodes": 23966.90605216599,
      "h_bonds": -105.6905053859849,
      "h_tau": 0.27674998210500235,
      "tau_mean": 5.171988203257446,
      "bond_mean_avg": 3.1586935466087676,
      "n_parameters": 12564,