{
  "experiment_name": "kfold_energy_efficiency",
  "run_name": "energy_efficiency-BTT-L4-d18-seed47659-fold0",
  "config": {
    "params": {
      "model": "BTT",
      "L": 4,
      "bond_dim": 18,
      "init_strength": 0.01,
      "bond_prior_alpha": 1.0,
      "added_bias": false,
      "n_epochs": 100,
      "batch_size": 256,
      "patience": 100,
      "min_delta": 0.0001,
      "warmup_epochs": 5,
      "trim_every": 3,
      "trimming_threshold": 0.3,
      "trim_method": "relevance",
      "soft_trim_relaxation": 2
    },
    "fold": 0,
    "seed": 47659
  },
  "hparams": {
    "seed": 47659,
    "fold": 0,
    "dataset": "energy_efficiency",
    "n_features": 8,
    "n_train": 522,
    "n_val": 92,
    "n_test": 154,
    "L": 4,
    "bond_dim": 18,
    "model": "BTT",
    "init_strength": 0.01,
    "bond_prior_alpha": 1.0,
    "added_bias": false,
    "n_epochs": 100,
    "batch_size": 256,
    "patience": 100,
    "min_delta": 0.0001,
    "warmup_epochs": 5,
    "trim_every": 3,
    "trimming_threshold": 0.3,
    "trim_method": "relevance",
    "soft_trim_relaxation": 2
  },
  "metrics_log": [
    {
      "step": 0,
      "train_loss": 925.6916077024631,
      "train_quality": -8.185696046016197,
      "val_loss": 996.34123304294,
      "val_quality": -8.71474563014466,
      "patience_counter": 0,
      "elbo_raw": -268813.51585630514,
      "elbo_relative": 0.0,
      "e_log_p_nodes": -11962.623181658506,
      "e_log_p_bonds": -2659.547584987337,
      "e_log_p_tau": -1.0,
      "h_nodes": -12042.574143844482,
      "h_bonds": 140.0,
      "h_tau": 1.0,
      "tau_mean": 1.0,
      "bond_mean_avg": 1.0,
      "n_parameters": 12564,
      "dim_x0": 8,
      "dim_b_leaf_0": 18,
      "dim_x1": 8,
      "dim_b_leaf_1": 18,
      "dim_x2": 8,
      "dim_b_leaf_2": 18,
      "dim_x3": 8,
      "dim_b_leaf_3": 18,
      "dim_b_lvl0_0": 18,
      "dim_b_lvl0_1": 18
    },
    {
      "step": 1,
      "train_loss": 0.11263436441472552,
      "train_quality": 0.9988823221176026,
      "val_loss": 0.20830120266358335,
      "val_quality": 0.9979689757572818,
      "test_quality": 0.9977599721679253,
      "patience_counter": 0,
      "elbo_raw": -7752.123014466395,
      "elbo_relative": 261061.39284183874,
      "e_log_p_nodes": -18267.808685631768,
      "e_log_p_bonds": -2659.547584987337,
      "e_log_p_tau": -2.645234962861292,
      "h_nodes": 13523.92095001582,
      "h_bonds": 140.0,
      "h_tau": -0.39374730371127953,
      "tau_mean": 2.645234962861292,
      "bond_mean_avg": 1.0,
      "n_parameters": 12564,
      "dim_x0": 8,
      "dim_b_leaf_0": 18,
      "dim_x1": 8,
      "dim_b_leaf_1": 18,
      "dim_x2": 8,
      "dim_b_leaf_2": 18,
      "dim_x3": 8,
      "dim_b_leaf_3": 18,
      "dim_b_lvl0_0": 18,
      "dim_b_lvl0_1": 18
    },
    {
      "step": 2,
      "train_loss": 0.10908748146126122,
      "train_quality": 0.9989175180602364,
      "val_loss": 0.20859686412525624,
      "val_quality": 0.9979660929338098,
      "test_quality": 0.9977983408848708,
      "patience_counter": 1,
      "elbo_raw": -6843.365647782946,
      "elbo_relative": 261970.1502085222,
      "e_log_p_nodes": -18249.122203259427,
      "e_log_p_bonds": -2659.547584987337,
      "e_log_p_tau": -5.01337448534193,
      "h_nodes": 14246.482337277721,
      "h_bonds": 140.0,
      "h_tau": 0.2456020404163155,
      "tau_mean": 5.01337448534193,
      "bond_mean_avg": 1.0,
      "n_parameters": 12564,
      "dim_x0": 8,
      "dim_b_leaf_0": 18,
      "dim_x1": 8,
      "dim_b_leaf_1": 18,
      "dim_x2": 8,
      "dim_b_leaf_2": 18,
      "dim_x3": 8,
      "dim_b_leaf_3": 18,
      "dim_b_lvl0_0": 18,
      "dim_b_lvl0_1": 18
    },
    {
      "step": 3,
      "train_loss": 0.10840899662990566,
      "train_quality": 0.9989242507078924,
      "val_loss": 0.21454367359874513,
      "val_quality": 0.9979081090429198,
      "test_quality": 0.9978328159056147,
      "patience_counter": 2,
      "elbo_raw": -6763.879961789464,
      "elbo_relative": 262049.63589451567,
      "e_log_p_nodes": -18215.476651779434,
      "e_log_p_bonds": -2659.547584987337,
      "e_log_p_tau": -6.56783440686662,
      "h_nodes": 14221.562864399117,
      "h_bonds": 140.0,
      "h_tau": 0.5156769618072303,
      "tau_mean": 6.56783440686662,
      "bond_mean_avg": 1.0,
      "n_parameters": 12564,
      "dim_x0": 8,
      "dim_b_leaf_0": 18,
      "dim_x1": 8,
      "dim_b_leaf_1": 18,
      "dim_x2": 8,
      "dim_b_leaf_2": 18,
      "dim_x3": 8,
      "dim_b_leaf_3": 18,
      "dim_b_lvl0_0": 18,
      "dim_b_lvl0_1": 18
    },
    {
      "step": 4,
      "train_loss": 0.1083489240391657,
      "train_quality": 0.9989248468119887,
      "val_loss": 0.21341545052362754,
      "val_quality": 0.9979191096919198,
      "test_quality": 0.9978188253686185,
      "patience_counter": 3,
      "elbo_raw": -6544.261053626675,
      "elbo_relative": 262269.2548026785,
      "e_log_p_nodes": -18053.14433294587,
      "e_log_p_bonds": -2659.547584987337,
      "e_log_p_tau": -7.111488333989129,
      "h_nodes": 14258.013273504455,
      "h_bonds": 140.0,
      "h_tau": 0.5952043536678957,
      "tau_mean": 7.111488333989129,
      "bond_mean_avg": 1.0,
      "n_parameters": 12564,
      "dim_x0": 8,
      "dim_b_leaf_0": 18,
      "dim_x1": 8,
      "dim_b_leaf_1": 18,
      "dim_x2": 8,
      "dim_b_leaf_2": 18,
      "dim_x3": 8,
      "dim_b_leaf_3": 18,
      "dim_b_lvl0_0": 18,
      "dim_b_lvl0_1": 18
    },
    {
      "step": 5,
      "train_loss": 0.1092056511281286,
      "train_quality": 0.9989163454551997,
      "val_loss": 0.21275470570497187,
      "val_quality": 0.9979255522315104,
      "test_quality": 0.9978514685082305,
      "patience_counter": 4,
      "elbo_raw": -6460.794028958571,
      "elbo_relative": 262352.72182734654,
      "e_log_p_nodes": -18035.945293379857,
      "e_log_p_bonds": -2659.547584987337,
      "e_log_p_tau": -7.238274533623368,
      "h_nodes": 14319.651343651873,
      "h_bonds": 140.0,
      "h_tau": 0.6128756559928661,
      "tau_mean": 7.238274533623368,
      "bond_mean_avg": 1.0,
      "n_parameters": 12564,
      "dim_x0": 8,
      "dim_b_leaf_0": 18,
      "dim_x1": 8,
      "dim_b_leaf_1": 18,
      "dim_x2": 8,
      "dim_b_leaf_2": 18,
      "dim_x3": 8,
      "dim_b_leaf_3": 18,
      "dim_b_lvl0_0": 18,
      "dim_b_lvl0_1": 18
    },
    {
      "step": 6,
      "train_loss": 0.10883967775612381,
      "train_quality": 0.9989199770319885,
      "val_loss": 0.21128925195644266,
      "val_quality": 0.9979398410212619,
      "test_quality": 0.9978360785778094,
      "patience_counter": 5,
      "elbo_raw": -1091.2859095960175,
      "elbo_relative": 267722.2299467091,
      "e_log_p_nodes": -12655.386990879284,
      "e_log_p_bonds": -2470.9565182897463,
      "e_log_p_tau": -7.360041684883148,
      "h_nodes": 14327.806454907275,
      "h_bonds": -72.16716981009412,
      "h_tau": 0.6295583985158828,
      "tau_mean": 7.360041684883148,
      "bond_mean_avg": 2.388930199504514,
      "n_parameters": 12564,
      "dim_x0": 8,
      "dim_b_leaf_0": 18,
      "dim_x1": 8,
      "dim_b_leaf_1": 18,
      "dim_x2": 8,
      "dim_b_leaf_2": 18,
      "dim_x3": 8,
      "dim_b_leaf_3": 18,
      "dim_b_lvl0_0": 18,
      "dim_b_lvl0_1": 18
    },
    {
      "step": 7,
      "train_loss": 0.10919747860628938,
      "train_quality": 0.9989164265516479,
      "val_loss": 0.21278809774274274,
      "val_quality": 0.9979252266451126,
      "test_quality": 0.9977971587662736,
      "patience_counter": 6,
      "elbo_raw": 7714.558964287407,
      "elbo_relative": 276528.07482059253,
      "e_log_p_nodes": -12753.19697695885,
      "e_log_p_bonds": -2882.3905233072755,
      "e_log_p_tau": -5.9769787822834015,
      "h_nodes": 23739.462652441085,
      "h_bonds": -114.19911199665955,
      "h_tau": 0.4214080220258438,
      "tau_mean": 5.9769787822834015,
      "bond_mean_avg": 2.8408276735158076,
      "n_parameters": 12564,