{
  "experiment_name": "kfold_energy_efficiency",
  "run_name": "energy_efficiency-BTT-L4-d18-seed9536-fold0",
  "config": {
    "params": {
      "model": "BTT",
      "L": 4,
      "bond_dim": 18,
      "init_strength": 0.01,
      "bond_prior_alpha": 1.0,
      "added_bias": false,
      "n_epochs": 100,
      "batch_size": 256,
      "patience": 100,
      "min_delta": 0.0001,
      "warmup_epochs": 5,
      "trim_every": 3,
      "trimming_threshold": 0.3,
      "trim_method": "relevance",
      "soft_trim_relaxation": 2
    },
    "fold": 0,
    "seed": 9536
  },
  "hparams": {
    "seed": 9536,
    "fold": 0,
    "dataset": "energy_efficiency",
    "n_features": 8,
    "n_train": 522,
    "n_val": 92,
    "n_test": 154,
    "L": 4,
    "bond_dim": 18,
    "model": "BTT",
    "init_strength": 0.01,
    "bond_prior_alpha": 1.0,
    "added_bias": false,
    "n_epochs": 100,
    "batch_size": 256,
    "patience": 100,
    "min_delta": 0.0001,
    "warmup_epochs": 5,
    "trim_every": 3,
    "trimming_threshold": 0.3,
    "trim_method": "relevance",
    "soft_trim_relaxation": 2
  },
  "metrics_log": [
    {
      "step": 0,
      "train_loss": 686.1332022722379,
      "train_quality": -5.813332050716449,
      "val_loss": 689.9438166323625,
      "val_quality": -6.077736672861148,
      "patience_counter": 0,
      "elbo_raw": -206289.72733062966,
      "elbo_relative": 0.0,
      "e_log_p_nodes": -11962.623181658504,
      "e_log_p_bonds": -2659.547584987337,
      "e_log_p_tau": -1.0,
      "h_nodes": -12042.574143844482,
      "h_bonds": 140.0,
      "h_tau": 1.0,
      "tau_mean": 1.0,
      "bond_mean_avg": 1.0,
      "n_parameters": 12564,
      "dim_x0": 8,
      "dim_b_leaf_0": 18,
      "dim_x1": 8,
      "dim_b_leaf_1": 18,
      "dim_x2": 8,
      "dim_b_leaf_2": 18,
      "dim_x3": 8,
      "dim_b_leaf_3": 18,
      "dim_b_lvl0_0": 18,
      "dim_b_lvl0_1": 18
    },
    {
      "step": 1,
      "train_loss": 0.11067324702556033,
      "train_quality": 0.9989010099225355,
      "val_loss": 0.29228324019355145,
      "val_quality": 0.9970016343967282,
      "test_quality": 0.9975046432038979,
      "patience_counter": 0,
      "elbo_raw": -7580.079655971764,
      "elbo_relative": 198709.6476746579,
      "e_log_p_nodes": -18118.092862709665,
      "e_log_p_bonds": -2659.547584987337,
      "e_log_p_tau": -2.1979177047268132,
      "h_nodes": 13594.783924277237,
      "h_bonds": 140.0,
      "h_tau": -0.5789967836151391,
      "tau_mean": 2.1979177047268132,
      "bond_mean_avg": 1.0,
      "n_parameters": 12564,
      "dim_x0": 8,
      "dim_b_leaf_0": 18,
      "dim_x1": 8,
      "dim_b_leaf_1": 18,
      "dim_x2": 8,
      "dim_b_leaf_2": 18,
      "dim_x3": 8,
      "dim_b_leaf_3": 18,
      "dim_b_lvl0_0": 18,
      "dim_b_lvl0_1": 18
    },
    {
      "step": 2,
      "train_loss": 0.10364596162982274,
      "train_quality": 0.998970791167136,
      "val_loss": 0.2791878467041726,
      "val_quality": 0.9971359725044275,
      "test_quality": 0.9975921476562851,
      "patience_counter": 0,
      "elbo_raw": -6218.923765702191,
      "elbo_relative": 200070.80356492745,
      "e_log_p_nodes": -17823.98552194699,
      "e_log_p_bonds": -2659.547584987337,
      "e_log_p_tau": -3.955652769547919,
      "h_nodes": 14507.871974792117,
      "h_bonds": 140.0,
      "h_tau": 0.00863843887486837,
      "tau_mean": 3.955652769547919,
      "bond_mean_avg": 1.0,
      "n_parameters": 12564,
      "dim_x0": 8,
      "dim_b_leaf_0": 18,
      "dim_x1": 8,
      "dim_b_leaf_1": 18,
      "dim_x2": 8,
      "dim_b_leaf_2": 18,
      "dim_x3": 8,
      "dim_b_leaf_3": 18,
      "dim_b_lvl0_0": 18,
      "dim_b_lvl0_1": 18
    },
    {
      "step": 3,
      "train_loss": 0.10610681287074912,
      "train_quality": 0.9989463548090407,
      "val_loss": 0.26446769468025055,
      "val_quality": 0.9972869780751686,
      "test_quality": 0.9976289194521193,
      "patience_counter": 0,
      "elbo_raw": -6159.484542980941,
      "elbo_relative": 200130.24278764872,
      "e_log_p_nodes": -17867.011646496554,
      "e_log_p_bonds": -2659.547584987337,
      "e_log_p_tau": -5.5840638183589695,
      "h_nodes": 14520.007351930924,
      "h_bonds": 140.0,
      "h_tau": 0.35340959626796575,
      "tau_mean": 5.5840638183589695,
      "bond_mean_avg": 1.0,
      "n_parameters": 12564,
      "dim_x0": 8,
      "dim_b_leaf_0": 18,
      "dim_x1": 8,
      "dim_b_leaf_1": 18,
      "dim_x2": 8,
      "dim_b_leaf_2": 18,
      "dim_x3": 8,
      "dim_b_leaf_3": 18,
      "dim_b_lvl0_0": 18,
      "dim_b_lvl0_1": 18
    },
    {
      "step": 4,
      "train_loss": 0.10892000584870791,
      "train_quality": 0.9989184196824238,
      "val_loss": 0.26374757574128394,
      "val_quality": 0.997294365361061,
      "test_quality": 0.9975583353355533,
      "patience_counter": 1,
      "elbo_raw": -5957.777231762258,
      "elbo_relative": 200331.9500988674,
      "e_log_p_nodes": -17777.081839788483,
      "e_log_p_bonds": -2659.547584987337,
      "e_log_p_tau": -6.55425891139336,
      "h_nodes": 14589.812860086191,
      "h_bonds": 140.0,
      "h_tau": 0.5136078559125963,
      "tau_mean": 6.55425891139336,
      "bond_mean_avg": 1.0,
      "n_parameters": 12564,
      "dim_x0": 8,
      "dim_b_leaf_0": 18,
      "dim_x1": 8,
      "dim_b_leaf_1": 18,
      "dim_x2": 8,
      "dim_b_leaf_2": 18,
      "dim_x3": 8,
      "dim_b_leaf_3": 18,
      "dim_b_lvl0_0": 18,
      "dim_b_lvl0_1": 18
    },
    {
      "step": 5,
      "train_loss": 0.10920407718135643,
      "train_quality": 0.9989155988419383,
      "val_loss": 0.2756896022155053,
      "val_quality": 0.9971718589820091,
      "test_quality": 0.9975979226334015,
      "patience_counter": 2,
      "elbo_raw": -5981.218915842275,
      "elbo_relative": 200308.5084147874,
      "e_log_p_nodes": -17839.393106,
      "e_log_p_bonds": -2659.547584987337,
      "e_log_p_tau": -7.036597575898169,
      "h_nodes": 14610.07798525143,
      "h_bonds": 140.0,
      "h_tau": 0.5846175565493468,
      "tau_mean": 7.036597575898169,
      "bond_mean_avg": 1.0,
      "n_parameters": 12564,
      "dim_x0": 8,
      "dim_b_leaf_0": 18,
      "dim_x1": 8,
      "dim_b_leaf_1": 18,
      "dim_x2": 8,
      "dim_b_leaf_2": 18,
      "dim_x3": 8,
      "dim_b_leaf_3": 18,
      "dim_b_lvl0_0": 18,
      "dim_b_lvl0_1": 18
    },
    {
      "step": 6,
      "train_loss": 0.11271659619750055,
      "train_quality": 0.9988807193778455,
      "val_loss": 0.2946021140900681,
      "val_quality": 0.99697784640353,
      "test_quality": 0.9974506182720593,
      "patience_counter": 3,
      "elbo_raw": -697.1899283850016,
      "elbo_relative": 205592.53740224466,
      "e_log_p_nodes": -12644.134976458447,
      "e_log_p_bonds": -2414.659654775201,
      "e_log_p_tau": -7.074373332190973,
      "h_nodes": 14656.329494649643,
      "h_bonds": -63.77139674231563,
      "h_tau": 0.5899716667349821,
      "tau_mean": 7.074373332190973,
      "bond_mean_avg": 2.6300728830820566,
      "n_parameters": 12564,
      "dim_x0": 8,
      "dim_b_leaf_0": 18,
      "dim_x1": 8,
      "dim_b_leaf_1": 18,
      "dim_x2": 8,
      "dim_b_leaf_2": 18,
      "dim_x3": 8,
      "dim_b_leaf_3": 18,
      "dim_b_lvl0_0": 18,
      "dim_b_lvl0_1": 18
    },
    {
      "step": 7,
      "train_loss": 0.10591590920645041,
      "train_quality": 0.9989482504905939,
      "val_loss": 0.2712700340533113,
      "val_quality": 0.9972171967890967,
      "test_quality": 0.9974845973919664,
      "patience_counter": 4,
      "elbo_raw": 8065.715810102247,
      "elbo_relative": 214355.4431407319,
      "e_log_p_nodes": -12737.787051958592,
      "e_log_p_bonds": -2837.3603522851427,
      "e_log_p_tau": -5.972856056478964,
      "h_nodes": 24022.22727069886,
      "h_bonds": -106.06620622795609,
      "h_tau": 0.42071801651150054,
      "tau_mean": 5.972856056478964,
      "bond_mean_avg": 3.193044290929133,
      "n_parameters": 12564,