{
  "experiment_name": "kfold_energy_efficiency",
  "run_name": "energy_efficiency-BTT-L4-d18-seed42806-fold3",
  "config": {
    "params": {
      "model": "BTT",
      "L": 4,
      "bond_dim": 18,
      "init_strength": 0.01,
      "bond_prior_alpha": 1.0,
      "added_bias": false,
      "n_epochs": 100,
      "batch_size": 256,
      "patience": 100,
      "min_delta": 0.0001,
      "warmup_epochs": 5,
      "trim_every": 3,
      "trimming_threshold": 0.3,
      "trim_method": "relevance",
      "soft_trim_relaxation": 2
    },
    "fold": 3,
    "seed": 42806
  },
  "hparams": {
    "seed": 42806,
    "fold": 3,
    "dataset": "energy_efficiency",
    "n_features": 8,
    "n_train": 523,
    "n_val": 92,
    "n_test": 153,
    "L": 4,
    "bond_dim": 18,
    "model": "BTT",
    "init_strength": 0.01,
    "bond_prior_alpha": 1.0,
    "added_bias": false,
    "n_epochs": 100,
    "batch_size": 256,
    "patience": 100,
    "min_delta": 0.0001,
    "warmup_epochs": 5,
    "trim_every": 3,
    "trimming_threshold": 0.3,
    "trim_method": "relevance",
    "soft_trim_relaxation": 2
  },
  "metrics_log": [
    {
      "step": 0,
      "train_loss": 551.7317066903051,
      "train_quality": -4.365256376941654,
      "val_loss": 585.5624271684094,
      "val_quality": -4.773554783888584,
      "patience_counter": 0,
      "elbo_raw": -171488.12545654216,
      "elbo_relative": 0.0,
      "e_log_p_nodes": -11962.623181658504,
      "e_log_p_bonds": -2659.547584987337,
      "e_log_p_tau": -1.0,
      "h_nodes": -12042.574143844482,
      "h_bonds": 140.0,
      "h_tau": 1.0,
      "tau_mean": 1.0,
      "bond_mean_avg": 1.0,
      "n_parameters": 12564,
      "dim_x0": 8,
      "dim_b_leaf_0": 18,
      "dim_x1": 8,
      "dim_b_leaf_1": 18,
      "dim_x2": 8,
      "dim_b_leaf_2": 18,
      "dim_x3": 8,
      "dim_b_leaf_3": 18,
      "dim_b_lvl0_0": 18,
      "dim_b_lvl0_1": 18
    },
    {
      "step": 1,
      "train_loss": 0.104505282415367,
      "train_quality": 0.99898374948167,
      "val_loss": 0.4227016882205056,
      "val_quality": 0.9958322268626683,
      "test_quality": 0.9981626826010687,
      "patience_counter": 0,
      "elbo_raw": -8039.032480293059,
      "elbo_relative": 163449.09297624909,
      "e_log_p_nodes": -18813.45351632116,
      "e_log_p_bonds": -2659.547584987337,
      "e_log_p_tau": -4.692548277082482,
      "h_nodes": 13633.120847276265,
      "h_bonds": 140.0,
      "h_tau": 0.17851771849632314,
      "tau_mean": 4.692548277082482,
      "bond_mean_avg": 1.0,
      "n_parameters": 12564,
      "dim_x0": 8,
      "dim_b_leaf_0": 18,
      "dim_x1": 8,
      "dim_b_leaf_1": 18,
      "dim_x2": 8,
      "dim_b_leaf_2": 18,
      "dim_x3": 8,
      "dim_b_leaf_3": 18,
      "dim_b_lvl0_0": 18,
      "dim_b_lvl0_1": 18
    },
    {
      "step": 2,
      "train_loss": 0.10283616788363117,
      "train_quality": 0.998999980608641,
      "val_loss": 0.4243361657625562,
      "val_quality": 0.9958161111674081,
      "test_quality": 0.9980505693572419,
      "patience_counter": 1,
      "elbo_raw": -7099.225305132222,
      "elbo_relative": 164388.90015140994,
      "e_log_p_nodes": -18513.059092304637,
      "e_log_p_bonds": -2659.547584987337,
      "e_log_p_tau": -7.297281519438497,
      "h_nodes": 14156.633026903784,
      "h_bonds": 140.0,
      "h_tau": 0.6200438251344167,
      "tau_mean": 7.297281519438497,
      "bond_mean_avg": 1.0,
      "n_parameters": 12564,
      "dim_x0": 8,
      "dim_b_leaf_0": 18,
      "dim_x1": 8,
      "dim_b_leaf_1": 18,
      "dim_x2": 8,
      "dim_b_leaf_2": 18,
      "dim_x3": 8,
      "dim_b_leaf_3": 18,
      "dim_b_lvl0_0": 18,
      "dim_b_lvl0_1": 18
    },
    {
      "step": 3,
      "train_loss": 0.1033224509113611,
      "train_quality": 0.9989952518009907,
      "val_loss": 0.4258894001538821,
      "val_quality": 0.9958007965170232,
      "test_quality": 0.998059805209504,
      "patience_counter": 2,
      "elbo_raw": -6722.861870467432,
      "elbo_relative": 164765.26358607473,
      "e_log_p_nodes": -18180.30587953778,
      "e_log_p_bonds": -2659.547584987337,
      "e_log_p_tau": -7.759273367736134,
      "h_nodes": 14184.12912761929,
      "h_bonds": 140.0,
      "h_tau": 0.6814306325661619,
      "tau_mean": 7.759273367736134,
      "bond_mean_avg": 1.0,
      "n_parameters": 12564,
      "dim_x0": 8,
      "dim_b_leaf_0": 18,
      "dim_x1": 8,
      "dim_b_leaf_1": 18,
      "dim_x2": 8,
      "dim_b_leaf_2": 18,
      "dim_x3": 8,
      "dim_b_leaf_3": 18,
      "dim_b_lvl0_0": 18,
      "dim_b_lvl0_1": 18
    },
    {
      "step": 4,
      "train_loss": 0.10421625212708976,
      "train_quality": 0.9989865601260076,
      "val_loss": 0.4226153003835932,
      "val_quality": 0.9958330786333521,
      "test_quality": 0.9980629025232974,
      "patience_counter": 3,
      "elbo_raw": -6516.315730488022,
      "elbo_relative": 164971.80972605414,
      "e_log_p_nodes": -18053.529236891798,
      "e_log_p_bonds": -2659.547584987337,
      "e_log_p_tau": -7.741062636288444,
      "h_nodes": 14264.515476627783,
      "h_bonds": 140.0,
      "h_tau": 0.6790809106219058,
      "tau_mean": 7.741062636288444,
      "bond_mean_avg": 1.0,
      "n_parameters": 12564,
      "dim_x0": 8,
      "dim_b_leaf_0": 18,
      "dim_x1": 8,
      "dim_b_leaf_1": 18,
      "dim_x2": 8,
      "dim_b_leaf_2": 18,
      "dim_x3": 8,
      "dim_b_leaf_3": 18,
      "dim_b_lvl0_0": 18,
      "dim_b_lvl0_1": 18
    },
    {
      "step": 5,
      "train_loss": 0.10495556540594107,
      "train_quality": 0.998979370752557,
      "val_loss": 0.42896098536969457,
      "val_quality": 0.9957705111628167,
      "test_quality": 0.9980830863061321,
      "patience_counter": 4,
      "elbo_raw": -6257.503516328679,
      "elbo_relative": 165230.6219402135,
      "e_log_p_nodes": -17906.148782794444,
      "e_log_p_bonds": -2659.547584987337,
      "e_log_p_tau": -7.6970484490033195,
      "h_nodes": 14377.444027589589,
      "h_bonds": 140.0,
      "h_tau": 0.6733788779968108,
      "tau_mean": 7.6970484490033195,
      "bond_mean_avg": 1.0,
      "n_parameters": 12564,
      "dim_x0": 8,
      "dim_b_leaf_0": 18,
      "dim_x1": 8,
      "dim_b_leaf_1": 18,
      "dim_x2": 8,
      "dim_b_leaf_2": 18,
      "dim_x3": 8,
      "dim_b_leaf_3": 18,
      "dim_b_lvl0_0": 18,
      "dim_b_lvl0_1": 18
    },
    {
      "step": 6,
      "train_loss": 0.10482366046677756,
      "train_quality": 0.998980653448127,
      "val_loss": 0.43746648217584017,
      "val_quality": 0.995686648282454,
      "test_quality": 0.9981000021803418,
      "patience_counter": 5,
      "elbo_raw": -881.5298521006571,
      "elbo_relative": 170606.5956044415,
      "e_log_p_nodes": -12643.346681059686,
      "e_log_p_bonds": -2413.7081856747914,
      "e_log_p_tau": -7.73497592599623,
      "h_nodes": 14447.966929792114,
      "h_bonds": -64.48105484704504,
      "h_tau": 0.6782943126070222,
      "tau_mean": 7.73497592599623,
      "bond_mean_avg": 2.53568493444837,
      "n_parameters": 12564,
      "dim_x0": 8,
      "dim_b_leaf_0": 18,
      "dim_x1": 8,
      "dim_b_leaf_1": 18,
      "dim_x2": 8,
      "dim_b_leaf_2": 18,
      "dim_x3": 8,
      "dim_b_leaf_3": 18,
      "dim_b_lvl0_0": 18,
      "dim_b_lvl0_1": 18
    },
    {
      "step": 7,
      "train_loss": 0.105471425850049,
      "train_quality": 0.9989743543224628,
      "val_loss": 0.4303345490526872,
      "val_quality": 0.9957569680377715,
      "test_quality": 0.9980343178190558,
      "patience_counter": 6,
      "elbo_raw": 7894.306207042904,
      "elbo_relative": 179382.43166358507,
      "e_log_p_nodes": -12733.19212773083,
      "e_log_p_bonds": -2831.7490870552915,
      "e_log_p_tau": -6.2690476954049705,
      "h_nodes": 23828.26515923867,
      "h_bonds": -105.89832389415211,
      "h_tau": 0.4681664013326099,
      "tau_mean": 6.2690476954049705,
      "bond_mean_avg": 3.1401234044305,
      "n_parameters": 12564,
      "dim_x0": 8,