{
  "experiment_name": "kfold_energy_efficiency",
  "run_name": "energy_efficiency-BTT-L4-d18-seed19540-fold1",
  "config": {
    "params": {
      "model": "BTT",
      "L": 4,
      "bond_dim": 18,
      "init_strength": 0.01,
      "bond_prior_alpha": 1.0,
      "added_bias": false,
      "n_epochs": 100,
      "batch_size": 256,
      "patience": 100,
      "min_delta": 0.0001,
      "warmup_epochs": 5,
      "trim_every": 3,
      "trimming_threshold": 0.3,
      "trim_method": "relevance",
      "soft_trim_relaxation": 2
    },
    "fold": 1,
    "seed": 19540
  },
  "hparams": {
    "seed": 19540,
    "fold": 1,
    "dataset": "energy_efficiency",
    "n_features": 8,
    "n_train": 522,
    "n_val": 92,
    "n_test": 154,
    "L": 4,
    "bond_dim": 18,
    "model": "BTT",
    "init_strength": 0.01,
    "bond_prior_alpha": 1.0,
    "added_bias": false,
    "n_epochs": 100,
    "batch_size": 256,
    "patience": 100,
    "min_delta": 0.0001,
    "warmup_epochs": 5,
    "trim_every": 3,
    "trimming_threshold": 0.3,
    "trim_method": "relevance",
    "soft_trim_relaxation": 2
  },
  "metrics_log": [
    {
      "step": 0,
      "train_loss": 698.673991745573,
      "train_quality": -5.825206121107335,
      "val_loss": 633.5072639469516,
      "val_quality": -5.947635723537941,
      "patience_counter": 0,
      "elbo_raw": -209562.42549952972,
      "elbo_relative": 0.0,
      "e_log_p_nodes": -11962.623181658504,
      "e_log_p_bonds": -2659.547584987337,
      "e_log_p_tau": -1.0,
      "h_nodes": -12042.574143844482,
      "h_bonds": 140.0,
      "h_tau": 1.0,
      "tau_mean": 1.0,
      "bond_mean_avg": 1.0,
      "n_parameters": 12564,
      "dim_x0": 8,
      "dim_b_leaf_0": 18,
      "dim_x1": 8,
      "dim_b_leaf_1": 18,
      "dim_x2": 8,
      "dim_b_leaf_2": 18,
      "dim_x3": 8,
      "dim_b_leaf_3": 18,
      "dim_b_lvl0_0": 18,
      "dim_b_lvl0_1": 18
    },
    {
      "step": 1,
      "train_loss": 0.1154686581868486,
      "train_quality": 0.9988720098329638,
      "val_loss": 0.20284464517471998,
      "val_quality": 0.997775415084645,
      "test_quality": 0.9976283306801874,
      "patience_counter": 0,
      "elbo_raw": -7820.876703181768,
      "elbo_relative": 201741.54879634795,
      "e_log_p_nodes": -18444.259555124914,
      "e_log_p_bonds": -2659.547584987337,
      "e_log_p_tau": -3.6271396377836442,
      "h_nodes": 13548.908830606058,
      "h_bonds": 140.0,
      "h_tau": -0.07806283882950993,
      "tau_mean": 3.6271396377836442,
      "bond_mean_avg": 1.0,
      "n_parameters": 12564,
      "dim_x0": 8,
      "dim_b_leaf_0": 18,
      "dim_x1": 8,
      "dim_b_leaf_1": 18,
      "dim_x2": 8,
      "dim_b_leaf_2": 18,
      "dim_x3": 8,
      "dim_b_leaf_3": 18,
      "dim_b_lvl0_0": 18,
      "dim_b_lvl0_1": 18
    },
    {
      "step": 2,
      "train_loss": 0.11440780260791542,
      "train_quality": 0.9988823731183823,
      "val_loss": 0.20479744922210538,
      "val_quality": 0.9977539988011501,
      "test_quality": 0.9975124631924942,
      "patience_counter": 1,
      "elbo_raw": -6603.326556269478,
      "elbo_relative": 202959.09894326024,
      "e_log_p_nodes": -18013.299556790003,
      "e_log_p_bonds": -2659.547584987337,
      "e_log_p_tau": -6.052628273766212,
      "h_nodes": 14201.342338654245,
      "h_bonds": 140.0,
      "h_tau": 0.4339854052072951,
      "tau_mean": 6.052628273766212,
      "bond_mean_avg": 1.0,
      "n_parameters": 12564,
      "dim_x0": 8,
      "dim_b_leaf_0": 18,
      "dim_x1": 8,
      "dim_b_leaf_1": 18,
      "dim_x2": 8,
      "dim_b_leaf_2": 18,
      "dim_x3": 8,
      "dim_b_leaf_3": 18,
      "dim_b_lvl0_0": 18,
      "dim_b_lvl0_1": 18
    },
    {
      "step": 3,
      "train_loss": 0.11411900320671425,
      "train_quality": 0.9988851943418201,
      "val_loss": 0.2092742209563637,
      "val_quality": 0.9977049023171836,
      "test_quality": 0.9974876957741071,
      "patience_counter": 2,
      "elbo_raw": -6733.346835940938,
      "elbo_relative": 202829.0786635888,
      "e_log_p_nodes": -18145.524894224352,
      "e_log_p_bonds": -2659.547584987337,
      "e_log_p_tau": -6.760860876379233,
      "h_nodes": 14174.555085957702,
      "h_bonds": 140.0,
      "h_tau": 0.5446430326076097,
      "tau_mean": 6.760860876379233,
      "bond_mean_avg": 1.0,
      "n_parameters": 12564,
      "dim_x0": 8,
      "dim_b_leaf_0": 18,
      "dim_x1": 8,
      "dim_b_leaf_1": 18,
      "dim_x2": 8,
      "dim_b_leaf_2": 18,
      "dim_x3": 8,
      "dim_b_leaf_3": 18,
      "dim_b_lvl0_0": 18,
      "dim_b_lvl0_1": 18
    },
    {
      "step": 4,
      "train_loss": 0.11486209208447473,
      "train_quality": 0.9988779352555839,
      "val_loss": 0.2063529363549346,
      "val_quality": 0.9977369398681488,
      "test_quality": 0.9974878261295576,
      "patience_counter": 3,
      "elbo_raw": -6610.101138741647,
      "elbo_relative": 202952.32436078807,
      "e_log_p_nodes": -18124.831242334272,
      "e_log_p_bonds": -2659.547584987337,
      "e_log_p_tau": -6.91754688826351,
      "h_nodes": 14271.104483958447,
      "h_bonds": 140.0,
      "h_tau": 0.5675540129493584,
      "tau_mean": 6.91754688826351,
      "bond_mean_avg": 1.0,
      "n_parameters": 12564,
      "dim_x0": 8,
      "dim_b_leaf_0": 18,
      "dim_x1": 8,
      "dim_b_leaf_1": 18,
      "dim_x2": 8,
      "dim_b_leaf_2": 18,
      "dim_x3": 8,
      "dim_b_leaf_3": 18,
      "dim_b_lvl0_0": 18,
      "dim_b_lvl0_1": 18
    },
    {
      "step": 5,
      "train_loss": 0.11577655514864428,
      "train_quality": 0.9988690020492862,
      "val_loss": 0.20306827255529955,
      "val_quality": 0.9977729625767314,
      "test_quality": 0.9974608218736464,
      "patience_counter": 4,
      "elbo_raw": -6515.734870407967,
      "elbo_relative": 203046.69062912176,
      "e_log_p_nodes": -18137.011039548754,
      "e_log_p_bonds": -2659.547584987337,
      "e_log_p_tau": -6.928579846030491,
      "h_nodes": 14377.233031781425,
      "h_bonds": 140.0,
      "h_tau": 0.5691476658623742,
      "tau_mean": 6.928579846030491,
      "bond_mean_avg": 1.0,
      "n_parameters": 12564,
      "dim_x0": 8,
      "dim_b_leaf_0": 18,
      "dim_x1": 8,
      "dim_b_leaf_1": 18,
      "dim_x2": 8,
      "dim_b_leaf_2": 18,
      "dim_x3": 8,
      "dim_b_leaf_3": 18,
      "dim_b_lvl0_0": 18,
      "dim_b_lvl0_1": 18
    },
    {
      "step": 6,
      "train_loss": 0.11805749838354548,
      "train_quality": 0.9988467199722193,
      "val_loss": 0.18775097939319205,
      "val_quality": 0.9979409464014124,
      "test_quality": 0.9975441376487744,
      "patience_counter": 0,
      "elbo_raw": -888.9169399525654,
      "elbo_relative": 208673.50855957717,
      "e_log_p_nodes": -12651.316281645448,
      "e_log_p_bonds": -2448.796120858824,
      "e_log_p_tau": -6.849206560317565,
      "h_nodes": 14519.248899626116,
      "h_bonds": -68.62537418868881,
      "h_tau": 0.5576256170386387,
      "tau_mean": 6.849206560317565,
      "bond_mean_avg": 2.5070551446213356,
      "n_parameters": 12564,
      "dim_x0": 8,
      "dim_b_leaf_0": 18,
      "dim_x1": 8,
      "dim_b_leaf_1": 18,
      "dim_x2": 8,
      "dim_b_leaf_2": 18,
      "dim_x3": 8,
      "dim_b_leaf_3": 18,
      "dim_b_lvl0_0": 18,
      "dim_b_lvl0_1": 18
    },
    {
      "step": 7,
      "train_loss": 0.11678780888159729,
      "train_quality": 0.9988591233143546,
      "val_loss": 0.20163177998616297,
      "val_quality": 0.9977887165035731,
      "test_quality": 0.9975881891535268,
      "patience_counter": 1,
      "elbo_raw": 7865.942879413049,
      "elbo_relative": 217428.36837894277,
      "e_log_p_nodes": -12738.348353186071,
      "e_log_p_bonds": -2861.617587518865,
      "e_log_p_tau": -5.6001817661257585,
      "h_nodes": 23867.89012008282,
      "h_bonds": -109.80380761647963,
      "h_tau": 0.35629185753509773,
      "tau_mean": 5.6001817661257585,
      "bond_mean_avg": 3.071968184319261,
      "n_parameters": 12564,