{
  "experiment_name": "kfold_energy_efficiency",
  "run_name": "energy_efficiency-BTT-L4-d18-seed19540-fold0",
  "config": {
    "params": {
      "model": "BTT",
      "L": 4,
      "bond_dim": 18,
      "init_strength": 0.01,
      "bond_prior_alpha": 1.0,
      "added_bias": false,
      "n_epochs": 100,
      "batch_size": 256,
      "patience": 100,
      "min_delta": 0.0001,
      "warmup_epochs": 5,
      "trim_every": 3,
      "trimming_threshold": 0.3,
      "trim_method": "relevance",
      "soft_trim_relaxation": 2
    },
    "fold": 0,
    "seed": 19540
  },
  "hparams": {
    "seed": 19540,
    "fold": 0,
    "dataset": "energy_efficiency",
    "n_features": 8,
    "n_train": 522,
    "n_val": 92,
    "n_test": 154,
    "L": 4,
    "bond_dim": 18,
    "model": "BTT",
    "init_strength": 0.01,
    "bond_prior_alpha": 1.0,
    "added_bias": false,
    "n_epochs": 100,
    "batch_size": 256,
    "patience": 100,
    "min_delta": 0.0001,
    "warmup_epochs": 5,
    "trim_every": 3,
    "trimming_threshold": 0.3,
    "trim_method": "relevance",
    "soft_trim_relaxation": 2
  },
  "metrics_log": [
    {
      "step": 0,
      "train_loss": 689.6390959397082,
      "train_quality": -5.808580631796457,
      "val_loss": 674.8309834103012,
      "val_quality": -5.945046110268867,
      "patience_counter": 0,
      "elbo_raw": -207204.89055412004,
      "elbo_relative": 0.0,
      "e_log_p_nodes": -11962.623181658504,
      "e_log_p_bonds": -2659.547584987337,
      "e_log_p_tau": -1.0,
      "h_nodes": -12042.574143844482,
      "h_bonds": 140.0,
      "h_tau": 1.0,
      "tau_mean": 1.0,
      "bond_mean_avg": 1.0,
      "n_parameters": 12564,
      "dim_x0": 8,
      "dim_b_leaf_0": 18,
      "dim_x1": 8,
      "dim_b_leaf_1": 18,
      "dim_x2": 8,
      "dim_b_leaf_2": 18,
      "dim_x3": 8,
      "dim_b_leaf_3": 18,
      "dim_b_lvl0_0": 18,
      "dim_b_lvl0_1": 18
    },
    {
      "step": 1,
      "train_loss": 0.09794235330751552,
      "train_quality": 0.9990330472653186,
      "val_loss": 0.2472394253647665,
      "val_quality": 0.9974555270109898,
      "test_quality": 0.9971743992606773,
      "patience_counter": 0,
      "elbo_raw": -7968.778859076416,
      "elbo_relative": 199236.11169504363,
      "e_log_p_nodes": -18631.769628996135,
      "e_log_p_bonds": -2659.547584987337,
      "e_log_p_tau": -3.0030595554960935,
      "h_nodes": 13637.985682170523,
      "h_bonds": 140.0,
      "h_tau": -0.2668755771112501,
      "tau_mean": 3.0030595554960935,
      "bond_mean_avg": 1.0,
      "n_parameters": 12564,
      "dim_x0": 8,
      "dim_b_leaf_0": 18,
      "dim_x1": 8,
      "dim_b_leaf_1": 18,
      "dim_x2": 8,
      "dim_b_leaf_2": 18,
      "dim_x3": 8,
      "dim_b_leaf_3": 18,
      "dim_b_lvl0_0": 18,
      "dim_b_lvl0_1": 18
    },
    {
      "step": 2,
      "train_loss": 0.10258438516426112,
      "train_quality": 0.9989872180071195,
      "val_loss": 0.2514623533019462,
      "val_quality": 0.9974120666039175,
      "test_quality": 0.9971619116210318,
      "patience_counter": 1,
      "elbo_raw": -6702.588749194727,
      "elbo_relative": 200502.30180492532,
      "e_log_p_nodes": -18389.116625903014,
      "e_log_p_bonds": -2659.547584987337,
      "e_log_p_tau": -5.58846551682796,
      "h_nodes": 14498.801679214353,
      "h_bonds": 140.0,
      "h_tau": 0.35419754652798474,
      "tau_mean": 5.58846551682796,
      "bond_mean_avg": 1.0,
      "n_parameters": 12564,
      "dim_x0": 8,
      "dim_b_leaf_0": 18,
      "dim_x1": 8,
      "dim_b_leaf_1": 18,
      "dim_x2": 8,
      "dim_b_leaf_2": 18,
      "dim_x3": 8,
      "dim_b_leaf_3": 18,
      "dim_b_lvl0_0": 18,
      "dim_b_lvl0_1": 18
    },
    {
      "step": 3,
      "train_loss": 0.1023703060139121,
      "train_quality": 0.9989893315403651,
      "val_loss": 0.2598017710269215,
      "val_quality": 0.9973262412016218,
      "test_quality": 0.9971376095777305,
      "patience_counter": 2,
      "elbo_raw": -6409.56588784377,
      "elbo_relative": 200795.32466627625,
      "e_log_p_nodes": -18143.848486831124,
      "e_log_p_bonds": -2659.547584987337,
      "e_log_p_tau": -7.101805158606231,
      "h_nodes": 14483.769577062665,
      "h_bonds": 140.0,
      "h_tau": 0.5938418015068692,
      "tau_mean": 7.101805158606231,
      "bond_mean_avg": 1.0,
      "n_parameters": 12564,
      "dim_x0": 8,
      "dim_b_leaf_0": 18,
      "dim_x1": 8,
      "dim_b_leaf_1": 18,
      "dim_x2": 8,
      "dim_b_leaf_2": 18,
      "dim_x3": 8,
      "dim_b_leaf_3": 18,
      "dim_b_lvl0_0": 18,
      "dim_b_lvl0_1": 18
    },
    {
      "step": 4,
      "train_loss": 0.10344511635746634,
      "train_quality": 0.9989787202903199,
      "val_loss": 0.2575577559198705,
      "val_quality": 0.9973493355597259,
      "test_quality": 0.9971612263855975,
      "patience_counter": 3,
      "elbo_raw": -6086.572085880154,
      "elbo_relative": 201118.3184682399,
      "e_log_p_nodes": -17857.67609577777,
      "e_log_p_bonds": -2659.547584987337,
      "e_log_p_tau": -7.59644016025245,
      "h_nodes": 14502.950323494522,
      "h_bonds": 140.0,
      "h_tau": 0.6611725396760448,
      "tau_mean": 7.59644016025245,
      "bond_mean_avg": 1.0,
      "n_parameters": 12564,
      "dim_x0": 8,
      "dim_b_leaf_0": 18,
      "dim_x1": 8,
      "dim_b_leaf_1": 18,
      "dim_x2": 8,
      "dim_b_leaf_2": 18,
      "dim_x3": 8,
      "dim_b_leaf_3": 18,
      "dim_b_lvl0_0": 18,
      "dim_b_lvl0_1": 18
    },
    {
      "step": 5,
      "train_loss": 0.1035526215298206,
      "train_quality": 0.9989776589270088,
      "val_loss": 0.25468959219040993,
      "val_quality": 0.9973788533646913,
      "test_quality": 0.9971047271222754,
      "patience_counter": 4,
      "elbo_raw": -5879.968043725728,
      "elbo_relative": 201324.9225103943,
      "e_log_p_nodes": -17755.48056917124,
      "e_log_p_bonds": -2659.547584987337,
      "e_log_p_tau": -7.753660638285802,
      "h_nodes": 14601.991674020237,
      "h_bonds": 140.0,
      "h_tau": 0.6816578743557784,
      "tau_mean": 7.753660638285802,
      "bond_mean_avg": 1.0,
      "n_parameters": 12564,
      "dim_x0": 8,
      "dim_b_leaf_0": 18,
      "dim_x1": 8,
      "dim_b_leaf_1": 18,
      "dim_x2": 8,
      "dim_b_leaf_2": 18,
      "dim_x3": 8,
      "dim_b_leaf_3": 18,
      "dim_b_lvl0_0": 18,
      "dim_b_lvl0_1": 18
    },
    {
      "step": 6,
      "train_loss": 0.10437896887197996,
      "train_quality": 0.9989695006706946,
      "val_loss": 0.246393302377384,
      "val_quality": 0.9974642349146083,
      "test_quality": 0.9971718088270275,
      "patience_counter": 5,
      "elbo_raw": -549.2026324243525,
      "elbo_relative": 206655.68792169567,
      "e_log_p_nodes": -12637.86918896904,
      "e_log_p_bonds": -2386.6004435245572,
      "e_log_p_tau": -7.705798309283131,
      "h_nodes": 14744.229073462184,
      "h_bonds": -60.40816790359021,
      "h_tau": 0.6754658747406665,
      "tau_mean": 7.705798309283131,
      "bond_mean_avg": 2.658588395479252,
      "n_parameters": 12564,
      "dim_x0": 8,
      "dim_b_leaf_0": 18,
      "dim_x1": 8,
      "dim_b_leaf_1": 18,
      "dim_x2": 8,
      "dim_b_leaf_2": 18,
      "dim_x3": 8,
      "dim_b_leaf_3": 18,
      "dim_b_lvl0_0": 18,
      "dim_b_lvl0_1": 18
    },
    {
      "step": 7,
      "train_loss": 0.10139215425842654,
      "train_quality": 0.9989989885118689,
      "val_loss": 0.24255419190456073,
      "val_quality": 0.9975037452511395,
      "test_quality": 0.997073322611103,
      "patience_counter": 6,
      "elbo_raw": 8212.4947808103,
      "elbo_relative": 215417.38533493032,
      "e_log_p_nodes": -12732.584623695206,
      "e_log_p_bonds": -2810.552301757863,
      "e_log_p_tau": -6.320618487195106,
      "h_nodes": 24118.844425484556,
      "h_bonds": -102.74196875960929,
      "h_tau": 0.47730986735268743,
      "tau_mean": 6.320618487195106,
      "bond_mean_avg": 3.233615478131072,
      "n_parameters": 12564,