{
  "experiment_name": "kfold_energy_efficiency",
  "run_name": "energy_efficiency-BTT-L4-d18-seed47659-fold1",
  "config": {
    "params": {
      "model": "BTT",
      "L": 4,
      "bond_dim": 18,
      "init_strength": 0.01,
      "bond_prior_alpha": 1.0,
      "added_bias": false,
      "n_epochs": 100,
      "batch_size": 256,
      "patience": 100,
      "min_delta": 0.0001,
      "warmup_epochs": 5,
      "trim_every": 3,
      "trimming_threshold": 0.3,
      "trim_method": "relevance",
      "soft_trim_relaxation": 2
    },
    "fold": 1,
    "seed": 47659
  },
  "hparams": {
    "seed": 47659,
    "fold": 1,
    "dataset": "energy_efficiency",
    "n_features": 8,
    "n_train": 522,
    "n_val": 92,
    "n_test": 154,
    "L": 4,
    "bond_dim": 18,
    "model": "BTT",
    "init_strength": 0.01,
    "bond_prior_alpha": 1.0,
    "added_bias": false,
    "n_epochs": 100,
    "batch_size": 256,
    "patience": 100,
    "min_delta": 0.0001,
    "warmup_epochs": 5,
    "trim_every": 3,
    "trimming_threshold": 0.3,
    "trim_method": "relevance",
    "soft_trim_relaxation": 2
  },
  "metrics_log": [
    {
      "step": 0,
      "train_loss": 968.9468419494585,
      "train_quality": -8.5777406587187,
      "val_loss": 963.2099824709326,
      "val_quality": -9.43669284670474,
      "patience_counter": 0,
      "elbo_raw": -280104.375169001,
      "elbo_relative": 0.0,
      "e_log_p_nodes": -11962.623181658506,
      "e_log_p_bonds": -2659.547584987337,
      "e_log_p_tau": -1.0,
      "h_nodes": -12042.574143844482,
      "h_bonds": 140.0,
      "h_tau": 1.0,
      "tau_mean": 1.0,
      "bond_mean_avg": 1.0,
      "n_parameters": 12564,
      "dim_x0": 8,
      "dim_b_leaf_0": 18,
      "dim_x1": 8,
      "dim_b_leaf_1": 18,
      "dim_x2": 8,
      "dim_b_leaf_2": 18,
      "dim_x3": 8,
      "dim_b_leaf_3": 18,
      "dim_b_lvl0_0": 18,
      "dim_b_lvl0_1": 18
    },
    {
      "step": 1,
      "train_loss": 0.1200867126683815,
      "train_quality": 0.9988129798863045,
      "val_loss": 0.17668075876400519,
      "val_quality": 0.9980856066229584,
      "test_quality": 0.9971835479303899,
      "patience_counter": 0,
      "elbo_raw": -7516.409926142853,
      "elbo_relative": 272587.96524285816,
      "e_log_p_nodes": -18079.374835513998,
      "e_log_p_bonds": -2659.547584987337,
      "e_log_p_tau": -2.1777671529099876,
      "h_nodes": 13622.148676325987,
      "h_bonds": 140.0,
      "h_tau": -0.5882070877935348,
      "tau_mean": 2.1777671529099876,
      "bond_mean_avg": 1.0,
      "n_parameters": 12564,
      "dim_x0": 8,
      "dim_b_leaf_0": 18,
      "dim_x1": 8,
      "dim_b_leaf_1": 18,
      "dim_x2": 8,
      "dim_b_leaf_2": 18,
      "dim_x3": 8,
      "dim_b_leaf_3": 18,
      "dim_b_lvl0_0": 18,
      "dim_b_lvl0_1": 18
    },
    {
      "step": 2,
      "train_loss": 0.10864940207692926,
      "train_quality": 0.9989260341736353,
      "val_loss": 0.18438260928085015,
      "val_quality": 0.9980021545723585,
      "test_quality": 0.9972879750879673,
      "patience_counter": 1,
      "elbo_raw": -6581.5955367063925,
      "elbo_relative": 273522.7796322946,
      "e_log_p_nodes": -18096.997820921326,
      "e_log_p_bonds": -2659.547584987337,
      "e_log_p_tau": -4.022663167767055,
      "h_nodes": 14413.811304822148,
      "h_bonds": 140.0,
      "h_tau": 0.02543696491625269,
      "tau_mean": 4.022663167767055,
      "bond_mean_avg": 1.0,
      "n_parameters": 12564,
      "dim_x0": 8,
      "dim_b_leaf_0": 18,
      "dim_x1": 8,
      "dim_b_leaf_1": 18,
      "dim_x2": 8,
      "dim_b_leaf_2": 18,
      "dim_x3": 8,
      "dim_b_leaf_3": 18,
      "dim_b_lvl0_0": 18,
      "dim_b_lvl0_1": 18
    },
    {
      "step": 3,
      "train_loss": 0.10730827629775942,
      "train_quality": 0.998939290788289,
      "val_loss": 0.19184378982704572,
      "val_quality": 0.9979213102590192,
      "test_quality": 0.9971759487922779,
      "patience_counter": 2,
      "elbo_raw": -6244.281385455353,
      "elbo_relative": 273860.09378354566,
      "e_log_p_nodes": -17926.906836334307,
      "e_log_p_bonds": -2659.547584987337,
      "e_log_p_tau": -5.684747760471516,
      "h_nodes": 14490.423766831544,
      "h_bonds": 140.0,
      "h_tau": 0.3712795589920006,
      "tau_mean": 5.684747760471516,
      "bond_mean_avg": 1.0,
      "n_parameters": 12564,
      "dim_x0": 8,
      "dim_b_leaf_0": 18,
      "dim_x1": 8,
      "dim_b_leaf_1": 18,
      "dim_x2": 8,
      "dim_b_leaf_2": 18,
      "dim_x3": 8,
      "dim_b_leaf_3": 18,
      "dim_b_lvl0_0": 18,
      "dim_b_lvl0_1": 18
    },
    {
      "step": 4,
      "train_loss": 0.10746250402053488,
      "train_quality": 0.9989377662948212,
      "val_loss": 0.1904134898470852,
      "val_quality": 0.99793680802362,
      "test_quality": 0.9972362834576882,
      "patience_counter": 3,
      "elbo_raw": -6199.785314048169,
      "elbo_relative": 273904.5898549528,
      "e_log_p_nodes": -17968.58406281353,
      "e_log_p_bonds": -2659.547584987337,
      "e_log_p_tau": -6.740537564880644,
      "h_nodes": 14531.964584110168,
      "h_bonds": 140.0,
      "h_tau": 0.5416324812285893,
      "tau_mean": 6.740537564880644,
      "bond_mean_avg": 1.0,
      "n_parameters": 12564,
      "dim_x0": 8,
      "dim_b_leaf_0": 18,
      "dim_x1": 8,
      "dim_b_leaf_1": 18,
      "dim_x2": 8,
      "dim_b_leaf_2": 18,
      "dim_x3": 8,
      "dim_b_leaf_3": 18,
      "dim_b_lvl0_0": 18,
      "dim_b_lvl0_1": 18
    },
    {
      "step": 5,
      "train_loss": 0.10767894738966416,
      "train_quality": 0.9989356268188799,
      "val_loss": 0.1850489497023538,
      "val_quality": 0.9979949345575776,
      "test_quality": 0.9972314702298525,
      "patience_counter": 4,
      "elbo_raw": -6146.802046605428,
      "elbo_relative": 273957.57312239555,
      "e_log_p_nodes": -17946.056329173218,
      "e_log_p_bonds": -2659.547584987337,
      "e_log_p_tau": -7.1608420758981195,
      "h_nodes": 14546.572245976113,
      "h_bonds": 140.0,
      "h_tau": 0.6021203845068612,
      "tau_mean": 7.1608420758981195,
      "bond_mean_avg": 1.0,
      "n_parameters": 12564,
      "dim_x0": 8,
      "dim_b_leaf_0": 18,
      "dim_x1": 8,
      "dim_b_leaf_1": 18,
      "dim_x2": 8,
      "dim_b_leaf_2": 18,
      "dim_x3": 8,
      "dim_b_leaf_3": 18,
      "dim_b_lvl0_0": 18,
      "dim_b_lvl0_1": 18
    },
    {
      "step": 6,
      "train_loss": 0.10882858850440519,
      "train_quality": 0.9989242629710702,
      "val_loss": 0.1851808545357985,
      "val_quality": 0.9979935053258869,
      "test_quality": 0.9972075139245706,
      "patience_counter": 5,
      "elbo_raw": -794.6046276370507,
      "elbo_relative": 279309.7705413639,
      "e_log_p_nodes": -12644.911279414488,
      "e_log_p_bonds": -2430.1432006045766,
      "e_log_p_tau": -7.301757614790345,
      "h_nodes": 14569.565494546692,
      "h_bonds": -66.45093289021695,
      "h_tau": 0.6216078904074038,
      "tau_mean": 7.301757614790345,
      "bond_mean_avg": 2.5228648381391734,
      "n_parameters": 12564,
      "dim_x0": 8,
      "dim_b_leaf_0": 18,
      "dim_x1": 8,
      "dim_b_leaf_1": 18,
      "dim_x2": 8,
      "dim_b_leaf_2": 18,
      "dim_x3": 8,
      "dim_b_leaf_3": 18,
      "dim_b_lvl0_0": 18,
      "dim_b_lvl0_1": 18
    },
    {
      "step": 7,
      "train_loss": 0.10747977542531827,
      "train_quality": 0.9989375955723124,
      "val_loss": 0.17960284306404076,
      "val_quality": 0.998053944890972,
      "test_quality": 0.9971951210972769,
      "patience_counter": 6,
      "elbo_raw": 8036.860761462893,
      "elbo_relative": 288141.2359304639,
      "e_log_p_nodes": -12745.056499111328,
      "e_log_p_bonds": -2846.96432940395,
      "e_log_p_tau": -5.879772202072384,
      "h_nodes": 24017.838464563505,
      "h_bonds": -109.54373840858206,
      "h_tau": 0.4050108220999391,
      "tau_mean": 5.879772202072384,
      "bond_mean_avg": 2.9235786634001757,
      "n_parameters": 12564,