{
  "experiment_name": "kfold_energy_efficiency",
  "run_name": "energy_efficiency-BTT-L4-d18-seed42-fold4",
  "config": {
    "params": {
      "model": "BTT",
      "L": 4,
      "bond_dim": 18,
      "init_strength": 0.01,
      "bond_prior_alpha": 1.0,
      "added_bias": false,
      "n_epochs": 100,
      "batch_size": 256,
      "patience": 100,
      "min_delta": 0.0001,
      "warmup_epochs": 5,
      "trim_every": 3,
      "trimming_threshold": 0.3,
      "trim_method": "relevance",
      "soft_trim_relaxation": 2
    },
    "fold": 4,
    "seed": 42
  },
  "hparams": {
    "seed": 42,
    "fold": 4,
    "dataset": "energy_efficiency",
    "n_features": 8,
    "n_train": 523,
    "n_val": 92,
    "n_test": 153,
    "L": 4,
    "bond_dim": 18,
    "model": "BTT",
    "init_strength": 0.01,
    "bond_prior_alpha": 1.0,
    "added_bias": false,
    "n_epochs": 100,
    "batch_size": 256,
    "patience": 100,
    "min_delta": 0.0001,
    "warmup_epochs": 5,
    "trim_every": 3,
    "trimming_threshold": 0.3,
    "trim_method": "relevance",
    "soft_trim_relaxation": 2
  },
  "metrics_log": [
    {
      "step": 0,
      "train_loss": 1283.514988561113,
      "train_quality": -11.368208846257668,
      "val_loss": 1249.8824221710881,
      "val_quality": -10.558669222639638,
      "patience_counter": 0,
      "elbo_raw": -362847.8885929132,
      "elbo_relative": 0.0,
      "e_log_p_nodes": -11962.623181658504,
      "e_log_p_bonds": -2659.547584987337,
      "e_log_p_tau": -1.0,
      "h_nodes": -12042.574143844482,
      "h_bonds": 140.0,
      "h_tau": 1.0,
      "tau_mean": 1.0,
      "bond_mean_avg": 1.0,
      "n_parameters": 12564,
      "dim_x0": 8,
      "dim_b_leaf_0": 18,
      "dim_x1": 8,
      "dim_b_leaf_1": 18,
      "dim_x2": 8,
      "dim_b_leaf_2": 18,
      "dim_x3": 8,
      "dim_b_leaf_3": 18,
      "dim_b_lvl0_0": 18,
      "dim_b_lvl0_1": 18
    },
    {
      "step": 1,
      "train_loss": 0.15599885396248048,
      "train_quality": 0.9984967636351891,
      "val_loss": 0.37560288256386937,
      "val_quality": 0.9965264976916113,
      "test_quality": 0.9959053897901239,
      "patience_counter": 0,
      "elbo_raw": -8317.641920834376,
      "elbo_relative": 354530.24667207885,
      "e_log_p_nodes": -18834.700031589018,
      "e_log_p_bonds": -2659.547584987337,
      "e_log_p_tau": -1.780770216832866,
      "h_nodes": 13630.101973873881,
      "h_bonds": 140.0,
      "h_tau": -0.7904120822668119,
      "tau_mean": 1.780770216832866,
      "bond_mean_avg": 1.0,
      "n_parameters": 12564,
      "dim_x0": 8,
      "dim_b_leaf_0": 18,
      "dim_x1": 8,
      "dim_b_leaf_1": 18,
      "dim_x2": 8,
      "dim_b_leaf_2": 18,
      "dim_x3": 8,
      "dim_b_leaf_3": 18,
      "dim_b_lvl0_0": 18,
      "dim_b_lvl0_1": 18
    },
    {
      "step": 2,
      "train_loss": 0.12272063259885357,
      "train_quality": 0.9988174392763196,
      "val_loss": 0.2717458763379571,
      "val_quality": 0.9974869470587876,
      "test_quality": 0.9973134413391282,
      "patience_counter": 0,
      "elbo_raw": -6888.121245889375,
      "elbo_relative": 355959.7673470238,
      "e_log_p_nodes": -18549.734675098265,
      "e_log_p_bonds": -2659.547584987337,
      "e_log_p_tau": -2.862443777087173,
      "h_nodes": 14650.066939921187,
      "h_bonds": 140.0,
      "h_tau": -0.3157823315711994,
      "tau_mean": 2.862443777087173,
      "bond_mean_avg": 1.0,
      "n_parameters": 12564,
      "dim_x0": 8,
      "dim_b_leaf_0": 18,
      "dim_x1": 8,
      "dim_b_leaf_1": 18,
      "dim_x2": 8,
      "dim_b_leaf_2": 18,
      "dim_x3": 8,
      "dim_b_leaf_3": 18,
      "dim_b_lvl0_0": 18,
      "dim_b_lvl0_1": 18
    },
    {
      "step": 3,
      "train_loss": 0.12336641457585867,
      "train_quality": 0.9988112163911707,
      "val_loss": 0.26446132056897276,
      "val_quality": 0.9975543132118544,
      "test_quality": 0.997509254342395,
      "patience_counter": 1,
      "elbo_raw": -6111.012915662575,
      "elbo_relative": 356736.8756772507,
      "e_log_p_nodes": -17968.707164715688,
      "e_log_p_bonds": -2659.547584987337,
      "e_log_p_tau": -3.9728337361957595,
      "h_nodes": 14760.09931377553,
      "h_bonds": 140.0,
      "h_tau": 0.012021568462614596,
      "tau_mean": 3.9728337361957595,
      "bond_mean_avg": 1.0,
      "n_parameters": 12564,
      "dim_x0": 8,
      "dim_b_leaf_0": 18,
      "dim_x1": 8,
      "dim_b_leaf_1": 18,
      "dim_x2": 8,
      "dim_b_leaf_2": 18,
      "dim_x3": 8,
      "dim_b_leaf_3": 18,
      "dim_b_lvl0_0": 18,
      "dim_b_lvl0_1": 18
    },
    {
      "step": 4,
      "train_loss": 0.12051232517806362,
      "train_quality": 0.9988387189712359,
      "val_loss": 0.2604160267507834,
      "val_quality": 0.9975917233012543,
      "test_quality": 0.9975329216378037,
      "patience_counter": 0,
      "elbo_raw": -5982.928806366006,
      "elbo_relative": 356864.95978654723,
      "e_log_p_nodes": -17897.411349172246,
      "e_log_p_bonds": -2659.547584987337,
      "e_log_p_tau": -5.139973678612553,
      "h_nodes": 14749.275913221061,
      "h_bonds": 140.0,
      "h_tau": 0.2695898994950312,
      "tau_mean": 5.139973678612553,
      "bond_mean_avg": 1.0,
      "n_parameters": 12564,
      "dim_x0": 8,
      "dim_b_leaf_0": 18,
      "dim_x1": 8,
      "dim_b_leaf_1": 18,
      "dim_x2": 8,
      "dim_b_leaf_2": 18,
      "dim_x3": 8,
      "dim_b_leaf_3": 18,
      "dim_b_lvl0_0": 18,
      "dim_b_lvl0_1": 18
    },
    {
      "step": 5,
      "train_loss": 0.12021574053342214,
      "train_quality": 0.9988415769205845,
      "val_loss": 0.27537407218521204,
      "val_quality": 0.997453394210192,
      "test_quality": 0.9975871425654734,
      "patience_counter": 1,
      "elbo_raw": -5824.689083185265,
      "elbo_relative": 357023.19950972794,
      "e_log_p_nodes": -17804.128172566983,
      "e_log_p_bonds": -2659.547584987337,
      "e_log_p_tau": -6.0199612204399156,
      "h_nodes": 14772.748834896576,
      "h_bonds": 140.0,
      "h_tau": 0.4276227584462049,
      "tau_mean": 6.0199612204399156,
      "bond_mean_avg": 1.0,
      "n_parameters": 12564,
      "dim_x0": 8,
      "dim_b_leaf_0": 18,
      "dim_x1": 8,
      "dim_b_leaf_1": 18,
      "dim_x2": 8,
      "dim_b_leaf_2": 18,
      "dim_x3": 8,
      "dim_b_leaf_3": 18,
      "dim_b_lvl0_0": 18,
      "dim_b_lvl0_1": 18
    },
    {
      "step": 6,
      "train_loss": 0.12298324746961496,
      "train_quality": 0.9988149086665514,
      "val_loss": 0.264199192460513,
      "val_quality": 0.9975567373215514,
      "test_quality": 0.9976918769387688,
      "patience_counter": 2,
      "elbo_raw": -567.5009329654022,
      "elbo_relative": 362280.3876599478,
      "e_log_p_nodes": -12640.263981136726,
      "e_log_p_bonds": -2408.3489980321697,
      "e_log_p_tau": -6.40660670562411,
      "h_nodes": 14800.85037426929,
      "h_bonds": -62.31652316588224,
      "h_tau": 0.4898716966001757,
      "tau_mean": 6.40660670562411,
      "bond_mean_avg": 2.7156023659369675,
      "n_parameters": 12564,
      "dim_x0": 8,
      "dim_b_leaf_0": 18,
      "dim_x1": 8,
      "dim_b_leaf_1": 18,
      "dim_x2": 8,
      "dim_b_leaf_2": 18,
      "dim_x3": 8,
      "dim_b_leaf_3": 18,
      "dim_b_lvl0_0": 18,
      "dim_b_lvl0_1": 18
    },
    {
      "step": 7,
      "train_loss": 0.11629036896237467,
      "train_quality": 0.9988794025913578,
      "val_loss": 0.2620153400053321,
      "val_quality": 0.9975769331637464,
      "test_quality": 0.9976088663492093,
      "patience_counter": 3,
      "elbo_raw": 8224.983519366246,
      "elbo_relative": 371072.87211227947,
      "e_log_p_nodes": -12739.61071744394,
      "e_log_p_bonds": -2838.3142634505725,
      "e_log_p_tau": -5.354619144177917,
      "h_nodes": 24213.86247593849,
      "h_bonds": -106.44749664690806,
      "h_tau": 0.31050152076863924,
      "tau_mean": 5.354619144177917,
      "bond_mean_avg": 3.1639707769841054,
      "n_parameters": 12564,