{
  "experiment_name": "kfold_energy_efficiency",
  "run_name": "energy_efficiency-BTT-L4-d18-seed42806-fold1",
  "config": {
    "params": {
      "model": "BTT",
      "L": 4,
      "bond_dim": 18,
      "init_strength": 0.01,
      "bond_prior_alpha": 1.0,
      "added_bias": false,
      "n_epochs": 100,
      "batch_size": 256,
      "patience": 100,
      "min_delta": 0.0001,
      "warmup_epochs": 5,
      "trim_every": 3,
      "trimming_threshold": 0.3,
      "trim_method": "relevance",
      "soft_trim_relaxation": 2
    },
    "fold": 1,
    "seed": 42806
  },
  "hparams": {
    "seed": 42806,
    "fold": 1,
    "dataset": "energy_efficiency",
    "n_features": 8,
    "n_train": 522,
    "n_val": 92,
    "n_test": 154,
    "L": 4,
    "bond_dim": 18,
    "model": "BTT",
    "init_strength": 0.01,
    "bond_prior_alpha": 1.0,
    "added_bias": false,
    "n_epochs": 100,
    "batch_size": 256,
    "patience": 100,
    "min_delta": 0.0001,
    "warmup_epochs": 5,
    "trim_every": 3,
    "trimming_threshold": 0.3,
    "trim_method": "relevance",
    "soft_trim_relaxation": 2
  },
  "metrics_log": [
    {
      "step": 0,
      "train_loss": 532.8174190439182,
      "train_quality": -4.350175301936459,
      "val_loss": 566.0043681134322,
      "val_quality": -4.360884169397388,
      "patience_counter": 0,
      "elbo_raw": -166273.88957105865,
      "elbo_relative": 0.0,
      "e_log_p_nodes": -11962.623181658504,
      "e_log_p_bonds": -2659.547584987337,
      "e_log_p_tau": -1.0,
      "h_nodes": -12042.574143844482,
      "h_bonds": 140.0,
      "h_tau": 1.0,
      "tau_mean": 1.0,
      "bond_mean_avg": 1.0,
      "n_parameters": 12564,
      "dim_x0": 8,
      "dim_b_leaf_0": 18,
      "dim_x1": 8,
      "dim_b_leaf_1": 18,
      "dim_x2": 8,
      "dim_b_leaf_2": 18,
      "dim_x3": 8,
      "dim_b_leaf_3": 18,
      "dim_b_lvl0_0": 18,
      "dim_b_lvl0_1": 18
    },
    {
      "step": 1,
      "train_loss": 0.1162935312845881,
      "train_quality": 0.9988322626914671,
      "val_loss": 0.19756484981488232,
      "val_quality": 0.998128773671249,
      "test_quality": 0.9974761000428504,
      "patience_counter": 0,
      "elbo_raw": -7706.946914690594,
      "elbo_relative": 158566.94265636805,
      "e_log_p_nodes": -18451.99440392085,
      "e_log_p_bonds": -2659.547584987337,
      "e_log_p_tau": -2.4659052641702717,
      "h_nodes": 13771.675524529695,
      "h_bonds": 140.0,
      "h_tau": -0.46394821071203296,
      "tau_mean": 2.4659052641702717,
      "bond_mean_avg": 1.0,
      "n_parameters": 12564,
      "dim_x0": 8,
      "dim_b_leaf_0": 18,
      "dim_x1": 8,
      "dim_b_leaf_1": 18,
      "dim_x2": 8,
      "dim_b_leaf_2": 18,
      "dim_x3": 8,
      "dim_b_leaf_3": 18,
      "dim_b_lvl0_0": 18,
      "dim_b_lvl0_1": 18
    },
    {
      "step": 2,
      "train_loss": 0.11677585284187438,
      "train_quality": 0.9988274195598593,
      "val_loss": 0.2185304777976326,
      "val_quality": 0.9979301986964146,
      "test_quality": 0.9973860783888776,
      "patience_counter": 1,
      "elbo_raw": -6197.579852738463,
      "elbo_relative": 160076.30971832018,
      "e_log_p_nodes": -18072.107777083667,
      "e_log_p_bonds": -2659.547584987337,
      "e_log_p_tau": -4.395001734562803,
      "h_nodes": 14749.743806931632,
      "h_bonds": 140.0,
      "h_tau": 0.11396072788852507,
      "tau_mean": 4.395001734562803,
      "bond_mean_avg": 1.0,
      "n_parameters": 12564,
      "dim_x0": 8,
      "dim_b_leaf_0": 18,
      "dim_x1": 8,
      "dim_b_leaf_1": 18,
      "dim_x2": 8,
      "dim_b_leaf_2": 18,
      "dim_x3": 8,
      "dim_b_leaf_3": 18,
      "dim_b_lvl0_0": 18,
      "dim_b_lvl0_1": 18
    },
    {
      "step": 3,
      "train_loss": 0.12057944932707315,
      "train_quality": 0.9987892265367968,
      "val_loss": 0.21413908486600056,
      "val_quality": 0.9979717915712669,
      "test_quality": 0.9973785011891667,
      "patience_counter": 2,
      "elbo_raw": -5980.769345338002,
      "elbo_relative": 160293.12022572066,
      "e_log_p_nodes": -17941.756456930652,
      "e_log_p_bonds": -2659.547584987337,
      "e_log_p_tau": -5.732684405967491,
      "h_nodes": 14766.585380007786,
      "h_bonds": 140.0,
      "h_tau": 0.37967670582384017,
      "tau_mean": 5.732684405967491,
      "bond_mean_avg": 1.0,
      "n_parameters": 12564,
      "dim_x0": 8,
      "dim_b_leaf_0": 18,
      "dim_x1": 8,
      "dim_b_leaf_1": 18,
      "dim_x2": 8,
      "dim_b_leaf_2": 18,
      "dim_x3": 8,
      "dim_b_leaf_3": 18,
      "dim_b_lvl0_0": 18,
      "dim_b_lvl0_1": 18
    },
    {
      "step": 4,
      "train_loss": 0.11965199679214719,
      "train_quality": 0.9987985393585416,
      "val_loss": 0.21701113981017242,
      "val_quality": 0.9979445890358251,
      "test_quality": 0.9974039661112696,
      "patience_counter": 3,
      "elbo_raw": -6037.626542201797,
      "elbo_relative": 160236.26302885686,
      "e_log_p_nodes": -17956.99285189118,
      "e_log_p_bonds": -2659.547584987337,
      "e_log_p_tau": -6.423474381839971,
      "h_nodes": 14695.15545983839,
      "h_bonds": 140.0,
      "h_tau": 0.49345195437240363,
      "tau_mean": 6.423474381839971,
      "bond_mean_avg": 1.0,
      "n_parameters": 12564,
      "dim_x0": 8,
      "dim_b_leaf_0": 18,
      "dim_x1": 8,
      "dim_b_leaf_1": 18,
      "dim_x2": 8,
      "dim_b_leaf_2": 18,
      "dim_x3": 8,
      "dim_b_leaf_3": 18,
      "dim_b_lvl0_0": 18,
      "dim_b_lvl0_1": 18
    },
    {
      "step": 5,
      "train_loss": 0.12214101733651321,
      "train_quality": 0.9987735463763933,
      "val_loss": 0.2137876016943267,
      "val_quality": 0.9979751206278555,
      "test_quality": 0.9974357439726097,
      "patience_counter": 4,
      "elbo_raw": -5876.351364310021,
      "elbo_relative": 160397.53820674864,
      "e_log_p_nodes": -17858.60596511737,
      "e_log_p_bonds": -2659.547584987337,
      "e_log_p_tau": -6.544537674628219,
      "h_nodes": 14753.151757816524,
      "h_bonds": 140.0,
      "h_tau": 0.5121235610026815,
      "tau_mean": 6.544537674628219,
      "bond_mean_avg": 1.0,
      "n_parameters": 12564,
      "dim_x0": 8,
      "dim_b_leaf_0": 18,
      "dim_x1": 8,
      "dim_b_leaf_1": 18,
      "dim_x2": 8,
      "dim_b_leaf_2": 18,
      "dim_x3": 8,
      "dim_b_leaf_3": 18,
      "dim_b_lvl0_0": 18,
      "dim_b_lvl0_1": 18
    },
    {
      "step": 6,
      "train_loss": 0.1222846917914927,
      "train_quality": 0.998772103699234,
      "val_loss": 0.2276514229626158,
      "val_quality": 0.997843810086539,
      "test_quality": 0.9975272535142024,
      "patience_counter": 5,
      "elbo_raw": -527.7162524162432,
      "elbo_relative": 165746.1733186424,
      "e_log_p_nodes": -12627.998260469152,
      "e_log_p_bonds": -2395.151557738153,
      "e_log_p_tau": -6.65153372394352,
      "h_nodes": 14802.94549983753,
      "h_bonds": -60.41115319185928,
      "h_tau": 0.5283402653392386,
      "tau_mean": 6.65153372394352,
      "bond_mean_avg": 2.7668404710030443,
      "n_parameters": 12564,
      "dim_x0": 8,
      "dim_b_leaf_0": 18,
      "dim_x1": 8,
      "dim_b_leaf_1": 18,
      "dim_x2": 8,
      "dim_b_leaf_2": 18,
      "dim_x3": 8,
      "dim_b_leaf_3": 18,
      "dim_b_lvl0_0": 18,
      "dim_b_lvl0_1": 18
    },
    {
      "step": 7,
      "train_loss": 0.11248075356766284,
      "train_quality": 0.9988705479059585,
      "val_loss": 0.22586368461525722,
      "val_quality": 0.9978607425675325,
      "test_quality": 0.9975666518608963,
      "patience_counter": 6,
      "elbo_raw": 8341.542835532278,
      "elbo_relative": 174615.43240659093,
      "e_log_p_nodes": -12728.848803542929,
      "e_log_p_bonds": -2802.704464788706,
      "e_log_p_tau": -5.607252920351043,
      "h_nodes": 24266.417918074116,
      "h_bonds": -101.47492943361583,
      "h_tau": 0.3575537261717727,
      "tau_mean": 5.607252920351043,
      "bond_mean_avg": 3.2806694428892236,
      "n_parameters": 12564,