{
  "experiment_name": "kfold_energy_efficiency",
  "run_name": "energy_efficiency-BTT-L4-d18-seed47659-fold2",
  "config": {
    "params": {
      "model": "BTT",
      "L": 4,
      "bond_dim": 18,
      "init_strength": 0.01,
      "bond_prior_alpha": 1.0,
      "added_bias": false,
      "n_epochs": 100,
      "batch_size": 256,
      "patience": 100,
      "min_delta": 0.0001,
      "warmup_epochs": 5,
      "trim_every": 3,
      "trimming_threshold": 0.3,
      "trim_method": "relevance",
      "soft_trim_relaxation": 2
    },
    "fold": 2,
    "seed": 47659
  },
  "hparams": {
    "seed": 47659,
    "fold": 2,
    "dataset": "energy_efficiency",
    "n_features": 8,
    "n_train": 522,
    "n_val": 92,
    "n_test": 154,
    "L": 4,
    "bond_dim": 18,
    "model": "BTT",
    "init_strength": 0.01,
    "bond_prior_alpha": 1.0,
    "added_bias": false,
    "n_epochs": 100,
    "batch_size": 256,
    "patience": 100,
    "min_delta": 0.0001,
    "warmup_epochs": 5,
    "trim_every": 3,
    "trimming_threshold": 0.3,
    "trim_method": "relevance",
    "soft_trim_relaxation": 2
  },
  "metrics_log": [
    {
      "step": 0,
      "train_loss": 973.2864640808048,
      "train_quality": -8.489125319807734,
      "val_loss": 919.3718663092773,
      "val_quality": -8.17864699505903,
      "patience_counter": 0,
      "elbo_raw": -281235.92051978275,
      "elbo_relative": 0.0,
      "e_log_p_nodes": -11962.623181658506,
      "e_log_p_bonds": -2659.547584987337,
      "e_log_p_tau": -1.0,
      "h_nodes": -12042.574143844482,
      "h_bonds": 140.0,
      "h_tau": 1.0,
      "tau_mean": 1.0,
      "bond_mean_avg": 1.0,
      "n_parameters": 12564,
      "dim_x0": 8,
      "dim_b_leaf_0": 18,
      "dim_x1": 8,
      "dim_b_leaf_1": 18,
      "dim_x2": 8,
      "dim_b_leaf_2": 18,
      "dim_x3": 8,
      "dim_b_leaf_3": 18,
      "dim_b_lvl0_0": 18,
      "dim_b_lvl0_1": 18
    },
    {
      "step": 1,
      "train_loss": 0.12816764693524269,
      "train_quality": 0.9987504204480415,
      "val_loss": 0.2833463672736862,
      "val_quality": 0.9971711813490901,
      "test_quality": 0.9978117967904846,
      "patience_counter": 0,
      "elbo_raw": -7830.12454697093,
      "elbo_relative": 273405.7959728118,
      "e_log_p_nodes": -18253.297422328356,
      "e_log_p_bonds": -2659.547584987337,
      "e_log_p_tau": -2.2574092826346317,
      "h_nodes": 13472.946197624233,
      "h_bonds": 140.0,
      "h_tau": -0.552289377293846,
      "tau_mean": 2.2574092826346317,
      "bond_mean_avg": 1.0,
      "n_parameters": 12564,
      "dim_x0": 8,
      "dim_b_leaf_0": 18,
      "dim_x1": 8,
      "dim_b_leaf_1": 18,
      "dim_x2": 8,
      "dim_b_leaf_2": 18,
      "dim_x3": 8,
      "dim_b_leaf_3": 18,
      "dim_b_lvl0_0": 18,
      "dim_b_lvl0_1": 18
    },
    {
      "step": 2,
      "train_loss": 0.12369311449653084,
      "train_quality": 0.9987940452189855,
      "val_loss": 0.24878073560729438,
      "val_quality": 0.9975162710161263,
      "test_quality": 0.9979818211466569,
      "patience_counter": 0,
      "elbo_raw": -6820.031862241503,
      "elbo_relative": 274415.88865754125,
      "e_log_p_nodes": -18185.352585215394,
      "e_log_p_bonds": -2659.547584987337,
      "e_log_p_tau": -4.0638470295060625,
      "h_nodes": 14261.061079891542,
      "h_bonds": 140.0,
      "h_tau": 0.03562287127442687,
      "tau_mean": 4.0638470295060625,
      "bond_mean_avg": 1.0,
      "n_parameters": 12564,
      "dim_x0": 8,
      "dim_b_leaf_0": 18,
      "dim_x1": 8,
      "dim_b_leaf_1": 18,
      "dim_x2": 8,
      "dim_b_leaf_2": 18,
      "dim_x3": 8,
      "dim_b_leaf_3": 18,
      "dim_b_lvl0_0": 18,
      "dim_b_lvl0_1": 18
    },
    {
      "step": 3,
      "train_loss": 0.12112024681031898,
      "train_quality": 0.9988191295747295,
      "val_loss": 0.2587206705869402,
      "val_quality": 0.9974170346160629,
      "test_quality": 0.9979218501035003,
      "patience_counter": 1,
      "elbo_raw": -6662.2121949097655,
      "elbo_relative": 274573.708324873,
      "e_log_p_nodes": -18196.25558338241,
      "e_log_p_bonds": -2659.547584987337,
      "e_log_p_tau": -5.532623274631133,
      "h_nodes": 14348.948357916137,
      "h_bonds": 140.0,
      "h_tau": 0.34415487668252354,
      "tau_mean": 5.532623274631133,
      "bond_mean_avg": 1.0,
      "n_parameters": 12564,
      "dim_x0": 8,
      "dim_b_leaf_0": 18,
      "dim_x1": 8,
      "dim_b_leaf_1": 18,
      "dim_x2": 8,
      "dim_b_leaf_2": 18,
      "dim_x3": 8,
      "dim_b_leaf_3": 18,
      "dim_b_lvl0_0": 18,
      "dim_b_lvl0_1": 18
    },
    {
      "step": 4,
      "train_loss": 0.12089110160950278,
      "train_quality": 0.9988213636420953,
      "val_loss": 0.25421158807516503,
      "val_quality": 0.9974620515218046,
      "test_quality": 0.9979455245337284,
      "patience_counter": 2,
      "elbo_raw": -6574.314355603345,
      "elbo_relative": 274661.6061641794,
      "e_log_p_nodes": -18149.938658016617,
      "e_log_p_bonds": -2659.547584987337,
      "e_log_p_tau": -6.218876131967657,
      "h_nodes": 14359.8943698736,
      "h_bonds": 140.0,
      "h_tau": 0.46108200633057095,
      "tau_mean": 6.218876131967657,
      "bond_mean_avg": 1.0,
      "n_parameters": 12564,
      "dim_x0": 8,
      "dim_b_leaf_0": 18,
      "dim_x1": 8,
      "dim_b_leaf_1": 18,
      "dim_x2": 8,
      "dim_b_leaf_2": 18,
      "dim_x3": 8,
      "dim_b_leaf_3": 18,
      "dim_b_lvl0_0": 18,
      "dim_b_lvl0_1": 18
    },
    {
      "step": 5,
      "train_loss": 0.12099380558632836,
      "train_quality": 0.9988203623223987,
      "val_loss": 0.25009106948665444,
      "val_quality": 0.9975031891582132,
      "test_quality": 0.998008058260322,
      "patience_counter": 3,
      "elbo_raw": -6448.099628975047,
      "elbo_relative": 274787.8208908077,
      "e_log_p_nodes": -18062.807992534188,
      "e_log_p_bonds": -2659.547584987337,
      "e_log_p_tau": -6.5260087333325085,
      "h_nodes": 14386.348376542779,
      "h_bonds": 140.0,
      "h_tau": 0.5092883384909328,
      "tau_mean": 6.5260087333325085,
      "bond_mean_avg": 1.0,
      "n_parameters": 12564,
      "dim_x0": 8,
      "dim_b_leaf_0": 18,
      "dim_x1": 8,
      "dim_b_leaf_1": 18,
      "dim_x2": 8,
      "dim_b_leaf_2": 18,
      "dim_x3": 8,
      "dim_b_leaf_3": 18,
      "dim_b_lvl0_0": 18,
      "dim_b_lvl0_1": 18
    },
    {
      "step": 6,
      "train_loss": 0.12094031324423012,
      "train_quality": 0.9988208838497769,
      "val_loss": 0.25191676222943804,
      "val_quality": 0.9974849621601708,
      "test_quality": 0.9980146144279108,
      "patience_counter": 4,
      "elbo_raw": -990.7121559902498,
      "elbo_relative": 280245.2083637925,
      "e_log_p_nodes": -12655.760082668414,
      "e_log_p_bonds": -2462.580556426688,
      "e_log_p_tau": -6.678834143843371,
      "h_nodes": 14444.548274412053,
      "h_bonds": -70.89210667642716,
      "h_tau": 0.5324362450357967,
      "tau_mean": 6.678834143843371,
      "bond_mean_avg": 2.4249369487809473,
      "n_parameters": 12564,
      "dim_x0": 8,
      "dim_b_leaf_0": 18,
      "dim_x1": 8,
      "dim_b_leaf_1": 18,
      "dim_x2": 8,
      "dim_b_leaf_2": 18,
      "dim_x3": 8,
      "dim_b_leaf_3": 18,
      "dim_b_lvl0_0": 18,
      "dim_b_lvl0_1": 18
    },
    {
      "step": 7,
      "train_loss": 0.12142407048247028,
      "train_quality": 0.9988161674243179,
      "val_loss": 0.2523124797553749,
      "val_quality": 0.9974810114720831,
      "test_quality": 0.9979640159053061,
      "patience_counter": 5,
      "elbo_raw": 7841.282132097735,
      "elbo_relative": 289077.2026518805,
      "e_log_p_nodes": -12746.981549458198,
      "e_log_p_bonds": -2864.2332400827145,
      "e_log_p_tau": -5.3829207315649406,
      "h_nodes": 23866.524324582253,
      "h_bonds": -111.4831026633432,
      "h_tau": 0.3167239158558459,
      "tau_mean": 5.3829207315649406,
      "bond_mean_avg": 2.9167243459068226,
      "n_parameters": 12564,