{
  "experiment_name": "kfold_energy_efficiency",
  "run_name": "energy_efficiency-BTT-L4-d18-seed42-fold0",
  "config": {
    "params": {
      "model": "BTT",
      "L": 4,
      "bond_dim": 18,
      "init_strength": 0.01,
      "bond_prior_alpha": 1.0,
      "added_bias": false,
      "n_epochs": 100,
      "batch_size": 256,
      "patience": 100,
      "min_delta": 0.0001,
      "warmup_epochs": 5,
      "trim_every": 3,
      "trimming_threshold": 0.3,
      "trim_method": "relevance",
      "soft_trim_relaxation": 2
    },
    "fold": 0,
    "seed": 42
  },
  "hparams": {
    "seed": 42,
    "fold": 0,
    "dataset": "energy_efficiency",
    "n_features": 8,
    "n_train": 522,
    "n_val": 92,
    "n_test": 154,
    "L": 4,
    "bond_dim": 18,
    "model": "BTT",
    "init_strength": 0.01,
    "bond_prior_alpha": 1.0,
    "added_bias": false,
    "n_epochs": 100,
    "batch_size": 256,
    "patience": 100,
    "min_delta": 0.0001,
    "warmup_epochs": 5,
    "trim_every": 3,
    "trimming_threshold": 0.3,
    "trim_method": "relevance",
    "soft_trim_relaxation": 2
  },
  "metrics_log": [
    {
      "step": 0,
      "train_loss": 1312.2808888462969,
      "train_quality": -12.17443605838484,
      "val_loss": 1167.4189466349326,
      "val_quality": -9.784170636721013,
      "patience_counter": 0,
      "elbo_raw": -369715.03683176206,
      "elbo_relative": 0.0,
      "e_log_p_nodes": -11962.623181658504,
      "e_log_p_bonds": -2659.547584987337,
      "e_log_p_tau": -1.0,
      "h_nodes": -12042.574143844482,
      "h_bonds": 140.0,
      "h_tau": 1.0,
      "tau_mean": 1.0,
      "bond_mean_avg": 1.0,
      "n_parameters": 12564,
      "dim_x0": 8,
      "dim_b_leaf_0": 18,
      "dim_x1": 8,
      "dim_b_leaf_1": 18,
      "dim_x2": 8,
      "dim_b_leaf_2": 18,
      "dim_x3": 8,
      "dim_b_leaf_3": 18,
      "dim_b_lvl0_0": 18,
      "dim_b_lvl0_1": 18
    },
    {
      "step": 1,
      "train_loss": 0.27326825912660707,
      "train_quality": 0.9972565666106631,
      "val_loss": 0.5873967064971225,
      "val_quality": 0.9945738534289064,
      "test_quality": 0.995039437531896,
      "patience_counter": 0,
      "elbo_raw": -7991.746081466083,
      "elbo_relative": 361723.290750296,
      "e_log_p_nodes": -18247.589262222766,
      "e_log_p_bonds": -2659.547584987337,
      "e_log_p_tau": -1.3783093523794991,
      "h_nodes": 13434.876953046718,
      "h_bonds": 140.0,
      "h_tau": -1.0456495567752881,
      "tau_mean": 1.3783093523794991,
      "bond_mean_avg": 1.0,
      "n_parameters": 12564,
      "dim_x0": 8,
      "dim_b_leaf_0": 18,
      "dim_x1": 8,
      "dim_b_leaf_1": 18,
      "dim_x2": 8,
      "dim_b_leaf_2": 18,
      "dim_x3": 8,
      "dim_b_leaf_3": 18,
      "dim_b_lvl0_0": 18,
      "dim_b_lvl0_1": 18
    },
    {
      "step": 2,
      "train_loss": 0.13717921182245113,
      "train_quality": 0.9986228110383567,
      "val_loss": 0.2892287686297635,
      "val_quality": 0.9973282150311653,
      "test_quality": 0.9970680412016883,
      "patience_counter": 0,
      "elbo_raw": -6600.032148315851,
      "elbo_relative": 363115.0046834462,
      "e_log_p_nodes": -18198.094644962526,
      "e_log_p_bonds": -2659.547584987337,
      "e_log_p_tau": -2.199641403295742,
      "h_nodes": 14654.627840407984,
      "h_bonds": 140.0,
      "h_tau": -0.578212849339252,
      "tau_mean": 2.199641403295742,
      "bond_mean_avg": 1.0,
      "n_parameters": 12564,
      "dim_x0": 8,
      "dim_b_leaf_0": 18,
      "dim_x1": 8,
      "dim_b_leaf_1": 18,
      "dim_x2": 8,
      "dim_b_leaf_2": 18,
      "dim_x3": 8,
      "dim_b_leaf_3": 18,
      "dim_b_lvl0_0": 18,
      "dim_b_lvl0_1": 18
    },
    {
      "step": 3,
      "train_loss": 0.12092217254886066,
      "train_quality": 0.998786021008287,
      "val_loss": 0.23094417566021225,
      "val_quality": 0.997866625854364,
      "test_quality": 0.9973243459646257,
      "patience_counter": 0,
      "elbo_raw": -6206.343534756745,
      "elbo_relative": 363508.6932970053,
      "e_log_p_nodes": -18046.15604086474,
      "e_log_p_bonds": -2659.547584987337,
      "e_log_p_tau": -3.2058177085696284,
      "h_nodes": 14797.689592552117,
      "h_bonds": 140.0,
      "h_tau": -0.20154000480556533,
      "tau_mean": 3.2058177085696284,
      "bond_mean_avg": 1.0,
      "n_parameters": 12564,
      "dim_x0": 8,
      "dim_b_leaf_0": 18,
      "dim_x1": 8,
      "dim_b_leaf_1": 18,
      "dim_x2": 8,
      "dim_b_leaf_2": 18,
      "dim_x3": 8,
      "dim_b_leaf_3": 18,
      "dim_b_lvl0_0": 18,
      "dim_b_lvl0_1": 18
    },
    {
      "step": 4,
      "train_loss": 0.12256941967618715,
      "train_quality": 0.9987694837317512,
      "val_loss": 0.2133622827937665,
      "val_quality": 0.9980290406698292,
      "test_quality": 0.9973764207901118,
      "patience_counter": 0,
      "elbo_raw": -5798.2002349257,
      "elbo_relative": 363916.83659683634,
      "e_log_p_nodes": -17772.595094316628,
      "e_log_p_bonds": -2659.547584987337,
      "e_log_p_tau": -4.2050378338475864,
      "h_nodes": 14861.187000587035,
      "h_bonds": 140.0,
      "h_tau": 0.06977609281625519,
      "tau_mean": 4.2050378338475864,
      "bond_mean_avg": 1.0,
      "n_parameters": 12564,
      "dim_x0": 8,
      "dim_b_leaf_0": 18,
      "dim_x1": 8,
      "dim_b_leaf_1": 18,
      "dim_x2": 8,
      "dim_b_leaf_2": 18,
      "dim_x3": 8,
      "dim_b_leaf_3": 18,
      "dim_b_lvl0_0": 18,
      "dim_b_lvl0_1": 18
    },
    {
      "step": 5,
      "train_loss": 0.11863224946719433,
      "train_quality": 0.998809010328237,
      "val_loss": 0.22773722261842172,
      "val_quality": 0.9978962504625017,
      "test_quality": 0.9973210261228947,
      "patience_counter": 1,
      "elbo_raw": -5692.6622166641955,
      "elbo_relative": 364022.3746150979,
      "e_log_p_nodes": -17704.95724145153,
      "e_log_p_bonds": -2659.547584987337,
      "e_log_p_tau": -5.2900568471498275,
      "h_nodes": 14838.946212811506,
      "h_bonds": 140.0,
      "h_tau": 0.29932179404954695,
      "tau_mean": 5.2900568471498275,
      "bond_mean_avg": 1.0,
      "n_parameters": 12564,
      "dim_x0": 8,
      "dim_b_leaf_0": 18,
      "dim_x1": 8,
      "dim_b_leaf_1": 18,
      "dim_x2": 8,
      "dim_b_leaf_2": 18,
      "dim_x3": 8,
      "dim_b_leaf_3": 18,
      "dim_b_lvl0_0": 18,
      "dim_b_lvl0_1": 18
    },
    {
      "step": 6,
      "train_loss": 0.12679128572951265,
      "train_quality": 0.9987270989764452,
      "val_loss": 0.2200007573665427,
      "val_quality": 0.9979677169755661,
      "test_quality": 0.9971526577540039,
      "patience_counter": 2,
      "elbo_raw": -458.14158920209775,
      "elbo_relative": 369256.89524255996,
      "e_log_p_nodes": -12652.478953985665,
      "e_log_p_bonds": -2368.0922207996837,
      "e_log_p_tau": -5.859878702193487,
      "h_nodes": 14901.142644300899,
      "h_bonds": -58.411950905435766,
      "h_tau": 0.40162170617441006,
      "tau_mean": 5.859878702193487,
      "bond_mean_avg": 2.647437815799658,
      "n_parameters": 12564,
      "dim_x0": 8,
      "dim_b_leaf_0": 18,
      "dim_x1": 8,
      "dim_b_leaf_1": 18,
      "dim_x2": 8,
      "dim_b_leaf_2": 18,
      "dim_x3": 8,
      "dim_b_leaf_3": 18,
      "dim_b_lvl0_0": 18,
      "dim_b_lvl0_1": 18
    },
    {
      "step": 7,
      "train_loss": 0.11458575368529329,
      "train_quality": 0.9988496344814898,
      "val_loss": 0.22398258848670607,
      "val_quality": 0.9979309343395038,
      "test_quality": 0.9970622195318025,
      "patience_counter": 3,
      "elbo_raw": 8276.76658899877,
      "elbo_relative": 377991.80342076084,
      "e_log_p_nodes": -12745.471630313508,
      "e_log_p_bonds": -2809.517701670909,
      "e_log_p_tau": -5.284841127017194,
      "h_nodes": 24242.684043100166,
      "h_bonds": -103.56602532171746,
      "h_tau": 0.2983353598413032,
      "tau_mean": 5.284841127017194,
      "bond_mean_avg": 3.121948439332989,
      "n_parameters": 12564,