{
  "experiment_name": "kfold_energy_efficiency",
  "run_name": "energy_efficiency-BTT-L4-d18-seed47659-fold4",
  "config": {
    "params": {
      "model": "BTT",
      "L": 4,
      "bond_dim": 18,
      "init_strength": 0.01,
      "bond_prior_alpha": 1.0,
      "added_bias": false,
      "n_epochs": 100,
      "batch_size": 256,
      "patience": 100,
      "min_delta": 0.0001,
      "warmup_epochs": 5,
      "trim_every": 3,
      "trimming_threshold": 0.3,
      "trim_method": "relevance",
      "soft_trim_relaxation": 2
    },
    "fold": 4,
    "seed": 47659
  },
  "hparams": {
    "seed": 47659,
    "fold": 4,
    "dataset": "energy_efficiency",
    "n_features": 8,
    "n_train": 523,
    "n_val": 92,
    "n_test": 153,
    "L": 4,
    "bond_dim": 18,
    "model": "BTT",
    "init_strength": 0.01,
    "bond_prior_alpha": 1.0,
    "added_bias": false,
    "n_epochs": 100,
    "batch_size": 256,
    "patience": 100,
    "min_delta": 0.0001,
    "warmup_epochs": 5,
    "trim_every": 3,
    "trimming_threshold": 0.3,
    "trim_method": "relevance",
    "soft_trim_relaxation": 2
  },
  "metrics_log": [
    {
      "step": 0,
      "train_loss": 949.6506773525011,
      "train_quality": -8.386472460252625,
      "val_loss": 962.9104395052775,
      "val_quality": -7.6439095433403885,
      "patience_counter": 0,
      "elbo_raw": -275543.2020079493,
      "elbo_relative": 0.0,
      "e_log_p_nodes": -11962.623181658506,
      "e_log_p_bonds": -2659.547584987337,
      "e_log_p_tau": -1.0,
      "h_nodes": -12042.574143844482,
      "h_bonds": 140.0,
      "h_tau": 1.0,
      "tau_mean": 1.0,
      "bond_mean_avg": 1.0,
      "n_parameters": 12564,
      "dim_x0": 8,
      "dim_b_leaf_0": 18,
      "dim_x1": 8,
      "dim_b_leaf_1": 18,
      "dim_x2": 8,
      "dim_b_leaf_2": 18,
      "dim_x3": 8,
      "dim_b_leaf_3": 18,
      "dim_b_lvl0_0": 18,
      "dim_b_lvl0_1": 18
    },
    {
      "step": 1,
      "train_loss": 0.10076789633837592,
      "train_quality": 0.9990039968312404,
      "val_loss": 0.23620681436384655,
      "val_quality": 0.9978796051500587,
      "test_quality": 0.9965925501119746,
      "patience_counter": 0,
      "elbo_raw": -7601.607369377152,
      "elbo_relative": 267941.59463857213,
      "e_log_p_nodes": -18226.824158679065,
      "e_log_p_bonds": -2659.547584987337,
      "e_log_p_tau": -2.388126442466763,
      "h_nodes": 13661.2265581512,
      "h_bonds": 140.0,
      "h_tau": -0.49694891583089884,
      "tau_mean": 2.388126442466763,
      "bond_mean_avg": 1.0,
      "n_parameters": 12564,
      "dim_x0": 8,
      "dim_b_leaf_0": 18,
      "dim_x1": 8,
      "dim_b_leaf_1": 18,
      "dim_x2": 8,
      "dim_b_leaf_2": 18,
      "dim_x3": 8,
      "dim_b_leaf_3": 18,
      "dim_b_lvl0_0": 18,
      "dim_b_lvl0_1": 18
    },
    {
      "step": 2,
      "train_loss": 0.09479284684636234,
      "train_quality": 0.9990630550079395,
      "val_loss": 0.25023613328759886,
      "val_quality": 0.9977536659570078,
      "test_quality": 0.9965451989695308,
      "patience_counter": 1,
      "elbo_raw": -6248.59871415335,
      "elbo_relative": 269294.60329379595,
      "e_log_p_nodes": -17910.668917638424,
      "e_log_p_bonds": -2659.547584987337,
      "e_log_p_tau": -4.638828091658523,
      "h_nodes": 14523.792484553464,
      "h_bonds": 140.0,
      "h_tau": 0.16700370881858362,
      "tau_mean": 4.638828091658523,
      "bond_mean_avg": 1.0,
      "n_parameters": 12564,
      "dim_x0": 8,
      "dim_b_leaf_0": 18,
      "dim_x1": 8,
      "dim_b_leaf_1": 18,
      "dim_x2": 8,
      "dim_b_leaf_2": 18,
      "dim_x3": 8,
      "dim_b_leaf_3": 18,
      "dim_b_lvl0_0": 18,
      "dim_b_lvl0_1": 18
    },
    {
      "step": 3,
      "train_loss": 0.09517034746233387,
      "train_quality": 0.999059323742096,
      "val_loss": 0.25035720743735523,
      "val_quality": 0.9977525790916508,
      "test_quality": 0.9966505044649611,
      "patience_counter": 2,
      "elbo_raw": -6174.526986582085,
      "elbo_relative": 269368.6750213672,
      "e_log_p_nodes": -17925.74103318186,
      "e_log_p_bonds": -2659.547584987337,
      "e_log_p_tau": -6.641553095248012,
      "h_nodes": 14518.729176998464,
      "h_bonds": 140.0,
      "h_tau": 0.5258877769583705,
      "tau_mean": 6.641553095248012,
      "bond_mean_avg": 1.0,
      "n_parameters": 12564,
      "dim_x0": 8,
      "dim_b_leaf_0": 18,
      "dim_x1": 8,
      "dim_b_leaf_1": 18,
      "dim_x2": 8,
      "dim_b_leaf_2": 18,
      "dim_x3": 8,
      "dim_b_leaf_3": 18,
      "dim_b_lvl0_0": 18,
      "dim_b_lvl0_1": 18
    },
    {
      "step": 4,
      "train_loss": 0.09687235267920032,
      "train_quality": 0.9990425008982059,
      "val_loss": 0.25197644247762097,
      "val_quality": 0.9977380434498682,
      "test_quality": 0.9966879605659578,
      "patience_counter": 3,
      "elbo_raw": -6110.777188582628,
      "elbo_relative": 269432.42481936666,
      "e_log_p_nodes": -17879.419451698275,
      "e_log_p_bonds": -2659.547584987337,
      "e_log_p_tau": -7.618466680908087,
      "h_nodes": 14500.13475772975,
      "h_bonds": 140.0,
      "h_tau": 0.6631170674061195,
      "tau_mean": 7.618466680908087,
      "bond_mean_avg": 1.0,
      "n_parameters": 12564,
      "dim_x0": 8,
      "dim_b_leaf_0": 18,
      "dim_x1": 8,
      "dim_b_leaf_1": 18,
      "dim_x2": 8,
      "dim_b_leaf_2": 18,
      "dim_x3": 8,
      "dim_b_leaf_3": 18,
      "dim_b_lvl0_0": 18,
      "dim_b_lvl0_1": 18
    },
    {
      "step": 5,
      "train_loss": 0.09925348111799476,
      "train_quality": 0.9990189655108808,
      "val_loss": 0.26106806103004293,
      "val_quality": 0.9976564292881087,
      "test_quality": 0.9965886354860792,
      "patience_counter": 4,
      "elbo_raw": -5996.459030913353,
      "elbo_relative": 269546.74297703593,
      "e_log_p_nodes": -17783.236409079953,
      "e_log_p_bonds": -2659.547584987337,
      "e_log_p_tau": -7.92591622164041,
      "h_nodes": 14507.884606857528,
      "h_bonds": 140.0,
      "h_tau": 0.7026798655779203,
      "tau_mean": 7.92591622164041,
      "bond_mean_avg": 1.0,
      "n_parameters": 12564,
      "dim_x0": 8,
      "dim_b_leaf_0": 18,
      "dim_x1": 8,
      "dim_b_leaf_1": 18,
      "dim_x2": 8,
      "dim_b_leaf_2": 18,
      "dim_x3": 8,
      "dim_b_leaf_3": 18,
      "dim_b_lvl0_0": 18,
      "dim_b_lvl0_1": 18
    },
    {
      "step": 6,
      "train_loss": 0.09892591822930047,
      "train_quality": 0.9990222031856458,
      "val_loss": 0.2529499089089646,
      "val_quality": 0.9977293047806932,
      "test_quality": 0.9965718196489354,
      "patience_counter": 5,
      "elbo_raw": -782.0666162072939,
      "elbo_relative": 274761.135391742,
      "e_log_p_nodes": -12644.235985922542,
      "e_log_p_bonds": -2419.3664475169307,
      "e_log_p_tau": -8.108229140277974,
      "h_nodes": 14542.067416650596,
      "h_bonds": -64.94165772860514,
      "h_tau": 0.7254214301351567,
      "tau_mean": 8.108229140277974,
      "bond_mean_avg": 2.5583893645640536,
      "n_parameters": 12564,
      "dim_x0": 8,
      "dim_b_leaf_0": 18,
      "dim_x1": 8,
      "dim_b_leaf_1": 18,
      "dim_x2": 8,
      "dim_b_leaf_2": 18,
      "dim_x3": 8,
      "dim_b_leaf_3": 18,
      "dim_b_lvl0_0": 18,
      "dim_b_lvl0_1": 18
    },
    {
      "step": 7,
      "train_loss": 0.09234382222449421,
      "train_quality": 0.9990872614900869,
      "val_loss": 0.24403949228169564,
      "val_quality": 0.9978092923186402,
      "test_quality": 0.9967056230941034,
      "patience_counter": 6,
      "elbo_raw": 8025.651845662764,
      "elbo_relative": 283568.85385361203,
      "e_log_p_nodes": -12743.901271142659,
      "e_log_p_bonds": -2834.0514502500473,
      "e_log_p_tau": -6.823826097924142,
      "h_nodes": 23952.035473453943,
      "h_bonds": -107.57036101417985,
      "h_tau": 0.5529622669066612,
      "tau_mean": 6.823826097924142,
      "bond_mean_avg": 2.984464371689464,
      "n_parameters": 12564,