{
  "experiment_name": "kfold_energy_efficiency",
  "run_name": "energy_efficiency-BTT-L4-d18-seed42806-fold0",
  "config": {
    "params": {
      "model": "BTT",
      "L": 4,
      "bond_dim": 18,
      "init_strength": 0.01,
      "bond_prior_alpha": 1.0,
      "added_bias": false,
      "n_epochs": 100,
      "batch_size": 256,
      "patience": 100,
      "min_delta": 0.0001,
      "warmup_epochs": 5,
      "trim_every": 3,
      "trimming_threshold": 0.3,
      "trim_method": "relevance",
      "soft_trim_relaxation": 2
    },
    "fold": 0,
    "seed": 42806
  },
  "hparams": {
    "seed": 42806,
    "fold": 0,
    "dataset": "energy_efficiency",
    "n_features": 8,
    "n_train": 522,
    "n_val": 92,
    "n_test": 154,
    "L": 4,
    "bond_dim": 18,
    "model": "BTT",
    "init_strength": 0.01,
    "bond_prior_alpha": 1.0,
    "added_bias": false,
    "n_epochs": 100,
    "batch_size": 256,
    "patience": 100,
    "min_delta": 0.0001,
    "warmup_epochs": 5,
    "trim_every": 3,
    "trimming_threshold": 0.3,
    "trim_method": "relevance",
    "soft_trim_relaxation": 2
  },
  "metrics_log": [
    {
      "step": 0,
      "train_loss": 542.8702259474142,
      "train_quality": -4.333827697111306,
      "val_loss": 613.5446686581913,
      "val_quality": -4.7719569534402995,
      "patience_counter": 0,
      "elbo_raw": -168899.45145452267,
      "elbo_relative": 0.0,
      "e_log_p_nodes": -11962.623181658504,
      "e_log_p_bonds": -2659.547584987337,
      "e_log_p_tau": -1.0,
      "h_nodes": -12042.574143844482,
      "h_bonds": 140.0,
      "h_tau": 1.0,
      "tau_mean": 1.0,
      "bond_mean_avg": 1.0,
      "n_parameters": 12564,
      "dim_x0": 8,
      "dim_b_leaf_0": 18,
      "dim_x1": 8,
      "dim_b_leaf_1": 18,
      "dim_x2": 8,
      "dim_b_leaf_2": 18,
      "dim_x3": 8,
      "dim_b_leaf_3": 18,
      "dim_b_lvl0_0": 18,
      "dim_b_lvl0_1": 18
    },
    {
      "step": 1,
      "train_loss": 0.10363355643850597,
      "train_quality": 0.9989817759249604,
      "val_loss": 0.2293545642086066,
      "val_quality": 0.9978423336729788,
      "test_quality": 0.9964815746911715,
      "patience_counter": 0,
      "elbo_raw": -7908.402732485874,
      "elbo_relative": 160991.0487220368,
      "e_log_p_nodes": -18525.577896085557,
      "e_log_p_bonds": -2659.547584987337,
      "e_log_p_tau": -2.4824472236563557,
      "h_nodes": 13642.051411100261,
      "h_bonds": 140.0,
      "h_tau": -0.45726234055769055,
      "tau_mean": 2.4824472236563557,
      "bond_mean_avg": 1.0,
      "n_parameters": 12564,
      "dim_x0": 8,
      "dim_b_leaf_0": 18,
      "dim_x1": 8,
      "dim_b_leaf_1": 18,
      "dim_x2": 8,
      "dim_b_leaf_2": 18,
      "dim_x3": 8,
      "dim_b_leaf_3": 18,
      "dim_b_lvl0_0": 18,
      "dim_b_lvl0_1": 18
    },
    {
      "step": 2,
      "train_loss": 0.1012382529354774,
      "train_quality": 0.9990053103454476,
      "val_loss": 0.2370064160514972,
      "val_quality": 0.9977703484342384,
      "test_quality": 0.9961813523520104,
      "patience_counter": 1,
      "elbo_raw": -6517.066164217185,
      "elbo_relative": 162382.38529030548,
      "e_log_p_nodes": -18235.216608538023,
      "e_log_p_bonds": -2659.547584987337,
      "e_log_p_tau": -4.709877567186966,
      "h_nodes": 14575.237410019217,
      "h_bonds": 140.0,
      "h_tau": 0.18315471554683427,
      "tau_mean": 4.709877567186966,
      "bond_mean_avg": 1.0,
      "n_parameters": 12564,
      "dim_x0": 8,
      "dim_b_leaf_0": 18,
      "dim_x1": 8,
      "dim_b_leaf_1": 18,
      "dim_x2": 8,
      "dim_b_leaf_2": 18,
      "dim_x3": 8,
      "dim_b_leaf_3": 18,
      "dim_b_lvl0_0": 18,
      "dim_b_lvl0_1": 18
    },
    {
      "step": 3,
      "train_loss": 0.1051121238981324,
      "train_quality": 0.9989672486517904,
      "val_loss": 0.2607999023270682,
      "val_quality": 0.9975465098360559,
      "test_quality": 0.9958764427508638,
      "patience_counter": 2,
      "elbo_raw": -6158.922800523058,
      "elbo_relative": 162740.52865399962,
      "e_log_p_nodes": -17979.870543051857,
      "e_log_p_bonds": -2659.547584987337,
      "e_log_p_tau": -6.3091599129915945,
      "h_nodes": 14601.441494806035,
      "h_bonds": 140.0,
      "h_tau": 0.4754953339563599,
      "tau_mean": 6.3091599129915945,
      "bond_mean_avg": 1.0,
      "n_parameters": 12564,
      "dim_x0": 8,
      "dim_b_leaf_0": 18,
      "dim_x1": 8,
      "dim_b_leaf_1": 18,
      "dim_x2": 8,
      "dim_b_leaf_2": 18,
      "dim_x3": 8,
      "dim_b_leaf_3": 18,
      "dim_b_lvl0_0": 18,
      "dim_b_lvl0_1": 18
    },
    {
      "step": 4,
      "train_loss": 0.10469955717036387,
      "train_quality": 0.99897130221696,
      "val_loss": 0.2511279092684934,
      "val_quality": 0.9976374996701133,
      "test_quality": 0.9961390667548994,
      "patience_counter": 3,
      "elbo_raw": -6024.089759087165,
      "elbo_relative": 162875.3616954355,
      "e_log_p_nodes": -17858.957036772706,
      "e_log_p_bonds": -2659.547584987337,
      "e_log_p_tau": -7.181934238006053,
      "h_nodes": 14581.41472181203,
      "h_bonds": 140.0,
      "h_tau": 0.605061541344412,
      "tau_mean": 7.181934238006053,
      "bond_mean_avg": 1.0,
      "n_parameters": 12564,
      "dim_x0": 8,
      "dim_b_leaf_0": 18,
      "dim_x1": 8,
      "dim_b_leaf_1": 18,
      "dim_x2": 8,
      "dim_b_leaf_2": 18,
      "dim_x3": 8,
      "dim_b_leaf_3": 18,
      "dim_b_lvl0_0": 18,
      "dim_b_lvl0_1": 18
    },
    {
      "step": 5,
      "train_loss": 0.10160359612874252,
      "train_quality": 0.9990017207626154,
      "val_loss": 0.23364270844341956,
      "val_quality": 0.9978019927080942,
      "test_quality": 0.9960913928329058,
      "patience_counter": 4,
      "elbo_raw": -5842.143775355242,
      "elbo_relative": 163057.30767916742,
      "e_log_p_nodes": -17700.03358501122,
      "e_log_p_bonds": -2659.547584987337,
      "e_log_p_tau": -7.702178831712599,
      "h_nodes": 14586.114450615394,
      "h_bonds": 140.0,
      "h_tau": 0.6749960560741783,
      "tau_mean": 7.702178831712599,
      "bond_mean_avg": 1.0,
      "n_parameters": 12564,
      "dim_x0": 8,
      "dim_b_leaf_0": 18,
      "dim_x1": 8,
      "dim_b_leaf_1": 18,
      "dim_x2": 8,
      "dim_b_leaf_2": 18,
      "dim_x3": 8,
      "dim_b_leaf_3": 18,
      "dim_b_lvl0_0": 18,
      "dim_b_lvl0_1": 18
    },
    {
      "step": 6,
      "train_loss": 0.10103254056926837,
      "train_quality": 0.9990073315178459,
      "val_loss": 0.2321477044724437,
      "val_quality": 0.9978160570444116,
      "test_quality": 0.9960957693069782,
      "patience_counter": 5,
      "elbo_raw": -624.8172287687394,
      "elbo_relative": 168274.63422575392,
      "e_log_p_nodes": -12640.87785090266,
      "e_log_p_bonds": -2382.5529346403882,
      "e_log_p_tau": -7.864305265906605,
      "h_nodes": 14661.543823389506,
      "h_bonds": -59.710992272961455,
      "h_tau": 0.6958270023224031,
      "tau_mean": 7.864305265906605,
      "bond_mean_avg": 2.6852188816169558,
      "n_parameters": 12564,
      "dim_x0": 8,
      "dim_b_leaf_0": 18,
      "dim_x1": 8,
      "dim_b_leaf_1": 18,
      "dim_x2": 8,
      "dim_b_leaf_2": 18,
      "dim_x3": 8,
      "dim_b_leaf_3": 18,
      "dim_b_lvl0_0": 18,
      "dim_b_lvl0_1": 18
    },
    {
      "step": 7,
      "train_loss": 0.09634743448632088,
      "train_quality": 0.9990533637874284,
      "val_loss": 0.22226859967910784,
      "val_quality": 0.9979089952940916,
      "test_quality": 0.996198342745217,
      "patience_counter": 6,
      "elbo_raw": 8156.321650312362,
      "elbo_relative": 177055.77310483504,
      "e_log_p_nodes": -12737.282347081737,
      "e_log_p_bonds": -2810.6856105649467,
      "e_log_p_tau": -6.502730300504044,
      "h_nodes": 24060.637998707898,
      "h_bonds": -103.31974164600376,
      "h_tau": 0.505714937022276,
      "tau_mean": 6.502730300504044,
      "bond_mean_avg": 3.169251399822804,
      "n_parameters": 12564,