{
  "experiment_name": "kfold_energy_efficiency",
  "run_name": "energy_efficiency-BTT-L4-d18-seed42-fold3",
  "config": {
    "params": {
      "model": "BTT",
      "L": 4,
      "bond_dim": 18,
      "init_strength": 0.01,
      "bond_prior_alpha": 1.0,
      "added_bias": false,
      "n_epochs": 100,
      "batch_size": 256,
      "patience": 100,
      "min_delta": 0.0001,
      "warmup_epochs": 5,
      "trim_every": 3,
      "trimming_threshold": 0.3,
      "trim_method": "relevance",
      "soft_trim_relaxation": 2
    },
    "fold": 3,
    "seed": 42
  },
  "hparams": {
    "seed": 42,
    "fold": 3,
    "dataset": "energy_efficiency",
    "n_features": 8,
    "n_train": 523,
    "n_val": 92,
    "n_test": 153,
    "L": 4,
    "bond_dim": 18,
    "model": "BTT",
    "init_strength": 0.01,
    "bond_prior_alpha": 1.0,
    "added_bias": false,
    "n_epochs": 100,
    "batch_size": 256,
    "patience": 100,
    "min_delta": 0.0001,
    "warmup_epochs": 5,
    "trim_every": 3,
    "trimming_threshold": 0.3,
    "trim_method": "relevance",
    "soft_trim_relaxation": 2
  },
  "metrics_log": [
    {
      "step": 0,
      "train_loss": 1246.433125600524,
      "train_quality": -11.541454801010993,
      "val_loss": 1194.4002361475982,
      "val_quality": -10.047968363460756,
      "patience_counter": 0,
      "elbo_raw": -353151.6275653028,
      "elbo_relative": 0.0,
      "e_log_p_nodes": -11962.623181658504,
      "e_log_p_bonds": -2659.547584987337,
      "e_log_p_tau": -1.0,
      "h_nodes": -12042.574143844482,
      "h_bonds": 140.0,
      "h_tau": 1.0,
      "tau_mean": 1.0,
      "bond_mean_avg": 1.0,
      "n_parameters": 12564,
      "dim_x0": 8,
      "dim_b_leaf_0": 18,
      "dim_x1": 8,
      "dim_b_leaf_1": 18,
      "dim_x2": 8,
      "dim_b_leaf_2": 18,
      "dim_x3": 8,
      "dim_b_leaf_3": 18,
      "dim_b_lvl0_0": 18,
      "dim_b_lvl0_1": 18
    },
    {
      "step": 1,
      "train_loss": 0.18127803118162267,
      "train_quality": 0.9981760030379606,
      "val_loss": 0.24705717782023315,
      "val_quality": 0.9977147694701338,
      "test_quality": 0.9970659898380319,
      "patience_counter": 0,
      "elbo_raw": -8205.697783543092,
      "elbo_relative": 344945.92978175974,
      "e_log_p_nodes": -18611.888436225727,
      "e_log_p_bonds": -2659.547584987337,
      "e_log_p_tau": -1.6527839589979911,
      "h_nodes": 13538.813067949844,
      "h_bonds": 140.0,
      "h_tau": -0.864996945079838,
      "tau_mean": 1.6527839589979911,
      "bond_mean_avg": 1.0,
      "n_parameters": 12564,
      "dim_x0": 8,
      "dim_b_leaf_0": 18,
      "dim_x1": 8,
      "dim_b_leaf_1": 18,
      "dim_x2": 8,
      "dim_b_leaf_2": 18,
      "dim_x3": 8,
      "dim_b_leaf_3": 18,
      "dim_b_lvl0_0": 18,
      "dim_b_lvl0_1": 18
    },
    {
      "step": 2,
      "train_loss": 0.1320665211572743,
      "train_quality": 0.9986711631199446,
      "val_loss": 0.1617055309929195,
      "val_quality": 0.9985042554944826,
      "test_quality": 0.9975686074034352,
      "patience_counter": 0,
      "elbo_raw": -6988.926645117295,
      "elbo_relative": 346162.70092018554,
      "e_log_p_nodes": -18521.197515476157,
      "e_log_p_bonds": -2659.547584987337,
      "e_log_p_tau": -2.712081743706261,
      "h_nodes": 14534.888722367621,
      "h_bonds": 140.0,
      "h_tau": -0.36974154795780123,
      "tau_mean": 2.712081743706261,
      "bond_mean_avg": 1.0,
      "n_parameters": 12564,
      "dim_x0": 8,
      "dim_b_leaf_0": 18,
      "dim_x1": 8,
      "dim_b_leaf_1": 18,
      "dim_x2": 8,
      "dim_b_leaf_2": 18,
      "dim_x3": 8,
      "dim_b_leaf_3": 18,
      "dim_b_lvl0_0": 18,
      "dim_b_lvl0_1": 18
    },
    {
      "step": 3,
      "train_loss": 0.1263107429937042,
      "train_quality": 0.9987290770426416,
      "val_loss": 0.1759504893127159,
      "val_quality": 0.9983724924186785,
      "test_quality": 0.9976184922585469,
      "patience_counter": 1,
      "elbo_raw": -6655.457343529564,
      "elbo_relative": 346496.17022177327,
      "e_log_p_nodes": -18358.38410339222,
      "e_log_p_bonds": -2659.547584987337,
      "e_log_p_tau": -3.887022374476945,
      "h_nodes": 14611.063865882643,
      "h_bonds": 140.0,
      "h_tau": -0.009814650979933504,
      "tau_mean": 3.887022374476945,
      "bond_mean_avg": 1.0,
      "n_parameters": 12564,
      "dim_x0": 8,
      "dim_b_leaf_0": 18,
      "dim_x1": 8,
      "dim_b_leaf_1": 18,
      "dim_x2": 8,
      "dim_b_leaf_2": 18,
      "dim_x3": 8,
      "dim_b_leaf_3": 18,
      "dim_b_lvl0_0": 18,
      "dim_b_lvl0_1": 18
    },
    {
      "step": 4,
      "train_loss": 0.12767132621022506,
      "train_quality": 0.9987153870238492,
      "val_loss": 0.17004367369004222,
      "val_quality": 0.9984271293068447,
      "test_quality": 0.997655499625484,
      "patience_counter": 2,
      "elbo_raw": -6248.997174096354,
      "elbo_relative": 346902.6303912065,
      "e_log_p_nodes": -17999.562061457433,
      "e_log_p_bonds": -2659.547584987337,
      "e_log_p_tau": -4.853053177692623,
      "h_nodes": 14600.436205518905,
      "h_bonds": 140.0,
      "h_tau": 0.21214996899152538,
      "tau_mean": 4.853053177692623,
      "bond_mean_avg": 1.0,
      "n_parameters": 12564,
      "dim_x0": 8,
      "dim_b_leaf_0": 18,
      "dim_x1": 8,
      "dim_b_leaf_1": 18,
      "dim_x2": 8,
      "dim_b_leaf_2": 18,
      "dim_x3": 8,
      "dim_b_leaf_3": 18,
      "dim_b_lvl0_0": 18,
      "dim_b_lvl0_1": 18
    },
    {
      "step": 5,
      "train_loss": 0.126156628023438,
      "train_quality": 0.9987306277282694,
      "val_loss": 0.17187098325730396,
      "val_quality": 0.9984102270510695,
      "test_quality": 0.997617611475928,
      "patience_counter": 3,
      "elbo_raw": -5992.444362119502,
      "elbo_relative": 347159.18320318335,
      "e_log_p_nodes": -17805.786931575847,
      "e_log_p_bonds": -2659.547584987337,
      "e_log_p_tau": -5.602365019324643,
      "h_nodes": 14625.523981125169,
      "h_bonds": 140.0,
      "h_tau": 0.35573077440017187,
      "tau_mean": 5.602365019324643,
      "bond_mean_avg": 1.0,
      "n_parameters": 12564,
      "dim_x0": 8,
      "dim_b_leaf_0": 18,
      "dim_x1": 8,
      "dim_b_leaf_1": 18,
      "dim_x2": 8,
      "dim_b_leaf_2": 18,
      "dim_x3": 8,
      "dim_b_leaf_3": 18,
      "dim_b_lvl0_0": 18,
      "dim_b_lvl0_1": 18
    },
    {
      "step": 6,
      "train_loss": 0.125454768600753,
      "train_quality": 0.9987376897503268,
      "val_loss": 0.17467179793080218,
      "val_quality": 0.9983843200636392,
      "test_quality": 0.9975754513607868,
      "patience_counter": 4,
      "elbo_raw": -769.5300511389723,
      "elbo_relative": 352382.0975141639,
      "e_log_p_nodes": -12650.220676046501,
      "e_log_p_bonds": -2415.3228100408087,
      "e_log_p_tau": -6.166688225649071,
      "h_nodes": 14628.173194141318,
      "h_bonds": -64.71892099834747,
      "h_tau": 0.45170388039491627,
      "tau_mean": 6.166688225649071,
      "bond_mean_avg": 2.5302974240110094,
      "n_parameters": 12564,
      "dim_x0": 8,
      "dim_b_leaf_0": 18,
      "dim_x1": 8,
      "dim_b_leaf_1": 18,
      "dim_x2": 8,
      "dim_b_leaf_2": 18,
      "dim_x3": 8,
      "dim_b_leaf_3": 18,
      "dim_b_lvl0_0": 18,
      "dim_b_lvl0_1": 18
    },
    {
      "step": 7,
      "train_loss": 0.1221171969945446,
      "train_quality": 0.9987712719799585,
      "val_loss": 0.16950884947419803,
      "val_quality": 0.9984320763261418,
      "test_quality": 0.9974999843779283,
      "patience_counter": 5,
      "elbo_raw": 8028.139427521983,
      "elbo_relative": 361179.7669928248,
      "e_log_p_nodes": -12746.589376503816,
      "e_log_p_bonds": -2844.177958384489,
      "e_log_p_tau": -5.238066380768336,
      "h_nodes": 24038.06533157188,
      "h_bonds": -108.87526119251746,
      "h_tau": 0.2884943598614882,
      "tau_mean": 5.238066380768336,
      "bond_mean_avg": 2.9603334301861994,
      "n_parameters": 12564,