{
  "fold": 0,
  "seed": 47659,
  "model": "BTT",
  "dataset": "concrete",
  "params": {
    "model": "BTT",
    "L": 4,
    "bond_dim": 18,
    "init_strength": 0.1,
    "bond_prior_alpha": 5.0,
    "added_bias": true,
    "n_epochs": 100,
    "batch_size": 256,
    "patience": 100,
    "min_delta": 0.0001,
    "warmup_epochs": 5,
    "trim_every": 3,
    "trimming_threshold": 0.3,
    "trim_method": "relevance",
    "soft_trim_relaxation": 2
  },
  "n_features": 9,
  "n_train": 701,
  "n_val": 123,
  "n_test": 206,
  "train_loss": 18.328400186149878,
  "train_quality": 0.9339212569938972,
  "val_loss": 40.06882592099774,
  "val_quality": 0.8557950123128328,
  "test_loss": 21.93693375151653,
  "test_quality": 0.9203145113569258,
  "best_epoch": 3,
  "n_parameters": 12636,
  "elbo_raw": -34092.21797906916,
  "elbo_relative": 1863432.8661544195,
  "tau_mean": 0.053272542949357266,
  "success": true,
  "singular": false,
  "recovered_from_run": true,
  "run_id": "concrete-BTT-L4-d18-seed47659-fold0"
}