{
  "fold": 4,
  "seed": 19540,
  "model": "BTT",
  "dataset": "concrete",
  "params": {
    "model": "BTT",
    "L": 4,
    "bond_dim": 18,
    "init_strength": 0.1,
    "bond_prior_alpha": 5.0,
    "added_bias": true,
    "n_epochs": 100,
    "batch_size": 256,
    "patience": 100,
    "min_delta": 0.0001,
    "warmup_epochs": 5,
    "trim_every": 3,
    "trimming_threshold": 0.3,
    "trim_method": "relevance",
    "soft_trim_relaxation": 2
  },
  "n_features": 9,
  "n_train": 701,
  "n_val": 123,
  "n_test": 206,
  "train_loss": 14.14279731748726,
  "train_quality": 0.9493076251022199,
  "val_loss": 24.741108665897215,
  "val_quality": 0.9164413106893657,
  "test_loss": 31.5575391977991,
  "test_quality": 0.8810418531105465,
  "best_epoch": 2,
  "n_parameters": 12636,
  "elbo_raw": -35877.76155736785,
  "elbo_relative": 932160.7255314313,
  "tau_mean": 0.06906512376934218,
  "success": true,
  "singular": false,
  "recovered_from_run": true,
  "run_id": "concrete-BTT-L4-d18-seed19540-fold4"
}