{
  "fold": 2,
  "seed": 19540,
  "model": "BTT",
  "dataset": "concrete",
  "params": {
    "model": "BTT",
    "L": 4,
    "bond_dim": 18,
    "init_strength": 0.1,
    "bond_prior_alpha": 5.0,
    "added_bias": true,
    "n_epochs": 100,
    "batch_size": 256,
    "patience": 100,
    "min_delta": 0.0001,
    "warmup_epochs": 5,
    "trim_every": 3,
    "trimming_threshold": 0.3,
    "trim_method": "relevance",
    "soft_trim_relaxation": 2
  },
  "n_features": 9,
  "n_train": 701,
  "n_val": 123,
  "n_test": 206,
  "train_loss": 14.660775575785314,
  "train_quality": 0.9485863493874371,
  "val_loss": 57.15715070093046,
  "val_quality": 0.814666433120645,
  "test_loss": 51.98824131502015,
  "test_quality": 0.7819048488326314,
  "best_epoch": 2,
  "n_parameters": 12636,
  "elbo_raw": -35689.085809120064,
  "elbo_relative": 1052583.2609964784,
  "tau_mean": 0.06675022809942482,
  "success": true,
  "singular": false,
  "recovered_from_run": true,
  "run_id": "concrete-BTT-L4-d18-seed19540-fold2"
}