{
  "fold": 4,
  "seed": 9536,
  "model": "BTT",
  "dataset": "concrete",
  "params": {
    "model": "BTT",
    "L": 4,
    "bond_dim": 18,
    "init_strength": 0.1,
    "bond_prior_alpha": 5.0,
    "added_bias": true,
    "n_epochs": 100,
    "batch_size": 256,
    "patience": 100,
    "min_delta": 0.0001,
    "warmup_epochs": 5,
    "trim_every": 3,
    "trimming_threshold": 0.3,
    "trim_method": "relevance",
    "soft_trim_relaxation": 2
  },
  "n_features": 9,
  "n_train": 701,
  "n_val": 123,
  "n_test": 206,
  "train_loss": 20.855648451361855,
  "train_quality": 0.9219349392199481,
  "val_loss": 38.572031303089794,
  "val_quality": 0.8648328835651349,
  "test_loss": 33.559980114108455,
  "test_quality": 0.8931427529979681,
  "best_epoch": 6,
  "n_parameters": 12636,
  "elbo_raw": -27851.11889492892,
  "elbo_relative": 2805586.750031505,
  "tau_mean": 0.04661768738439027,
  "success": true,
  "singular": false,
  "recovered_from_run": true,
  "run_id": "concrete-BTT-L4-d18-seed9536-fold4"
}