{
  "fold": 0,
  "seed": 9536,
  "model": "BTT",
  "dataset": "concrete",
  "params": {
    "model": "BTT",
    "L": 4,
    "bond_dim": 18,
    "init_strength": 0.1,
    "bond_prior_alpha": 5.0,
    "added_bias": true,
    "n_epochs": 100,
    "batch_size": 256,
    "patience": 100,
    "min_delta": 0.0001,
    "warmup_epochs": 5,
    "trim_every": 3,
    "trimming_threshold": 0.3,
    "trim_method": "relevance",
    "soft_trim_relaxation": 2
  },
  "n_features": 9,
  "n_train": 701,
  "n_val": 123,
  "n_test": 206,
  "train_loss": 16.05685286107243,
  "train_quality": 0.9417068004917747,
  "val_loss": 30.402550595289014,
  "val_quality": 0.8862967692787758,
  "test_loss": 40.68373286417896,
  "test_quality": 0.8610474697221453,
  "best_epoch": 3,
  "n_parameters": 12636,
  "elbo_raw": -34357.48084533139,
  "elbo_relative": 2522935.179623473,
  "tau_mean": 0.06077745702201343,
  "success": true,
  "singular": false,
  "recovered_from_run": true,
  "run_id": "concrete-BTT-L4-d18-seed9536-fold0"
}