{
  "fold": 3,
  "seed": 9536,
  "model": "BTT",
  "dataset": "concrete",
  "params": {
    "model": "BTT",
    "L": 4,
    "bond_dim": 18,
    "init_strength": 0.1,
    "bond_prior_alpha": 5.0,
    "added_bias": true,
    "n_epochs": 100,
    "batch_size": 256,
    "patience": 100,
    "min_delta": 0.0001,
    "warmup_epochs": 5,
    "trim_every": 3,
    "trimming_threshold": 0.3,
    "trim_method": "relevance",
    "soft_trim_relaxation": 2
  },
  "n_features": 9,
  "n_train": 701,
  "n_val": 123,
  "n_test": 206,
  "train_loss": 17.546526182651256,
  "train_quality": 0.9361136261258747,
  "val_loss": 32.38359353107845,
  "val_quality": 0.8776181544739245,
  "test_loss": 35.84611593051639,
  "test_quality": 0.8807704493380399,
  "best_epoch": 3,
  "n_parameters": 12636,
  "elbo_raw": -34194.20381283783,
  "elbo_relative": 2186763.519135395,
  "tau_mean": 0.055664402493770956,
  "success": true,
  "singular": false,
  "recovered_from_run": true,
  "run_id": "concrete-BTT-L4-d18-seed9536-fold3"
}