{
  "fold": 1,
  "seed": 47659,
  "model": "BTT",
  "dataset": "concrete",
  "params": {
    "model": "BTT",
    "L": 4,
    "bond_dim": 18,
    "init_strength": 0.1,
    "bond_prior_alpha": 5.0,
    "added_bias": true,
    "n_epochs": 100,
    "batch_size": 256,
    "patience": 100,
    "min_delta": 0.0001,
    "warmup_epochs": 5,
    "trim_every": 3,
    "trimming_threshold": 0.3,
    "trim_method": "relevance",
    "soft_trim_relaxation": 2
  },
  "n_features": 9,
  "n_train": 701,
  "n_val": 123,
  "n_test": 206,
  "train_loss": 17.08123520243777,
  "train_quality": 0.9393404350716338,
  "val_loss": 32.32490215905487,
  "val_quality": 0.8842518695382623,
  "test_loss": 24.419658974494425,
  "test_quality": 0.9086549604050725,
  "best_epoch": 3,
  "n_parameters": 12636,
  "elbo_raw": -34286.73200482542,
  "elbo_relative": 1899883.0918920145,
  "tau_mean": 0.05722484630636611,
  "success": true,
  "singular": false,
  "recovered_from_run": true,
  "run_id": "concrete-BTT-L4-d18-seed47659-fold1"
}