{
  "fold": 2,
  "seed": 47659,
  "model": "BTT",
  "dataset": "concrete",
  "params": {
    "model": "BTT",
    "L": 4,
    "bond_dim": 18,
    "init_strength": 0.1,
    "bond_prior_alpha": 5.0,
    "added_bias": true,
    "n_epochs": 100,
    "batch_size": 256,
    "patience": 100,
    "min_delta": 0.0001,
    "warmup_epochs": 5,
    "trim_every": 3,
    "trimming_threshold": 0.3,
    "trim_method": "relevance",
    "soft_trim_relaxation": 2
  },
  "n_features": 9,
  "n_train": 701,
  "n_val": 123,
  "n_test": 206,
  "train_loss": 14.439045572422806,
  "train_quality": 0.9476739287125026,
  "val_loss": 29.75265846054983,
  "val_quality": 0.8715261434255122,
  "test_loss": 35.23999486739003,
  "test_quality": 0.8838455039463676,
  "best_epoch": 2,
  "n_parameters": 12636,
  "elbo_raw": -35547.971469101714,
  "elbo_relative": 1639020.578291853,
  "tau_mean": 0.06772207801112286,
  "success": true,
  "singular": false,
  "recovered_from_run": true,
  "run_id": "concrete-BTT-L4-d18-seed47659-fold2"
}