{
  "fold": 3,
  "seed": 47659,
  "model": "BTT",
  "dataset": "concrete",
  "params": {
    "model": "BTT",
    "L": 4,
    "bond_dim": 18,
    "init_strength": 0.1,
    "bond_prior_alpha": 5.0,
    "added_bias": true,
    "n_epochs": 100,
    "batch_size": 256,
    "patience": 100,
    "min_delta": 0.0001,
    "warmup_epochs": 5,
    "trim_every": 3,
    "trimming_threshold": 0.3,
    "trim_method": "relevance",
    "soft_trim_relaxation": 2
  },
  "n_features": 9,
  "n_train": 701,
  "n_val": 123,
  "n_test": 206,
  "train_loss": 21.12333681099351,
  "train_quality": 0.9249896997321564,
  "val_loss": 75.21161668780532,
  "val_quality": 0.7298082460645721,
  "test_loss": 41.869763680567026,
  "test_quality": 0.8439828895177557,
  "best_epoch": 4,
  "n_parameters": 12636,
  "elbo_raw": -33722.03458153619,
  "elbo_relative": 1887848.6496173711,
  "tau_mean": 0.046161152980213074,
  "success": true,
  "singular": false,
  "recovered_from_run": true,
  "run_id": "concrete-BTT-L4-d18-seed47659-fold3"
}