{
  "fold": 2,
  "seed": 9536,
  "model": "BTT",
  "dataset": "concrete",
  "params": {
    "model": "BTT",
    "L": 4,
    "bond_dim": 18,
    "init_strength": 0.1,
    "bond_prior_alpha": 5.0,
    "added_bias": true,
    "n_epochs": 100,
    "batch_size": 256,
    "patience": 100,
    "min_delta": 0.0001,
    "warmup_epochs": 5,
    "trim_every": 3,
    "trimming_threshold": 0.3,
    "trim_method": "relevance",
    "soft_trim_relaxation": 2
  },
  "n_features": 9,
  "n_train": 701,
  "n_val": 123,
  "n_test": 206,
  "train_loss": 20.713437354776094,
  "train_quality": 0.9260265906102197,
  "val_loss": 33.30496933423598,
  "val_quality": 0.8840666178456279,
  "test_loss": 34.57497820353469,
  "test_quality": 0.8697338724940374,
  "best_epoch": 4,
  "n_parameters": 12636,
  "elbo_raw": -33932.86435710745,
  "elbo_relative": 2361403.9308587094,
  "tau_mean": 0.04717390094312527,
  "success": true,
  "singular": false,
  "recovered_from_run": true,
  "run_id": "concrete-BTT-L4-d18-seed9536-fold2"
}