{
  "fold": 0,
  "seed": 42806,
  "model": "BTT",
  "dataset": "concrete",
  "params": {
    "model": "BTT",
    "L": 4,
    "bond_dim": 18,
    "init_strength": 0.1,
    "bond_prior_alpha": 5.0,
    "added_bias": true,
    "n_epochs": 100,
    "batch_size": 256,
    "patience": 100,
    "min_delta": 0.0001,
    "warmup_epochs": 5,
    "trim_every": 3,
    "trimming_threshold": 0.3,
    "trim_method": "relevance",
    "soft_trim_relaxation": 2
  },
  "n_features": 9,
  "n_train": 701,
  "n_val": 123,
  "n_test": 206,
  "train_loss": 14.048448127931621,
  "train_quality": 0.9512867945868958,
  "val_loss": 35.60522278134301,
  "val_quality": 0.8615066616491729,
  "test_loss": 24.052254382050478,
  "test_quality": 0.9049495050168709,
  "best_epoch": 2,
  "n_parameters": 12636,
  "elbo_raw": -35854.81090557564,
  "elbo_relative": 578922.5928016973,
  "tau_mean": 0.06968870219835291,
  "success": true,
  "singular": false,
  "recovered_from_run": true,
  "run_id": "concrete-BTT-L4-d18-seed42806-fold0"
}