{
  "fold": 1,
  "seed": 9536,
  "model": "BTT",
  "dataset": "concrete",
  "params": {
    "model": "BTT",
    "L": 4,
    "bond_dim": 18,
    "init_strength": 0.1,
    "bond_prior_alpha": 5.0,
    "added_bias": true,
    "n_epochs": 100,
    "batch_size": 256,
    "patience": 100,
    "min_delta": 0.0001,
    "warmup_epochs": 5,
    "trim_every": 3,
    "trimming_threshold": 0.3,
    "trim_method": "relevance",
    "soft_trim_relaxation": 2
  },
  "n_features": 9,
  "n_train": 701,
  "n_val": 123,
  "n_test": 206,
  "train_loss": 17.76070131031481,
  "train_quality": 0.9388942688521908,
  "val_loss": 30.131472466792957,
  "val_quality": 0.901496391227371,
  "test_loss": 41.975459953964176,
  "test_quality": 0.807649996342723,
  "best_epoch": 3,
  "n_parameters": 12636,
  "elbo_raw": -34345.718363942324,
  "elbo_relative": 2482569.118886457,
  "tau_mean": 0.054981876133991685,
  "success": true,
  "singular": false,
  "recovered_from_run": true,
  "run_id": "concrete-BTT-L4-d18-seed9536-fold1"
}