{
  "fold": 0,
  "seed": 19540,
  "model": "BTT",
  "dataset": "concrete",
  "params": {
    "model": "BTT",
    "L": 4,
    "bond_dim": 18,
    "init_strength": 0.1,
    "bond_prior_alpha": 5.0,
    "added_bias": true,
    "n_epochs": 100,
    "batch_size": 256,
    "patience": 100,
    "min_delta": 0.0001,
    "warmup_epochs": 5,
    "trim_every": 3,
    "trimming_threshold": 0.3,
    "trim_method": "relevance",
    "soft_trim_relaxation": 2
  },
  "n_features": 9,
  "n_train": 701,
  "n_val": 123,
  "n_test": 206,
  "train_loss": 16.124570683498657,
  "train_quality": 0.9408360855294001,
  "val_loss": 27.079494280487094,
  "val_quality": 0.9157439152181424,
  "test_loss": 45.82880195557983,
  "test_quality": 0.8320536599567133,
  "best_epoch": 3,
  "n_parameters": 12636,
  "elbo_raw": -34441.18708936569,
  "elbo_relative": 1034750.27236593,
  "tau_mean": 0.06065443557858312,
  "success": true,
  "singular": false,
  "recovered_from_run": true,
  "run_id": "concrete-BTT-L4-d18-seed19540-fold0"
}