{
  "fold": 3,
  "seed": 42806,
  "model": "BTT",
  "dataset": "concrete",
  "params": {
    "model": "BTT",
    "L": 4,
    "bond_dim": 18,
    "init_strength": 0.1,
    "bond_prior_alpha": 5.0,
    "added_bias": true,
    "n_epochs": 100,
    "batch_size": 256,
    "patience": 100,
    "min_delta": 0.0001,
    "warmup_epochs": 5,
    "trim_every": 3,
    "trimming_threshold": 0.3,
    "trim_method": "relevance",
    "soft_trim_relaxation": 2
  },
  "n_features": 9,
  "n_train": 701,
  "n_val": 123,
  "n_test": 206,
  "train_loss": 28.643499425153227,
  "train_quality": 0.8956662386114906,
  "val_loss": 43.747812341059905,
  "val_quality": 0.8465679131612096,
  "test_loss": 31.0402258320261,
  "test_quality": 0.892253018502404,
  "best_epoch": 6,
  "n_parameters": 12636,
  "elbo_raw": -27723.21597368282,
  "elbo_relative": 668131.5448671842,
  "tau_mean": 0.03392892255873785,
  "success": true,
  "singular": false,
  "recovered_from_run": true,
  "run_id": "concrete-BTT-L4-d18-seed42806-fold3"
}