{
  "fold": 1,
  "seed": 42806,
  "model": "BTT",
  "dataset": "concrete",
  "params": {
    "model": "BTT",
    "L": 4,
    "bond_dim": 18,
    "init_strength": 0.1,
    "bond_prior_alpha": 5.0,
    "added_bias": true,
    "n_epochs": 100,
    "batch_size": 256,
    "patience": 100,
    "min_delta": 0.0001,
    "warmup_epochs": 5,
    "trim_every": 3,
    "trimming_threshold": 0.3,
    "trim_method": "relevance",
    "soft_trim_relaxation": 2
  },
  "n_features": 9,
  "n_train": 701,
  "n_val": 123,
  "n_test": 206,
  "train_loss": 12.890288147387002,
  "train_quality": 0.9545378343655312,
  "val_loss": 25.429941626680478,
  "val_quality": 0.9071781276889143,
  "test_loss": 34.34629793932131,
  "test_quality": 0.8667650521246805,
  "best_epoch": 2,
  "n_parameters": 12636,
  "elbo_raw": -35672.703095690405,
  "elbo_relative": 622734.4536259957,
  "tau_mean": 0.07586095254972564,
  "success": true,
  "singular": false,
  "recovered_from_run": true,
  "run_id": "concrete-BTT-L4-d18-seed42806-fold1"
}