{
  "fold": 1,
  "seed": 19540,
  "model": "BTT",
  "dataset": "concrete",
  "params": {
    "model": "BTT",
    "L": 4,
    "bond_dim": 18,
    "init_strength": 0.1,
    "bond_prior_alpha": 5.0,
    "added_bias": true,
    "n_epochs": 100,
    "batch_size": 256,
    "patience": 100,
    "min_delta": 0.0001,
    "warmup_epochs": 5,
    "trim_every": 3,
    "trimming_threshold": 0.3,
    "trim_method": "relevance",
    "soft_trim_relaxation": 2
  },
  "n_features": 9,
  "n_train": 701,
  "n_val": 123,
  "n_test": 206,
  "train_loss": 17.34003399376136,
  "train_quality": 0.9355868740281021,
  "val_loss": 30.559887964973598,
  "val_quality": 0.8933972778895789,
  "test_loss": 26.119243896101533,
  "test_quality": 0.9139899479711457,
  "best_epoch": 3,
  "n_parameters": 12636,
  "elbo_raw": -34230.80270329441,
  "elbo_relative": 940164.653926372,
  "tau_mean": 0.05644313050014516,
  "success": true,
  "singular": false,
  "recovered_from_run": true,
  "run_id": "concrete-BTT-L4-d18-seed19540-fold1"
}