{
  "fold": 2,
  "seed": 42806,
  "model": "BTT",
  "dataset": "concrete",
  "params": {
    "model": "BTT",
    "L": 4,
    "bond_dim": 18,
    "init_strength": 0.1,
    "bond_prior_alpha": 5.0,
    "added_bias": true,
    "n_epochs": 100,
    "batch_size": 256,
    "patience": 100,
    "min_delta": 0.0001,
    "warmup_epochs": 5,
    "trim_every": 3,
    "trimming_threshold": 0.3,
    "trim_method": "relevance",
    "soft_trim_relaxation": 2
  },
  "n_features": 9,
  "n_train": 701,
  "n_val": 123,
  "n_test": 206,
  "train_loss": 18.31663848943541,
  "train_quality": 0.9341586648143339,
  "val_loss": 25.2905685699371,
  "val_quality": 0.9088602331229211,
  "test_loss": 39.12500469337277,
  "test_quality": 0.860324342596047,
  "best_epoch": 3,
  "n_parameters": 12636,
  "elbo_raw": -34078.69599149478,
  "elbo_relative": 624547.3908107408,
  "tau_mean": 0.053317100956277605,
  "success": true,
  "singular": false,
  "recovered_from_run": true,
  "run_id": "concrete-BTT-L4-d18-seed42806-fold2"
}