{
  "fold": 4,
  "seed": 42806,
  "model": "BTT",
  "dataset": "concrete",
  "params": {
    "model": "BTT",
    "L": 4,
    "bond_dim": 18,
    "init_strength": 0.1,
    "bond_prior_alpha": 5.0,
    "added_bias": true,
    "n_epochs": 100,
    "batch_size": 256,
    "patience": 100,
    "min_delta": 0.0001,
    "warmup_epochs": 5,
    "trim_every": 3,
    "trimming_threshold": 0.3,
    "trim_method": "relevance",
    "soft_trim_relaxation": 2
  },
  "n_features": 9,
  "n_train": 701,
  "n_val": 123,
  "n_test": 206,
  "train_loss": 20.72538573920064,
  "train_quality": 0.9241098960360989,
  "val_loss": 28.60538757872571,
  "val_quality": 0.8866218956296319,
  "test_loss": 41.69607785282339,
  "test_quality": 0.8653481369389637,
  "best_epoch": 5,
  "n_parameters": 12636,
  "elbo_raw": -33541.88103074023,
  "elbo_relative": 599823.561664807,
  "tau_mean": 0.046982031441939465,
  "success": true,
  "singular": false,
  "recovered_from_run": true,
  "run_id": "concrete-BTT-L4-d18-seed42806-fold4"
}