{
  "fold": 2,
  "seed": 19540,
  "model": "MPO2",
  "dataset": "bike",
  "params": {
    "model": "MPO2",
    "L": 3,
    "bond_dim": 18,
    "init_strength": 0.1,
    "bond_prior_alpha": 5.0,
    "added_bias": true,
    "n_epochs": 100,
    "batch_size": 256,
    "patience": 100,
    "min_delta": 0.0001,
    "warmup_epochs": 5,
    "trim_every": 3,
    "trimming_threshold": 0.3,
    "trim_method": "relevance",
    "soft_trim_relaxation": 2
  },
  "n_features": 13,
  "n_train": 11818,
  "n_val": 2085,
  "n_test": 3476,
  "train_loss": 11610.159012493104,
  "train_quality": 0.6437959830719888,
  "val_loss": 12280.453678156226,
  "val_quality": 0.6247626749503357,
  "test_loss": 12210.179197749734,
  "test_quality": 0.6412922235366386,
  "best_epoch": 1,
  "n_parameters": 4680,
  "elbo_raw": -129787.45690531461,
  "elbo_relative": 436198214.2413822,
  "tau_mean": 0.0001,
  "success": true,
  "singular": false,
  "recovered_from_run": true,
  "run_id": "bike-MPO2-L3-d18-seed19540-fold2"
}