{
  "fold": 0,
  "seed": 47659,
  "model": "MPO2",
  "dataset": "bike",
  "params": {
    "model": "MPO2",
    "L": 3,
    "bond_dim": 18,
    "init_strength": 0.1,
    "bond_prior_alpha": 5.0,
    "added_bias": true,
    "n_epochs": 100,
    "batch_size": 256,
    "patience": 100,
    "min_delta": 0.0001,
    "warmup_epochs": 5,
    "trim_every": 3,
    "trimming_threshold": 0.3,
    "trim_method": "relevance",
    "soft_trim_relaxation": 2
  },
  "n_features": 13,
  "n_train": 11818,
  "n_val": 2085,
  "n_test": 3476,
  "train_loss": 11678.832228708288,
  "train_quality": 0.6458273925183808,
  "val_loss": 11414.301527106532,
  "val_quality": 0.6413178149999004,
  "test_loss": 12455.69257760247,
  "test_quality": 0.6257816798106683,
  "best_epoch": 1,
  "n_parameters": 4680,
  "elbo_raw": -124730.76314279875,
  "elbo_relative": 462374134.2251535,
  "tau_mean": 0.0001,
  "success": true,
  "singular": false,
  "recovered_from_run": true,
  "run_id": "bike-MPO2-L3-d18-seed47659-fold0"
}