{
  "fold": 0,
  "seed": 42806,
  "model": "MPO2",
  "dataset": "bike",
  "params": {
    "model": "MPO2",
    "L": 3,
    "bond_dim": 18,
    "init_strength": 0.1,
    "bond_prior_alpha": 5.0,
    "added_bias": true,
    "n_epochs": 100,
    "batch_size": 256,
    "patience": 100,
    "min_delta": 0.0001,
    "warmup_epochs": 5,
    "trim_every": 3,
    "trimming_threshold": 0.3,
    "trim_method": "relevance",
    "soft_trim_relaxation": 2
  },
  "n_features": 13,
  "n_train": 11818,
  "n_val": 2085,
  "n_test": 3476,
  "train_loss": 12016.861838905043,
  "train_quality": 0.6411518364975843,
  "val_loss": 11949.550071836851,
  "val_quality": 0.6305144548326133,
  "test_loss": 10918.376464848956,
  "test_quality": 0.6504051878348379,
  "best_epoch": 1,
  "n_parameters": 4680,
  "elbo_raw": -122615.33813969715,
  "elbo_relative": 489144033.1289802,
  "tau_mean": 0.0001,
  "success": true,
  "singular": false,
  "recovered_from_run": true,
  "run_id": "bike-MPO2-L3-d18-seed42806-fold0"
}