{
  "fold": 3,
  "seed": 19540,
  "model": "MPO2",
  "dataset": "bike",
  "params": {
    "model": "MPO2",
    "L": 3,
    "bond_dim": 18,
    "init_strength": 0.1,
    "bond_prior_alpha": 5.0,
    "added_bias": true,
    "n_epochs": 100,
    "batch_size": 256,
    "patience": 100,
    "min_delta": 0.0001,
    "warmup_epochs": 5,
    "trim_every": 3,
    "trimming_threshold": 0.3,
    "trim_method": "relevance",
    "soft_trim_relaxation": 2
  },
  "n_features": 13,
  "n_train": 11818,
  "n_val": 2085,
  "n_test": 3476,
  "train_loss": 11566.86101867092,
  "train_quality": 0.6480179276358037,
  "val_loss": 12536.818448548936,
  "val_quality": 0.6120089189142943,
  "test_loss": 12270.379093638627,
  "test_quality": 0.6323887273663618,
  "best_epoch": 1,
  "n_parameters": 4680,
  "elbo_raw": -129759.75711203957,
  "elbo_relative": 438310879.47201455,
  "tau_mean": 0.0001,
  "success": true,
  "singular": false,
  "recovered_from_run": true,
  "run_id": "bike-MPO2-L3-d18-seed19540-fold3"
}