{
  "fold": 3,
  "seed": 47659,
  "model": "MPO2",
  "dataset": "bike",
  "params": {
    "model": "MPO2",
    "L": 3,
    "bond_dim": 18,
    "init_strength": 0.1,
    "bond_prior_alpha": 5.0,
    "added_bias": true,
    "n_epochs": 100,
    "batch_size": 256,
    "patience": 100,
    "min_delta": 0.0001,
    "warmup_epochs": 5,
    "trim_every": 3,
    "trimming_threshold": 0.3,
    "trim_method": "relevance",
    "soft_trim_relaxation": 2
  },
  "n_features": 13,
  "n_train": 11818,
  "n_val": 2085,
  "n_test": 3476,
  "train_loss": 11694.501713898475,
  "train_quality": 0.6519545483071814,
  "val_loss": 12327.394933855365,
  "val_quality": 0.5924842502888585,
  "test_loss": 11955.371802279089,
  "test_quality": 0.6267757804699576,
  "best_epoch": 1,
  "n_parameters": 4680,
  "elbo_raw": -119891.5801335116,
  "elbo_relative": 474061809.34611666,
  "tau_mean": 0.0001,
  "success": true,
  "singular": false,
  "recovered_from_run": true,
  "run_id": "bike-MPO2-L3-d18-seed47659-fold3"
}