{
  "fold": 0,
  "seed": 19540,
  "model": "MPO2",
  "dataset": "bike",
  "params": {
    "model": "MPO2",
    "L": 3,
    "bond_dim": 18,
    "init_strength": 0.1,
    "bond_prior_alpha": 5.0,
    "added_bias": true,
    "n_epochs": 100,
    "batch_size": 256,
    "patience": 100,
    "min_delta": 0.0001,
    "warmup_epochs": 5,
    "trim_every": 3,
    "trimming_threshold": 0.3,
    "trim_method": "relevance",
    "soft_trim_relaxation": 2
  },
  "n_features": 13,
  "n_train": 11818,
  "n_val": 2085,
  "n_test": 3476,
  "train_loss": 11635.078613255404,
  "train_quality": 0.6476802145573923,
  "val_loss": 12542.160365656679,
  "val_quality": 0.6228455647666485,
  "test_loss": 11984.422415601088,
  "test_quality": 0.6285260237666433,
  "best_epoch": 1,
  "n_parameters": 4680,
  "elbo_raw": -130264.00946818362,
  "elbo_relative": 439892078.8117955,
  "tau_mean": 0.0001,
  "success": true,
  "singular": false,
  "recovered_from_run": true,
  "run_id": "bike-MPO2-L3-d18-seed19540-fold0"
}