{
  "fold": 2,
  "seed": 42806,
  "model": "MPO2",
  "dataset": "bike",
  "params": {
    "model": "MPO2",
    "L": 3,
    "bond_dim": 18,
    "init_strength": 0.1,
    "bond_prior_alpha": 5.0,
    "added_bias": true,
    "n_epochs": 100,
    "batch_size": 256,
    "patience": 100,
    "min_delta": 0.0001,
    "warmup_epochs": 5,
    "trim_every": 3,
    "trimming_threshold": 0.3,
    "trim_method": "relevance",
    "soft_trim_relaxation": 2
  },
  "n_features": 13,
  "n_train": 11818,
  "n_val": 2085,
  "n_test": 3476,
  "train_loss": 11493.29878553199,
  "train_quality": 0.6509021922039774,
  "val_loss": 12161.689485916417,
  "val_quality": 0.6264744784777299,
  "test_loss": 12639.06425404886,
  "test_quality": 0.6172461489053638,
  "best_epoch": 1,
  "n_parameters": 4680,
  "elbo_raw": -126198.03440552608,
  "elbo_relative": 482799218.72639036,
  "tau_mean": 0.0001,
  "success": true,
  "singular": false,
  "recovered_from_run": true,
  "run_id": "bike-MPO2-L3-d18-seed42806-fold2"
}