{
  "fold": 4,
  "seed": 42806,
  "model": "MPO2",
  "dataset": "bike",
  "params": {
    "model": "MPO2",
    "L": 3,
    "bond_dim": 18,
    "init_strength": 0.1,
    "bond_prior_alpha": 5.0,
    "added_bias": true,
    "n_epochs": 100,
    "batch_size": 256,
    "patience": 100,
    "min_delta": 0.0001,
    "warmup_epochs": 5,
    "trim_every": 3,
    "trimming_threshold": 0.3,
    "trim_method": "relevance",
    "soft_trim_relaxation": 2
  },
  "n_features": 13,
  "n_train": 11819,
  "n_val": 2085,
  "n_test": 3475,
  "train_loss": 11351.81577877613,
  "train_quality": 0.6525071860944347,
  "val_loss": 12593.165689073498,
  "val_quality": 0.6383503138027842,
  "test_loss": 13184.017674037814,
  "test_quality": 0.5946839893129934,
  "best_epoch": 1,
  "n_parameters": 4680,
  "elbo_raw": -122643.10793393388,
  "elbo_relative": 483497536.8413453,
  "tau_mean": 0.0001,
  "success": true,
  "singular": false,
  "recovered_from_run": true,
  "run_id": "bike-MPO2-L3-d18-seed42806-fold4"
}