{
  "fold": 2,
  "seed": 19540,
  "model": "LMPO2",
  "dataset": "appliances",
  "params": {
    "model": "LMPO2",
    "L": 3,
    "bond_dim": 18,
    "init_strength": 0.1,
    "bond_prior_alpha": 5.0,
    "added_bias": true,
    "n_epochs": 100,
    "batch_size": 256,
    "patience": 100,
    "min_delta": 0.0001,
    "warmup_epochs": 5,
    "trim_every": 3,
    "trimming_threshold": 0.3,
    "trim_method": "relevance",
    "soft_trim_relaxation": 2
  },
  "n_features": 28,
  "n_train": 13420,
  "n_val": 2368,
  "n_test": 3947,
  "train_loss": 4450.070860968608,
  "train_quality": 0.5717282141012432,
  "val_loss": 6506.625320210505,
  "val_quality": 0.36453933792362847,
  "test_loss": 7183.4451060052015,
  "test_quality": 0.351781665440701,
  "best_epoch": 1,
  "n_parameters": 6216,
  "elbo_raw": -1835181.1805104255,
  "elbo_relative": 38814895287.325195,
  "tau_mean": 0.00022474900491455162,
  "success": true,
  "singular": false,
  "recovered_from_run": true,
  "run_id": "appliances-LMPO2-L3-d18-seed19540-fold2"
}