{
  "fold": 4,
  "seed": 47659,
  "model": "LMPO2",
  "dataset": "appliances",
  "params": {
    "model": "LMPO2",
    "L": 3,
    "bond_dim": 18,
    "init_strength": 0.1,
    "bond_prior_alpha": 5.0,
    "added_bias": true,
    "n_epochs": 100,
    "batch_size": 256,
    "patience": 100,
    "min_delta": 0.0001,
    "warmup_epochs": 5,
    "trim_every": 3,
    "trimming_threshold": 0.3,
    "trim_method": "relevance",
    "soft_trim_relaxation": 2
  },
  "n_features": 28,
  "n_train": 13420,
  "n_val": 2368,
  "n_test": 3947,
  "train_loss": 4190.443415375546,
  "train_quality": 0.5955878654426086,
  "val_loss": 6781.90041939346,
  "val_quality": 0.3394261975668822,
  "test_loss": 6855.753493634103,
  "test_quality": 0.3858316572736865,
  "best_epoch": 1,
  "n_parameters": 6216,
  "elbo_raw": -1639231.8444540733,
  "elbo_relative": 23298799746.018173,
  "tau_mean": 0.00023867378618142623,
  "success": true,
  "singular": false,
  "recovered_from_run": true,
  "run_id": "appliances-LMPO2-L3-d18-seed47659-fold4"
}