{
  "fold": 1,
  "seed": 9536,
  "model": "LMPO2",
  "dataset": "appliances",
  "params": {
    "model": "LMPO2",
    "L": 3,
    "bond_dim": 18,
    "init_strength": 0.1,
    "bond_prior_alpha": 5.0,
    "added_bias": true,
    "n_epochs": 100,
    "batch_size": 256,
    "patience": 100,
    "min_delta": 0.0001,
    "warmup_epochs": 5,
    "trim_every": 3,
    "trimming_threshold": 0.3,
    "trim_method": "relevance",
    "soft_trim_relaxation": 2
  },
  "n_features": 28,
  "n_train": 13420,
  "n_val": 2368,
  "n_test": 3947,
  "train_loss": 4161.9398595273815,
  "train_quality": 0.582311929841739,
  "val_loss": 7399.788391551384,
  "val_quality": 0.3827557924239421,
  "test_loss": 6918.014529341831,
  "test_quality": 0.39720387214821806,
  "best_epoch": 1,
  "n_parameters": 6216,
  "elbo_raw": -1596540.6567753595,
  "elbo_relative": 25099358050.90014,
  "tau_mean": 0.0002403083728357089,
  "success": true,
  "singular": false,
  "recovered_from_run": true,
  "run_id": "appliances-LMPO2-L3-d18-seed9536-fold1"
}