{
  "fold": 2,
  "seed": 47659,
  "model": "LMPO2",
  "dataset": "appliances",
  "params": {
    "model": "LMPO2",
    "L": 3,
    "bond_dim": 18,
    "init_strength": 0.1,
    "bond_prior_alpha": 5.0,
    "added_bias": true,
    "n_epochs": 100,
    "batch_size": 256,
    "patience": 100,
    "min_delta": 0.0001,
    "warmup_epochs": 5,
    "trim_every": 3,
    "trimming_threshold": 0.3,
    "trim_method": "relevance",
    "soft_trim_relaxation": 2
  },
  "n_features": 28,
  "n_train": 13420,
  "n_val": 2368,
  "n_test": 3947,
  "train_loss": 4217.686728214057,
  "train_quality": 0.5868857225568851,
  "val_loss": 7037.786384926708,
  "val_quality": 0.3820574204041206,
  "test_loss": 6938.615927762003,
  "test_quality": 0.36938143582787764,
  "best_epoch": 1,
  "n_parameters": 6216,
  "elbo_raw": -1757722.5684674254,
  "elbo_relative": 23233522505.32525,
  "tau_mean": 0.00023713212014206883,
  "success": true,
  "singular": false,
  "recovered_from_run": true,
  "run_id": "appliances-LMPO2-L3-d18-seed47659-fold2"
}