{
  "fold": 3,
  "seed": 47659,
  "model": "LMPO2",
  "dataset": "appliances",
  "params": {
    "model": "LMPO2",
    "L": 3,
    "bond_dim": 18,
    "init_strength": 0.1,
    "bond_prior_alpha": 5.0,
    "added_bias": true,
    "n_epochs": 100,
    "batch_size": 256,
    "patience": 100,
    "min_delta": 0.0001,
    "warmup_epochs": 5,
    "trim_every": 3,
    "trimming_threshold": 0.3,
    "trim_method": "relevance",
    "soft_trim_relaxation": 2
  },
  "n_features": 28,
  "n_train": 13420,
  "n_val": 2368,
  "n_test": 3947,
  "train_loss": 4306.157975053858,
  "train_quality": 0.5891954391656353,
  "val_loss": 7075.840050916337,
  "val_quality": 0.33175655760629374,
  "test_loss": 7113.831842635516,
  "test_quality": 0.32630975700247444,
  "best_epoch": 1,
  "n_parameters": 6216,
  "elbo_raw": -1654473.1734190176,
  "elbo_relative": 23390540257.436985,
  "tau_mean": 0.0002322601731001354,
  "success": true,
  "singular": false,
  "recovered_from_run": true,
  "run_id": "appliances-LMPO2-L3-d18-seed47659-fold3"
}