{
  "fold": 3,
  "seed": 9536,
  "model": "LMPO2",
  "dataset": "appliances",
  "params": {
    "model": "LMPO2",
    "L": 3,
    "bond_dim": 18,
    "init_strength": 0.1,
    "bond_prior_alpha": 5.0,
    "added_bias": true,
    "n_epochs": 100,
    "batch_size": 256,
    "patience": 100,
    "min_delta": 0.0001,
    "warmup_epochs": 5,
    "trim_every": 3,
    "trimming_threshold": 0.3,
    "trim_method": "relevance",
    "soft_trim_relaxation": 2
  },
  "n_features": 28,
  "n_train": 13420,
  "n_val": 2368,
  "n_test": 3947,
  "train_loss": 4207.111625314155,
  "train_quality": 0.5964697623181189,
  "val_loss": 7595.154889273437,
  "val_quality": 0.3638305740775445,
  "test_loss": 6249.969622510464,
  "test_quality": 0.3714121021386153,
  "best_epoch": 1,
  "n_parameters": 6216,
  "elbo_raw": -1598881.5463241956,
  "elbo_relative": 24516096585.030212,
  "tau_mean": 0.0002377281814558342,
  "success": true,
  "singular": false,
  "recovered_from_run": true,
  "run_id": "appliances-LMPO2-L3-d18-seed9536-fold3"
}