{
  "fold": 0,
  "seed": 19540,
  "model": "LMPO2",
  "dataset": "appliances",
  "params": {
    "model": "LMPO2",
    "L": 3,
    "bond_dim": 18,
    "init_strength": 0.1,
    "bond_prior_alpha": 5.0,
    "added_bias": true,
    "n_epochs": 100,
    "batch_size": 256,
    "patience": 100,
    "min_delta": 0.0001,
    "warmup_epochs": 5,
    "trim_every": 3,
    "trimming_threshold": 0.3,
    "trim_method": "relevance",
    "soft_trim_relaxation": 2
  },
  "n_features": 28,
  "n_train": 13420,
  "n_val": 2368,
  "n_test": 3947,
  "train_loss": 4586.273491556012,
  "train_quality": 0.577590889786515,
  "val_loss": 6122.02186554756,
  "val_quality": 0.4036736680314297,
  "test_loss": 6364.393261780409,
  "test_quality": 0.32802112725096766,
  "best_epoch": 1,
  "n_parameters": 6216,
  "elbo_raw": -1868947.7921286763,
  "elbo_relative": 39207644477.596924,
  "tau_mean": 0.00021807443464461385,
  "success": true,
  "singular": false,
  "recovered_from_run": true,
  "run_id": "appliances-LMPO2-L3-d18-seed19540-fold0"
}