{
  "fold": 4,
  "seed": 42,
  "model": "LMPO2",
  "dataset": "appliances",
  "params": {
    "model": "LMPO2",
    "L": 3,
    "bond_dim": 18,
    "init_strength": 0.1,
    "bond_prior_alpha": 5.0,
    "added_bias": true,
    "n_epochs": 100,
    "batch_size": 256,
    "patience": 100,
    "min_delta": 0.0001,
    "warmup_epochs": 5,
    "trim_every": 3,
    "trimming_threshold": 0.3,
    "trim_method": "relevance",
    "soft_trim_relaxation": 2
  },
  "n_features": 28,
  "n_train": 13420,
  "n_val": 2368,
  "n_test": 3947,
  "train_loss": 4463.013067696717,
  "train_quality": 0.5775133718297711,
  "val_loss": 7479.579919974361,
  "val_quality": 0.28477049653205766,
  "test_loss": 6822.027198285008,
  "test_quality": 0.3416225576827855,
  "best_epoch": 1,
  "n_parameters": 6216,
  "elbo_raw": -1818965.6026915088,
  "elbo_relative": 83525211677.00214,
  "tau_mean": 0.00022409725957070218,
  "success": true,
  "singular": false,
  "recovered_from_run": true,
  "run_id": "appliances-LMPO2-L3-d18-seed42-fold4"
}