{
  "fold": 0,
  "seed": 9536,
  "model": "LMPO2",
  "dataset": "appliances",
  "params": {
    "model": "LMPO2",
    "L": 3,
    "bond_dim": 18,
    "init_strength": 0.1,
    "bond_prior_alpha": 5.0,
    "added_bias": true,
    "n_epochs": 100,
    "batch_size": 256,
    "patience": 100,
    "min_delta": 0.0001,
    "warmup_epochs": 5,
    "trim_every": 3,
    "trimming_threshold": 0.3,
    "trim_method": "relevance",
    "soft_trim_relaxation": 2
  },
  "n_features": 28,
  "n_train": 13420,
  "n_val": 2368,
  "n_test": 3947,
  "train_loss": 6939.712639705902,
  "train_quality": 0.3318591982354868,
  "val_loss": 7503.860027546188,
  "val_quality": 0.3162232320272417,
  "test_loss": 7728.801356211938,
  "test_quality": 0.2744112312800021,
  "best_epoch": 7,
  "n_parameters": 6216,
  "elbo_raw": -86670.93074141887,
  "elbo_relative": 24803417162.915493,
  "tau_mean": 0.00014221619410883105,
  "success": true,
  "singular": false,
  "recovered_from_run": true,
  "run_id": "appliances-LMPO2-L3-d18-seed9536-fold0"
}