{
  "fold": 3,
  "seed": 42,
  "model": "LMPO2",
  "dataset": "appliances",
  "params": {
    "model": "LMPO2",
    "L": 3,
    "bond_dim": 18,
    "init_strength": 0.1,
    "bond_prior_alpha": 5.0,
    "added_bias": true,
    "n_epochs": 100,
    "batch_size": 256,
    "patience": 100,
    "min_delta": 0.0001,
    "warmup_epochs": 5,
    "trim_every": 3,
    "trimming_threshold": 0.3,
    "trim_method": "relevance",
    "soft_trim_relaxation": 2
  },
  "n_features": 28,
  "n_train": 13420,
  "n_val": 2368,
  "n_test": 3947,
  "train_loss": 4453.43508070202,
  "train_quality": 0.5731688130261504,
  "val_loss": 6807.063895821389,
  "val_quality": 0.39529366946117217,
  "test_loss": 6610.658849582395,
  "test_quality": 0.3597090121815113,
  "best_epoch": 1,
  "n_parameters": 6216,
  "elbo_raw": -1751003.5412658905,
  "elbo_relative": 88123030625.98613,
  "tau_mean": 0.0002245792247339957,
  "success": true,
  "singular": false,
  "recovered_from_run": true,
  "run_id": "appliances-LMPO2-L3-d18-seed42-fold3"
}