{
  "fold": 2,
  "seed": 9536,
  "model": "LMPO2",
  "dataset": "appliances",
  "params": {
    "model": "LMPO2",
    "L": 3,
    "bond_dim": 18,
    "init_strength": 0.1,
    "bond_prior_alpha": 5.0,
    "added_bias": true,
    "n_epochs": 100,
    "batch_size": 256,
    "patience": 100,
    "min_delta": 0.0001,
    "warmup_epochs": 5,
    "trim_every": 3,
    "trimming_threshold": 0.3,
    "trim_method": "relevance",
    "soft_trim_relaxation": 2
  },
  "n_features": 28,
  "n_train": 13420,
  "n_val": 2368,
  "n_test": 3947,
  "train_loss": 4223.699314486639,
  "train_quality": 0.5921646513070726,
  "val_loss": 7238.388286086092,
  "val_quality": 0.3899310038814602,
  "test_loss": 6767.587325848346,
  "test_quality": 0.33758279903060806,
  "best_epoch": 1,
  "n_parameters": 6216,
  "elbo_raw": -1645088.233683214,
  "elbo_relative": 25717631575.092285,
  "tau_mean": 0.0002367945541427193,
  "success": true,
  "singular": false,
  "recovered_from_run": true,
  "run_id": "appliances-LMPO2-L3-d18-seed9536-fold2"
}