{
  "fold": 2,
  "seed": 42806,
  "model": "LMPO2",
  "dataset": "appliances",
  "params": {
    "model": "LMPO2",
    "L": 3,
    "bond_dim": 18,
    "init_strength": 0.1,
    "bond_prior_alpha": 5.0,
    "added_bias": true,
    "n_epochs": 100,
    "batch_size": 256,
    "patience": 100,
    "min_delta": 0.0001,
    "warmup_epochs": 5,
    "trim_every": 3,
    "trimming_threshold": 0.3,
    "trim_method": "relevance",
    "soft_trim_relaxation": 2
  },
  "n_features": 28,
  "n_train": 13420,
  "n_val": 2368,
  "n_test": 3947,
  "train_loss": 4233.251563514091,
  "train_quality": 0.5950811341963917,
  "val_loss": 6631.066710377804,
  "val_quality": 0.35241632051385685,
  "test_loss": 7051.388676958016,
  "test_quality": 0.35086235094088614,
  "best_epoch": 1,
  "n_parameters": 6216,
  "elbo_raw": -1610633.3485559113,
  "elbo_relative": 21972863938.268227,
  "tau_mean": 0.00023626023189988825,
  "success": true,
  "singular": false,
  "recovered_from_run": true,
  "run_id": "appliances-LMPO2-L3-d18-seed42806-fold2"
}