{
  "fold": 0,
  "seed": 42,
  "model": "LMPO2",
  "dataset": "appliances",
  "params": {
    "model": "LMPO2",
    "L": 3,
    "bond_dim": 18,
    "init_strength": 0.1,
    "bond_prior_alpha": 5.0,
    "added_bias": true,
    "n_epochs": 100,
    "batch_size": 256,
    "patience": 100,
    "min_delta": 0.0001,
    "warmup_epochs": 5,
    "trim_every": 3,
    "trimming_threshold": 0.3,
    "trim_method": "relevance",
    "soft_trim_relaxation": 2
  },
  "n_features": 28,
  "n_train": 13420,
  "n_val": 2368,
  "n_test": 3947,
  "train_loss": 4311.107580179597,
  "train_quality": 0.5909810001525092,
  "val_loss": 7405.606794840466,
  "val_quality": 0.33761289202764244,
  "test_loss": 7046.70532181981,
  "test_quality": 0.29582880223795904,
  "best_epoch": 1,
  "n_parameters": 6216,
  "elbo_raw": -1777255.570142364,
  "elbo_relative": 86797303345.29674,
  "tau_mean": 0.0002319935139917368,
  "success": true,
  "singular": false,
  "recovered_from_run": true,
  "run_id": "appliances-LMPO2-L3-d18-seed42-fold0"
}