{
  "fold": 4,
  "seed": 9536,
  "model": "LMPO2",
  "dataset": "appliances",
  "params": {
    "model": "LMPO2",
    "L": 3,
    "bond_dim": 18,
    "init_strength": 0.1,
    "bond_prior_alpha": 5.0,
    "added_bias": true,
    "n_epochs": 100,
    "batch_size": 256,
    "patience": 100,
    "min_delta": 0.0001,
    "warmup_epochs": 5,
    "trim_every": 3,
    "trimming_threshold": 0.3,
    "trim_method": "relevance",
    "soft_trim_relaxation": 2
  },
  "n_features": 28,
  "n_train": 13420,
  "n_val": 2368,
  "n_test": 3947,
  "train_loss": 4268.303217427716,
  "train_quality": 0.5947052180793205,
  "val_loss": 6248.5719701274,
  "val_quality": 0.4217363817745663,
  "test_loss": 6724.933967480185,
  "test_quality": 0.3447553062878991,
  "best_epoch": 1,
  "n_parameters": 6216,
  "elbo_raw": -1634144.1158899292,
  "elbo_relative": 24786614811.910137,
  "tau_mean": 0.00023432004368665498,
  "success": true,
  "singular": false,
  "recovered_from_run": true,
  "run_id": "appliances-LMPO2-L3-d18-seed9536-fold4"
}