{
  "fold": 3,
  "seed": 42806,
  "model": "LMPO2",
  "dataset": "appliances",
  "params": {
    "model": "LMPO2",
    "L": 3,
    "bond_dim": 18,
    "init_strength": 0.1,
    "bond_prior_alpha": 5.0,
    "added_bias": true,
    "n_epochs": 100,
    "batch_size": 256,
    "patience": 100,
    "min_delta": 0.0001,
    "warmup_epochs": 5,
    "trim_every": 3,
    "trimming_threshold": 0.3,
    "trim_method": "relevance",
    "soft_trim_relaxation": 2
  },
  "n_features": 28,
  "n_train": 13420,
  "n_val": 2368,
  "n_test": 3947,
  "train_loss": 7061.753349410607,
  "train_quality": 0.3518930779550422,
  "val_loss": 6444.741511909693,
  "val_quality": 0.3127753375939937,
  "test_loss": 7167.811359886754,
  "test_quality": 0.27430635640894574,
  "best_epoch": 7,
  "n_parameters": 6216,
  "elbo_raw": -86985.24284384663,
  "elbo_relative": 21496643404.609627,
  "tau_mean": 0.0001398481029808013,
  "success": true,
  "singular": false,
  "recovered_from_run": true,
  "run_id": "appliances-LMPO2-L3-d18-seed42806-fold3"
}