{
  "fold": 2,
  "seed": 42,
  "model": "LMPO2",
  "dataset": "appliances",
  "params": {
    "model": "LMPO2",
    "L": 3,
    "bond_dim": 18,
    "init_strength": 0.1,
    "bond_prior_alpha": 5.0,
    "added_bias": true,
    "n_epochs": 100,
    "batch_size": 256,
    "patience": 100,
    "min_delta": 0.0001,
    "warmup_epochs": 5,
    "trim_every": 3,
    "trimming_threshold": 0.3,
    "trim_method": "relevance",
    "soft_trim_relaxation": 2
  },
  "n_features": 28,
  "n_train": 13420,
  "n_val": 2368,
  "n_test": 3947,
  "train_loss": 4501.16116691339,
  "train_quality": 0.5689901442020491,
  "val_loss": 6695.81413510751,
  "val_quality": 0.40535791989087133,
  "test_loss": 6588.509751431518,
  "test_quality": 0.359197522965528,
  "best_epoch": 1,
  "n_parameters": 6216,
  "elbo_raw": -1787564.9048826285,
  "elbo_relative": 89560426538.70921,
  "tau_mean": 0.00022219799760423936,
  "success": true,
  "singular": false,
  "recovered_from_run": true,
  "run_id": "appliances-LMPO2-L3-d18-seed42-fold2"
}