{
  "fold": 1,
  "seed": 19540,
  "model": "LMPO2",
  "dataset": "appliances",
  "params": {
    "model": "LMPO2",
    "L": 3,
    "bond_dim": 18,
    "init_strength": 0.1,
    "bond_prior_alpha": 5.0,
    "added_bias": true,
    "n_epochs": 100,
    "batch_size": 256,
    "patience": 100,
    "min_delta": 0.0001,
    "warmup_epochs": 5,
    "trim_every": 3,
    "trimming_threshold": 0.3,
    "trim_method": "relevance",
    "soft_trim_relaxation": 2
  },
  "n_features": 28,
  "n_train": 13420,
  "n_val": 2368,
  "n_test": 3947,
  "train_loss": 4461.22898806434,
  "train_quality": 0.5783143570596583,
  "val_loss": 6689.668931996316,
  "val_quality": 0.3218363097151553,
  "test_loss": 7208.185139697916,
  "test_quality": 0.3238456071281133,
  "best_epoch": 1,
  "n_parameters": 6216,
  "elbo_raw": -1809672.9521885093,
  "elbo_relative": 38980199924.75694,
  "tau_mean": 0.00022418687777774453,
  "success": true,
  "singular": false,
  "recovered_from_run": true,
  "run_id": "appliances-LMPO2-L3-d18-seed19540-fold1"
}