{
  "fold": 0,
  "seed": 47659,
  "model": "LMPO2",
  "dataset": "appliances",
  "params": {
    "model": "LMPO2",
    "L": 3,
    "bond_dim": 18,
    "init_strength": 0.1,
    "bond_prior_alpha": 5.0,
    "added_bias": true,
    "n_epochs": 100,
    "batch_size": 256,
    "patience": 100,
    "min_delta": 0.0001,
    "warmup_epochs": 5,
    "trim_every": 3,
    "trimming_threshold": 0.3,
    "trim_method": "relevance",
    "soft_trim_relaxation": 2
  },
  "n_features": 28,
  "n_train": 13420,
  "n_val": 2368,
  "n_test": 3947,
  "train_loss": 4467.183698656402,
  "train_quality": 0.5860092697680593,
  "val_loss": 5868.067790411343,
  "val_quality": 0.40920364633080797,
  "test_loss": 6495.766190544299,
  "test_quality": 0.34396495318703624,
  "best_epoch": 1,
  "n_parameters": 6216,
  "elbo_raw": -1576686.0213671017,
  "elbo_relative": 23577956609.01914,
  "tau_mean": 0.0002238880389519381,
  "success": true,
  "singular": false,
  "recovered_from_run": true,
  "run_id": "appliances-LMPO2-L3-d18-seed47659-fold0"
}