{
  "fold": 1,
  "seed": 42,
  "model": "LMPO2",
  "dataset": "appliances",
  "params": {
    "model": "LMPO2",
    "L": 3,
    "bond_dim": 18,
    "init_strength": 0.1,
    "bond_prior_alpha": 5.0,
    "added_bias": true,
    "n_epochs": 100,
    "batch_size": 256,
    "patience": 100,
    "min_delta": 0.0001,
    "warmup_epochs": 5,
    "trim_every": 3,
    "trimming_threshold": 0.3,
    "trim_method": "relevance",
    "soft_trim_relaxation": 2
  },
  "n_features": 28,
  "n_train": 13420,
  "n_val": 2368,
  "n_test": 3947,
  "train_loss": 4224.286334900213,
  "train_quality": 0.5894081277338189,
  "val_loss": 6746.436513435955,
  "val_quality": 0.3250467000792481,
  "test_loss": 7288.6629514867755,
  "test_quality": 0.36969935883718696,
  "best_epoch": 1,
  "n_parameters": 6216,
  "elbo_raw": -1711186.3512300123,
  "elbo_relative": 85008729367.40768,
  "tau_mean": 0.00023676164841115172,
  "success": true,
  "singular": false,
  "recovered_from_run": true,
  "run_id": "appliances-LMPO2-L3-d18-seed42-fold1"
}