{
  "fold": 4,
  "seed": 42806,
  "model": "LMPO2",
  "dataset": "appliances",
  "params": {
    "model": "LMPO2",
    "L": 3,
    "bond_dim": 18,
    "init_strength": 0.1,
    "bond_prior_alpha": 5.0,
    "added_bias": true,
    "n_epochs": 100,
    "batch_size": 256,
    "patience": 100,
    "min_delta": 0.0001,
    "warmup_epochs": 5,
    "trim_every": 3,
    "trimming_threshold": 0.3,
    "trim_method": "relevance",
    "soft_trim_relaxation": 2
  },
  "n_features": 28,
  "n_train": 13420,
  "n_val": 2368,
  "n_test": 3947,
  "train_loss": 4345.67762113814,
  "train_quality": 0.5873467565901168,
  "val_loss": 6936.53578405024,
  "val_quality": 0.3687522356390901,
  "test_loss": 6423.049894221824,
  "test_quality": 0.36744019719989907,
  "best_epoch": 1,
  "n_parameters": 6216,
  "elbo_raw": -1543294.5538111732,
  "elbo_relative": 21096973733.82094,
  "tau_mean": 0.0002301479962831153,
  "success": true,
  "singular": false,
  "recovered_from_run": true,
  "run_id": "appliances-LMPO2-L3-d18-seed42806-fold4"
}