{
  "fold": 0,
  "seed": 42806,
  "model": "LMPO2",
  "dataset": "appliances",
  "params": {
    "model": "LMPO2",
    "L": 3,
    "bond_dim": 18,
    "init_strength": 0.1,
    "bond_prior_alpha": 5.0,
    "added_bias": true,
    "n_epochs": 100,
    "batch_size": 256,
    "patience": 100,
    "min_delta": 0.0001,
    "warmup_epochs": 5,
    "trim_every": 3,
    "trimming_threshold": 0.3,
    "trim_method": "relevance",
    "soft_trim_relaxation": 2
  },
  "n_features": 28,
  "n_train": 13420,
  "n_val": 2368,
  "n_test": 3947,
  "train_loss": 4240.172883312667,
  "train_quality": 0.5842701840414366,
  "val_loss": 7333.171647062315,
  "val_quality": 0.38552156230586754,
  "test_loss": 6561.607610420291,
  "test_quality": 0.38703720547920006,
  "best_epoch": 1,
  "n_parameters": 6216,
  "elbo_raw": -1578183.0559147918,
  "elbo_relative": 21798198569.08925,
  "tau_mean": 0.0002358745795672614,
  "success": true,
  "singular": false,
  "recovered_from_run": true,
  "run_id": "appliances-LMPO2-L3-d18-seed42806-fold0"
}