{
  "fold": 4,
  "seed": 47659,
  "model": "BTT",
  "dataset": "obesity",
  "params": {
    "model": "BTT",
    "L": 3,
    "bond_dim": 18,
    "init_strength": 0.1,
    "bond_prior_alpha": 5.0,
    "added_bias": false,
    "n_epochs": 100,
    "batch_size": 256,
    "patience": 100,
    "min_delta": 0.0001,
    "warmup_epochs": 5,
    "trim_every": 3,
    "trimming_threshold": 0.3,
    "trim_method": "relevance",
    "soft_trim_relaxation": 2
  },
  "n_features": 39,
  "n_train": 1436,
  "n_val": 253,
  "n_test": 422,
  "train_loss": 0.5806051585855126,
  "train_quality": 0.8485053892625796,
  "val_loss": 1.7257077868630701,
  "val_quality": 0.5417513805047991,
  "test_loss": 1.3695865575072232,
  "test_quality": 0.628797117286451,
  "best_epoch": 7,
  "n_parameters": 8262,
  "elbo_raw": -12356.982819158793,
  "elbo_relative": 414527525.9560631,
  "tau_mean": 1.4014483656874437,
  "success": true,
  "singular": false,
  "recovered_from_run": true,
  "run_id": "obesity-BTT-L3-d18-seed47659-fold4"
}