{
  "fold": 2,
  "seed": 47659,
  "model": "BTT",
  "dataset": "obesity",
  "params": {
    "model": "BTT",
    "L": 3,
    "bond_dim": 18,
    "init_strength": 0.1,
    "bond_prior_alpha": 5.0,
    "added_bias": false,
    "n_epochs": 100,
    "batch_size": 256,
    "patience": 100,
    "min_delta": 0.0001,
    "warmup_epochs": 5,
    "trim_every": 3,
    "trimming_threshold": 0.3,
    "trim_method": "relevance",
    "soft_trim_relaxation": 2
  },
  "n_features": 39,
  "n_train": 1436,
  "n_val": 253,
  "n_test": 422,
  "train_loss": 0.7031324515361893,
  "train_quality": 0.8134477266576272,
  "val_loss": 1.5846319110725884,
  "val_quality": 0.5639939476441942,
  "test_loss": 1.0415310956094581,
  "test_quality": 0.7395806676010273,
  "best_epoch": 5,
  "n_parameters": 8262,
  "elbo_raw": -21166.367602253787,
  "elbo_relative": 428544778.2547236,
  "tau_mean": 1.3126009137764696,
  "success": true,
  "singular": false,
  "recovered_from_run": true,
  "run_id": "obesity-BTT-L3-d18-seed47659-fold2"
}