{
  "fold": 1,
  "seed": 47659,
  "model": "BTT",
  "dataset": "obesity",
  "params": {
    "model": "BTT",
    "L": 3,
    "bond_dim": 18,
    "init_strength": 0.1,
    "bond_prior_alpha": 5.0,
    "added_bias": false,
    "n_epochs": 100,
    "batch_size": 256,
    "patience": 100,
    "min_delta": 0.0001,
    "warmup_epochs": 5,
    "trim_every": 3,
    "trimming_threshold": 0.3,
    "trim_method": "relevance",
    "soft_trim_relaxation": 2
  },
  "n_features": 39,
  "n_train": 1436,
  "n_val": 253,
  "n_test": 422,
  "train_loss": 0.6951699865330135,
  "train_quality": 0.8145263318165005,
  "val_loss": 1.5521395080342133,
  "val_quality": 0.5867679692137147,
  "test_loss": 1.4963007267320345,
  "test_quality": 0.6285964114802949,
  "best_epoch": 4,
  "n_parameters": 8262,
  "elbo_raw": -21185.298565185338,
  "elbo_relative": 437438418.97518504,
  "tau_mean": 1.3272983212434346,
  "success": true,
  "singular": false,
  "recovered_from_run": true,
  "run_id": "obesity-BTT-L3-d18-seed47659-fold1"
}