{
  "fold": 0,
  "seed": 42806,
  "model": "BTT",
  "dataset": "obesity",
  "params": {
    "model": "BTT",
    "L": 3,
    "bond_dim": 18,
    "init_strength": 0.1,
    "bond_prior_alpha": 5.0,
    "added_bias": false,
    "n_epochs": 100,
    "batch_size": 256,
    "patience": 100,
    "min_delta": 0.0001,
    "warmup_epochs": 5,
    "trim_every": 3,
    "trimming_threshold": 0.3,
    "trim_method": "relevance",
    "soft_trim_relaxation": 2
  },
  "n_features": 39,
  "n_train": 1435,
  "n_val": 253,
  "n_test": 423,
  "train_loss": 0.6239431901888672,
  "train_quality": 0.8370453484245237,
  "val_loss": 1.0633909526375203,
  "val_quality": 0.7075348187743303,
  "test_loss": 1.130489669051382,
  "test_quality": 0.7034255959367921,
  "best_epoch": 6,
  "n_parameters": 8262,
  "elbo_raw": -18445.313253113793,
  "elbo_relative": 353526989.2940281,
  "tau_mean": 1.4859566027315059,
  "success": true,
  "singular": false,
  "recovered_from_run": true,
  "run_id": "obesity-BTT-L3-d18-seed42806-fold0"
}