{
  "fold": 4,
  "seed": 9536,
  "model": "BTT",
  "dataset": "obesity",
  "params": {
    "model": "BTT",
    "L": 3,
    "bond_dim": 18,
    "init_strength": 0.1,
    "bond_prior_alpha": 5.0,
    "added_bias": false,
    "n_epochs": 100,
    "batch_size": 256,
    "patience": 100,
    "min_delta": 0.0001,
    "warmup_epochs": 5,
    "trim_every": 3,
    "trimming_threshold": 0.3,
    "trim_method": "relevance",
    "soft_trim_relaxation": 2
  },
  "n_features": 39,
  "n_train": 1436,
  "n_val": 253,
  "n_test": 422,
  "train_loss": 0.6238464285708013,
  "train_quality": 0.8363474584578113,
  "val_loss": 1.306407216964341,
  "val_quality": 0.6467151410207502,
  "test_loss": 1.338321774014523,
  "test_quality": 0.6478880037295216,
  "best_epoch": 6,
  "n_parameters": 8262,
  "elbo_raw": -18383.163564507864,
  "elbo_relative": 684205837.2179277,
  "tau_mean": 1.4791721311613757,
  "success": true,
  "singular": false,
  "recovered_from_run": true,
  "run_id": "obesity-BTT-L3-d18-seed9536-fold4"
}