{
  "fold": 1,
  "seed": 9536,
  "model": "BTT",
  "dataset": "obesity",
  "params": {
    "model": "BTT",
    "L": 3,
    "bond_dim": 18,
    "init_strength": 0.1,
    "bond_prior_alpha": 5.0,
    "added_bias": false,
    "n_epochs": 100,
    "batch_size": 256,
    "patience": 100,
    "min_delta": 0.0001,
    "warmup_epochs": 5,
    "trim_every": 3,
    "trimming_threshold": 0.3,
    "trim_method": "relevance",
    "soft_trim_relaxation": 2
  },
  "n_features": 39,
  "n_train": 1436,
  "n_val": 253,
  "n_test": 422,
  "train_loss": 0.5789294502588205,
  "train_quality": 0.8485921046403183,
  "val_loss": 1.2741138591952659,
  "val_quality": 0.6669712112752371,
  "test_loss": 2.020555680804932,
  "test_quality": 0.4533980081141217,
  "best_epoch": 7,
  "n_parameters": 8262,
  "elbo_raw": -12443.102543081166,
  "elbo_relative": 688774656.6353528,
  "tau_mean": 1.4055318370065149,
  "success": true,
  "singular": false,
  "recovered_from_run": true,
  "run_id": "obesity-BTT-L3-d18-seed9536-fold1"
}