{
  "fold": 0,
  "seed": 19540,
  "model": "BTT",
  "dataset": "obesity",
  "params": {
    "model": "BTT",
    "L": 3,
    "bond_dim": 18,
    "init_strength": 0.1,
    "bond_prior_alpha": 5.0,
    "added_bias": false,
    "n_epochs": 100,
    "batch_size": 256,
    "patience": 100,
    "min_delta": 0.0001,
    "warmup_epochs": 5,
    "trim_every": 3,
    "trimming_threshold": 0.3,
    "trim_method": "relevance",
    "soft_trim_relaxation": 2
  },
  "n_features": 39,
  "n_train": 1435,
  "n_val": 253,
  "n_test": 423,
  "train_loss": 0.6314743954424934,
  "train_quality": 0.8368814427821449,
  "val_loss": 0.9851099478893749,
  "val_quality": 0.7336378885039876,
  "test_loss": 1.1365484580361984,
  "test_quality": 0.681490232947793,
  "best_epoch": 4,
  "n_parameters": 8262,
  "elbo_raw": -21163.661882544657,
  "elbo_relative": 369522128.34530085,
  "tau_mean": 1.4616257384766187,
  "success": true,
  "singular": false,
  "recovered_from_run": true,
  "run_id": "obesity-BTT-L3-d18-seed19540-fold0"
}