{
  "fold": 0,
  "seed": 47659,
  "model": "BTT",
  "dataset": "obesity",
  "params": {
    "model": "BTT",
    "L": 3,
    "bond_dim": 18,
    "init_strength": 0.1,
    "bond_prior_alpha": 5.0,
    "added_bias": false,
    "n_epochs": 100,
    "batch_size": 256,
    "patience": 100,
    "min_delta": 0.0001,
    "warmup_epochs": 5,
    "trim_every": 3,
    "trimming_threshold": 0.3,
    "trim_method": "relevance",
    "soft_trim_relaxation": 2
  },
  "n_features": 39,
  "n_train": 1435,
  "n_val": 253,
  "n_test": 423,
  "train_loss": 0.66796152706185,
  "train_quality": 0.8301993074115566,
  "val_loss": 1.2760868107485903,
  "val_quality": 0.6620477104553424,
  "test_loss": 2.0271592921555057,
  "test_quality": 0.4000364145749308,
  "best_epoch": 6,
  "n_parameters": 8262,
  "elbo_raw": -18434.298726508125,
  "elbo_relative": 432990002.1286357,
  "tau_mean": 1.3856693461779879,
  "success": true,
  "singular": false,
  "recovered_from_run": true,
  "run_id": "obesity-BTT-L3-d18-seed47659-fold0"
}