{
  "fold": 0,
  "seed": 9536,
  "model": "BTT",
  "dataset": "obesity",
  "params": {
    "model": "BTT",
    "L": 3,
    "bond_dim": 18,
    "init_strength": 0.1,
    "bond_prior_alpha": 5.0,
    "added_bias": false,
    "n_epochs": 100,
    "batch_size": 256,
    "patience": 100,
    "min_delta": 0.0001,
    "warmup_epochs": 5,
    "trim_every": 3,
    "trimming_threshold": 0.3,
    "trim_method": "relevance",
    "soft_trim_relaxation": 2
  },
  "n_features": 39,
  "n_train": 1435,
  "n_val": 253,
  "n_test": 423,
  "train_loss": 0.6574632813976483,
  "train_quality": 0.8257881395897928,
  "val_loss": 1.3929489829175004,
  "val_quality": 0.6152065001054489,
  "test_loss": 1.1608060701916219,
  "test_quality": 0.7120131591839984,
  "best_epoch": 6,
  "n_parameters": 8262,
  "elbo_raw": -18510.83754515685,
  "elbo_relative": 631637449.6941003,
  "tau_mean": 1.4131109109014208,
  "success": true,
  "singular": false,
  "recovered_from_run": true,
  "run_id": "obesity-BTT-L3-d18-seed9536-fold0"
}