{
  "fold": 1,
  "seed": 19540,
  "model": "BTT",
  "dataset": "obesity",
  "params": {
    "model": "BTT",
    "L": 3,
    "bond_dim": 18,
    "init_strength": 0.1,
    "bond_prior_alpha": 5.0,
    "added_bias": false,
    "n_epochs": 100,
    "batch_size": 256,
    "patience": 100,
    "min_delta": 0.0001,
    "warmup_epochs": 5,
    "trim_every": 3,
    "trimming_threshold": 0.3,
    "trim_method": "relevance",
    "soft_trim_relaxation": 2
  },
  "n_features": 39,
  "n_train": 1436,
  "n_val": 253,
  "n_test": 422,
  "train_loss": 0.6259765855460565,
  "train_quality": 0.836005231632851,
  "val_loss": 1.135355199556958,
  "val_quality": 0.6969662370279075,
  "test_loss": 1.0551387687266716,
  "test_quality": 0.7216477855319846,
  "best_epoch": 4,
  "n_parameters": 8262,
  "elbo_raw": -21291.14768333773,
  "elbo_relative": 350357787.41164327,
  "tau_mean": 1.4781823622709642,
  "success": true,
  "singular": false,
  "recovered_from_run": true,
  "run_id": "obesity-BTT-L3-d18-seed19540-fold1"
}