{
  "fold": 4,
  "seed": 42806,
  "model": "BTT",
  "dataset": "obesity",
  "params": {
    "model": "BTT",
    "L": 3,
    "bond_dim": 18,
    "init_strength": 0.1,
    "bond_prior_alpha": 5.0,
    "added_bias": false,
    "n_epochs": 100,
    "batch_size": 256,
    "patience": 100,
    "min_delta": 0.0001,
    "warmup_epochs": 5,
    "trim_every": 3,
    "trimming_threshold": 0.3,
    "trim_method": "relevance",
    "soft_trim_relaxation": 2
  },
  "n_features": 39,
  "n_train": 1436,
  "n_val": 253,
  "n_test": 422,
  "train_loss": 0.6869657597870745,
  "train_quality": 0.8196852416626853,
  "val_loss": 1.258959468082903,
  "val_quality": 0.6768000489603564,
  "test_loss": 0.9289706501728103,
  "test_quality": 0.7502060151364219,
  "best_epoch": 6,
  "n_parameters": 8262,
  "elbo_raw": -18423.219687070803,
  "elbo_relative": 379072412.12532383,
  "tau_mean": 1.3445031306913695,
  "success": true,
  "singular": false,
  "recovered_from_run": true,
  "run_id": "obesity-BTT-L3-d18-seed42806-fold4"
}