{
  "fold": 2,
  "seed": 19540,
  "model": "BTT",
  "dataset": "obesity",
  "params": {
    "model": "BTT",
    "L": 3,
    "bond_dim": 18,
    "init_strength": 0.1,
    "bond_prior_alpha": 5.0,
    "added_bias": false,
    "n_epochs": 100,
    "batch_size": 256,
    "patience": 100,
    "min_delta": 0.0001,
    "warmup_epochs": 5,
    "trim_every": 3,
    "trimming_threshold": 0.3,
    "trim_method": "relevance",
    "soft_trim_relaxation": 2
  },
  "n_features": 39,
  "n_train": 1436,
  "n_val": 253,
  "n_test": 422,
  "train_loss": 0.643346192869842,
  "train_quality": 0.8305902554357127,
  "val_loss": 0.8923513563315595,
  "val_quality": 0.7580400482601188,
  "test_loss": 1.8325121768656658,
  "test_quality": 0.5230130749212987,
  "best_epoch": 4,
  "n_parameters": 8262,
  "elbo_raw": -21156.711145637542,
  "elbo_relative": 361549936.95693046,
  "tau_mean": 1.42573495706602,
  "success": true,
  "singular": false,
  "recovered_from_run": true,
  "run_id": "obesity-BTT-L3-d18-seed19540-fold2"
}