{
  "fold": 2,
  "seed": 42806,
  "model": "BTT",
  "dataset": "obesity",
  "params": {
    "model": "BTT",
    "L": 3,
    "bond_dim": 18,
    "init_strength": 0.1,
    "bond_prior_alpha": 5.0,
    "added_bias": false,
    "n_epochs": 100,
    "batch_size": 256,
    "patience": 100,
    "min_delta": 0.0001,
    "warmup_epochs": 5,
    "trim_every": 3,
    "trimming_threshold": 0.3,
    "trim_method": "relevance",
    "soft_trim_relaxation": 2
  },
  "n_features": 39,
  "n_train": 1436,
  "n_val": 253,
  "n_test": 422,
  "train_loss": 0.6673022374101407,
  "train_quality": 0.8227217889315622,
  "val_loss": 1.2557248824980174,
  "val_quality": 0.6704778822581992,
  "test_loss": 1.3036450911583382,
  "test_quality": 0.6654089640749584,
  "best_epoch": 3,
  "n_parameters": 8262,
  "elbo_raw": -21221.395552091428,
  "elbo_relative": 357387436.3105404,
  "tau_mean": 1.3662022611536357,
  "success": true,
  "singular": false,
  "recovered_from_run": true,
  "run_id": "obesity-BTT-L3-d18-seed42806-fold2"
}