{
  "fold": 3,
  "seed": 9536,
  "model": "BTT",
  "dataset": "obesity",
  "params": {
    "model": "BTT",
    "L": 3,
    "bond_dim": 18,
    "init_strength": 0.1,
    "bond_prior_alpha": 5.0,
    "added_bias": false,
    "n_epochs": 100,
    "batch_size": 256,
    "patience": 100,
    "min_delta": 0.0001,
    "warmup_epochs": 5,
    "trim_every": 3,
    "trimming_threshold": 0.3,
    "trim_method": "relevance",
    "soft_trim_relaxation": 2
  },
  "n_features": 39,
  "n_train": 1436,
  "n_val": 253,
  "n_test": 422,
  "train_loss": 0.6988030618248388,
  "train_quality": 0.819775641331921,
  "val_loss": 1.370727500891249,
  "val_quality": 0.6233444522475642,
  "test_loss": 1.3482952547151712,
  "test_quality": 0.6309545726245933,
  "best_epoch": 4,
  "n_parameters": 8262,
  "elbo_raw": -21341.160465479283,
  "elbo_relative": 656490884.0952724,
  "tau_mean": 1.3288371848912461,
  "success": true,
  "singular": false,
  "recovered_from_run": true,
  "run_id": "obesity-BTT-L3-d18-seed9536-fold3"
}