{
  "fold": 3,
  "seed": 42806,
  "model": "BTT",
  "dataset": "obesity",
  "params": {
    "model": "BTT",
    "L": 3,
    "bond_dim": 18,
    "init_strength": 0.1,
    "bond_prior_alpha": 5.0,
    "added_bias": false,
    "n_epochs": 100,
    "batch_size": 256,
    "patience": 100,
    "min_delta": 0.0001,
    "warmup_epochs": 5,
    "trim_every": 3,
    "trimming_threshold": 0.3,
    "trim_method": "relevance",
    "soft_trim_relaxation": 2
  },
  "n_features": 39,
  "n_train": 1436,
  "n_val": 253,
  "n_test": 422,
  "train_loss": 0.7119824042121311,
  "train_quality": 0.8118582411910792,
  "val_loss": 1.465598344524671,
  "val_quality": 0.5939072575443503,
  "test_loss": 1.2483761339003887,
  "test_quality": 0.6827961387072232,
  "best_epoch": 3,
  "n_parameters": 8262,
  "elbo_raw": -21228.584197926524,
  "elbo_relative": 361538516.5567091,
  "tau_mean": 1.2829634468225384,
  "success": true,
  "singular": false,
  "recovered_from_run": true,
  "run_id": "obesity-BTT-L3-d18-seed42806-fold3"
}