{
  "fold": 4,
  "seed": 19540,
  "model": "BTT",
  "dataset": "obesity",
  "params": {
    "model": "BTT",
    "L": 3,
    "bond_dim": 18,
    "init_strength": 0.1,
    "bond_prior_alpha": 5.0,
    "added_bias": false,
    "n_epochs": 100,
    "batch_size": 256,
    "patience": 100,
    "min_delta": 0.0001,
    "warmup_epochs": 5,
    "trim_every": 3,
    "trimming_threshold": 0.3,
    "trim_method": "relevance",
    "soft_trim_relaxation": 2
  },
  "n_features": 39,
  "n_train": 1436,
  "n_val": 253,
  "n_test": 422,
  "train_loss": 0.663070834027724,
  "train_quality": 0.826082745583562,
  "val_loss": 1.4714823924294491,
  "val_quality": 0.6014550989844005,
  "test_loss": 0.9624182417742786,
  "test_quality": 0.7451551893915374,
  "best_epoch": 6,
  "n_parameters": 8262,
  "elbo_raw": -18376.15485794262,
  "elbo_relative": 356983661.9827717,
  "tau_mean": 1.3905417555416502,
  "success": true,
  "singular": false,
  "recovered_from_run": true,
  "run_id": "obesity-BTT-L3-d18-seed19540-fold4"
}