{
  "fold": 3,
  "seed": 47659,
  "model": "BTT",
  "dataset": "obesity",
  "params": {
    "model": "BTT",
    "L": 3,
    "bond_dim": 18,
    "init_strength": 0.1,
    "bond_prior_alpha": 5.0,
    "added_bias": false,
    "n_epochs": 100,
    "batch_size": 256,
    "patience": 100,
    "min_delta": 0.0001,
    "warmup_epochs": 5,
    "trim_every": 3,
    "trimming_threshold": 0.3,
    "trim_method": "relevance",
    "soft_trim_relaxation": 2
  },
  "n_features": 39,
  "n_train": 1436,
  "n_val": 253,
  "n_test": 422,
  "train_loss": 0.653493028847524,
  "train_quality": 0.827968747003723,
  "val_loss": 1.276623487418426,
  "val_quality": 0.6480394155791136,
  "test_loss": 1.3527716158775729,
  "test_quality": 0.6565086370219324,
  "best_epoch": 6,
  "n_parameters": 8262,
  "elbo_raw": -18440.86697568188,
  "elbo_relative": 440419694.3550747,
  "tau_mean": 1.4177110240090847,
  "success": true,
  "singular": false,
  "recovered_from_run": true,
  "run_id": "obesity-BTT-L3-d18-seed47659-fold3"
}