{
  "fold": 3,
  "seed": 19540,
  "model": "BTT",
  "dataset": "obesity",
  "params": {
    "model": "BTT",
    "L": 3,
    "bond_dim": 18,
    "init_strength": 0.1,
    "bond_prior_alpha": 5.0,
    "added_bias": false,
    "n_epochs": 100,
    "batch_size": 256,
    "patience": 100,
    "min_delta": 0.0001,
    "warmup_epochs": 5,
    "trim_every": 3,
    "trimming_threshold": 0.3,
    "trim_method": "relevance",
    "soft_trim_relaxation": 2
  },
  "n_features": 39,
  "n_train": 1436,
  "n_val": 253,
  "n_test": 422,
  "train_loss": 0.6968672136853153,
  "train_quality": 0.8161876726274309,
  "val_loss": 1.1135233987842226,
  "val_quality": 0.6898259328750379,
  "test_loss": 1.2060228945569722,
  "test_quality": 0.6958474330699511,
  "best_epoch": 3,
  "n_parameters": 8262,
  "elbo_raw": -21165.117524804915,
  "elbo_relative": 357621709.665751,
  "tau_mean": 1.3107472483413458,
  "success": true,
  "singular": false,
  "recovered_from_run": true,
  "run_id": "obesity-BTT-L3-d18-seed19540-fold3"
}