{
  "fold": 1,
  "seed": 42806,
  "model": "BTT",
  "dataset": "obesity",
  "params": {
    "model": "BTT",
    "L": 3,
    "bond_dim": 18,
    "init_strength": 0.1,
    "bond_prior_alpha": 5.0,
    "added_bias": false,
    "n_epochs": 100,
    "batch_size": 256,
    "patience": 100,
    "min_delta": 0.0001,
    "warmup_epochs": 5,
    "trim_every": 3,
    "trimming_threshold": 0.3,
    "trim_method": "relevance",
    "soft_trim_relaxation": 2
  },
  "n_features": 39,
  "n_train": 1436,
  "n_val": 253,
  "n_test": 422,
  "train_loss": 0.6685410856005369,
  "train_quality": 0.8270348497770084,
  "val_loss": 1.066883922725581,
  "val_quality": 0.715179912874462,
  "test_loss": 1.6482237249228593,
  "test_quality": 0.54556362272232,
  "best_epoch": 6,
  "n_parameters": 8262,
  "elbo_raw": -18458.03919112732,
  "elbo_relative": 349137557.65497446,
  "tau_mean": 1.386685818807396,
  "success": true,
  "singular": false,
  "recovered_from_run": true,
  "run_id": "obesity-BTT-L3-d18-seed42806-fold1"
}