{
  "fold": 2,
  "seed": 9536,
  "model": "BTT",
  "dataset": "obesity",
  "params": {
    "model": "BTT",
    "L": 3,
    "bond_dim": 18,
    "init_strength": 0.1,
    "bond_prior_alpha": 5.0,
    "added_bias": false,
    "n_epochs": 100,
    "batch_size": 256,
    "patience": 100,
    "min_delta": 0.0001,
    "warmup_epochs": 5,
    "trim_every": 3,
    "trimming_threshold": 0.3,
    "trim_method": "relevance",
    "soft_trim_relaxation": 2
  },
  "n_features": 39,
  "n_train": 1436,
  "n_val": 253,
  "n_test": 422,
  "train_loss": 0.7294321719059342,
  "train_quality": 0.8076291323599759,
  "val_loss": 1.0032868132929287,
  "val_quality": 0.7310317988956909,
  "test_loss": 1.2982622752982764,
  "test_quality": 0.6604936665048159,
  "best_epoch": 6,
  "n_parameters": 8262,
  "elbo_raw": -18465.073597777366,
  "elbo_relative": 666166911.723963,
  "tau_mean": 1.27011412171278,
  "success": true,
  "singular": false,
  "recovered_from_run": true,
  "run_id": "obesity-BTT-L3-d18-seed9536-fold2"
}