{
  "fold": 4,
  "seed": 42806,
  "model": "LMPO2",
  "dataset": "abalone",
  "params": {
    "model": "LMPO2",
    "L": 3,
    "bond_dim": 18,
    "init_strength": 0.1,
    "bond_prior_alpha": 5.0,
    "added_bias": false,
    "n_epochs": 100,
    "batch_size": 256,
    "patience": 100,
    "min_delta": 0.0001,
    "warmup_epochs": 5,
    "trim_every": 3,
    "trimming_threshold": 0.3,
    "trim_method": "relevance",
    "soft_trim_relaxation": 2
  },
  "n_features": 11,
  "n_train": 2841,
  "n_val": 501,
  "n_test": 835,
  "train_loss": 4.272249003562525,
  "train_quality": 0.5911273559862352,
  "val_loss": 5.233733453615006,
  "val_quality": 0.5294546291898233,
  "test_loss": 4.154990517353855,
  "test_quality": 0.5714978619791402,
  "best_epoch": 7,
  "n_parameters": 1965,
  "elbo_raw": -9521.223935851393,
  "elbo_relative": 55686453.26778139,
  "tau_mean": 0.23193907280251805,
  "success": true,
  "singular": false,
  "recovered_from_run": true,
  "run_id": "abalone-LMPO2-L3-d18-seed42806-fold4"
}