{
  "fold": 2,
  "seed": 42806,
  "model": "LMPO2",
  "dataset": "abalone",
  "params": {
    "model": "LMPO2",
    "L": 3,
    "bond_dim": 18,
    "init_strength": 0.1,
    "bond_prior_alpha": 5.0,
    "added_bias": false,
    "n_epochs": 100,
    "batch_size": 256,
    "patience": 100,
    "min_delta": 0.0001,
    "warmup_epochs": 5,
    "trim_every": 3,
    "trimming_threshold": 0.3,
    "trim_method": "relevance",
    "soft_trim_relaxation": 2
  },
  "n_features": 11,
  "n_train": 2841,
  "n_val": 501,
  "n_test": 835,
  "train_loss": 4.322242668256469,
  "train_quality": 0.5913986309620568,
  "val_loss": 3.6694907819275677,
  "val_quality": 0.5711398192662718,
  "test_loss": 5.017414312258898,
  "test_quality": 0.5369649700777874,
  "best_epoch": 7,
  "n_parameters": 1965,
  "elbo_raw": -9524.776570936583,
  "elbo_relative": 52528650.19825188,
  "tau_mean": 0.22909343605712998,
  "success": true,
  "singular": false,
  "recovered_from_run": true,
  "run_id": "abalone-LMPO2-L3-d18-seed42806-fold2"
}