{
  "fold": 4,
  "seed": 19540,
  "model": "LMPO2",
  "dataset": "abalone",
  "params": {
    "model": "LMPO2",
    "L": 3,
    "bond_dim": 18,
    "init_strength": 0.1,
    "bond_prior_alpha": 5.0,
    "added_bias": false,
    "n_epochs": 100,
    "batch_size": 256,
    "patience": 100,
    "min_delta": 0.0001,
    "warmup_epochs": 5,
    "trim_every": 3,
    "trimming_threshold": 0.3,
    "trim_method": "relevance",
    "soft_trim_relaxation": 2
  },
  "n_features": 11,
  "n_train": 2841,
  "n_val": 501,
  "n_test": 835,
  "train_loss": 4.082476480540024,
  "train_quality": 0.6032394552826812,
  "val_loss": 3.9390022317561275,
  "val_quality": 0.5445878051848243,
  "test_loss": 5.333122619756945,
  "test_quality": 0.5475516156666629,
  "best_epoch": 7,
  "n_parameters": 1965,
  "elbo_raw": -9488.99165057661,
  "elbo_relative": 2531913505.7813234,
  "tau_mean": 0.2432600795876423,
  "success": true,
  "singular": false,
  "recovered_from_run": true,
  "run_id": "abalone-LMPO2-L3-d18-seed19540-fold4"
}