{
  "fold": 2,
  "seed": 47659,
  "model": "LMPO2",
  "dataset": "abalone",
  "params": {
    "model": "LMPO2",
    "L": 3,
    "bond_dim": 18,
    "init_strength": 0.1,
    "bond_prior_alpha": 5.0,
    "added_bias": false,
    "n_epochs": 100,
    "batch_size": 256,
    "patience": 100,
    "min_delta": 0.0001,
    "warmup_epochs": 5,
    "trim_every": 3,
    "trimming_threshold": 0.3,
    "trim_method": "relevance",
    "soft_trim_relaxation": 2
  },
  "n_features": 11,
  "n_train": 2841,
  "n_val": 501,
  "n_test": 835,
  "train_loss": 4.402452015737178,
  "train_quality": 0.5854826567526306,
  "val_loss": 4.10882192585831,
  "val_quality": 0.5947961278193001,
  "test_loss": 4.214420253896237,
  "test_quality": 0.5676175784277835,
  "best_epoch": 7,
  "n_parameters": 1965,
  "elbo_raw": -9546.64935173977,
  "elbo_relative": 366163090.4300276,
  "tau_mean": 0.22563018343738842,
  "success": true,
  "singular": false,
  "recovered_from_run": true,
  "run_id": "abalone-LMPO2-L3-d18-seed47659-fold2"
}