{
  "fold": 0,
  "seed": 9536,
  "model": "LMPO2",
  "dataset": "abalone",
  "params": {
    "model": "LMPO2",
    "L": 3,
    "bond_dim": 18,
    "init_strength": 0.1,
    "bond_prior_alpha": 5.0,
    "added_bias": false,
    "n_epochs": 100,
    "batch_size": 256,
    "patience": 100,
    "min_delta": 0.0001,
    "warmup_epochs": 5,
    "trim_every": 3,
    "trimming_threshold": 0.3,
    "trim_method": "relevance",
    "soft_trim_relaxation": 2
  },
  "n_features": 11,
  "n_train": 2840,
  "n_val": 501,
  "n_test": 836,
  "train_loss": 4.410297757926476,
  "train_quality": 0.5715450446088997,
  "val_loss": 4.835199577408518,
  "val_quality": 0.5362834320281293,
  "test_loss": 4.76932694942243,
  "test_quality": 0.554178894327547,
  "best_epoch": 79,
  "n_parameters": 36,
  "elbo_raw": -6404.6835794232775,
  "elbo_relative": 2569277306.861366,
  "tau_mean": 0.22686551244946712,
  "success": true,
  "singular": false,
  "recovered_from_run": true,
  "run_id": "abalone-LMPO2-L3-d18-seed9536-fold0"
}