{
  "fold": 0,
  "seed": 47659,
  "model": "LMPO2",
  "dataset": "abalone",
  "params": {
    "model": "LMPO2",
    "L": 3,
    "bond_dim": 18,
    "init_strength": 0.1,
    "bond_prior_alpha": 5.0,
    "added_bias": false,
    "n_epochs": 100,
    "batch_size": 256,
    "patience": 100,
    "min_delta": 0.0001,
    "warmup_epochs": 5,
    "trim_every": 3,
    "trimming_threshold": 0.3,
    "trim_method": "relevance",
    "soft_trim_relaxation": 2
  },
  "n_features": 11,
  "n_train": 2840,
  "n_val": 501,
  "n_test": 836,
  "train_loss": 4.510277577841968,
  "train_quality": 0.5788230635898152,
  "val_loss": 4.52941620153792,
  "val_quality": 0.5945850930969192,
  "test_loss": 4.255126136986308,
  "test_quality": 0.5192947635413564,
  "best_epoch": 4,
  "n_parameters": 1965,
  "elbo_raw": -11545.008555975528,
  "elbo_relative": 328623668.17855877,
  "tau_mean": 0.22161283308332946,
  "success": true,
  "singular": false,
  "recovered_from_run": true,
  "run_id": "abalone-LMPO2-L3-d18-seed47659-fold0"
}