{
  "fold": 1,
  "seed": 9536,
  "model": "LMPO2",
  "dataset": "abalone",
  "params": {
    "model": "LMPO2",
    "L": 3,
    "bond_dim": 18,
    "init_strength": 0.1,
    "bond_prior_alpha": 5.0,
    "added_bias": false,
    "n_epochs": 100,
    "batch_size": 256,
    "patience": 100,
    "min_delta": 0.0001,
    "warmup_epochs": 5,
    "trim_every": 3,
    "trimming_threshold": 0.3,
    "trim_method": "relevance",
    "soft_trim_relaxation": 2
  },
  "n_features": 11,
  "n_train": 2840,
  "n_val": 501,
  "n_test": 836,
  "train_loss": 4.353120224736455,
  "train_quality": 0.5806535876902382,
  "val_loss": 4.543857519527639,
  "val_quality": 0.5432156849849787,
  "test_loss": 4.631904668340071,
  "test_quality": 0.5667487947769004,
  "best_epoch": 4,
  "n_parameters": 1965,
  "elbo_raw": -11623.83749880127,
  "elbo_relative": 2406462434.210364,
  "tau_mean": 0.22969448627045952,
  "success": true,
  "singular": false,
  "recovered_from_run": true,
  "run_id": "abalone-LMPO2-L3-d18-seed9536-fold1"
}