{
  "fold": 4,
  "seed": 47659,
  "model": "LMPO2",
  "dataset": "abalone",
  "params": {
    "model": "LMPO2",
    "L": 3,
    "bond_dim": 18,
    "init_strength": 0.1,
    "bond_prior_alpha": 5.0,
    "added_bias": false,
    "n_epochs": 100,
    "batch_size": 256,
    "patience": 100,
    "min_delta": 0.0001,
    "warmup_epochs": 5,
    "trim_every": 3,
    "trimming_threshold": 0.3,
    "trim_method": "relevance",
    "soft_trim_relaxation": 2
  },
  "n_features": 11,
  "n_train": 2841,
  "n_val": 501,
  "n_test": 835,
  "train_loss": 4.6081620941223465,
  "train_quality": 0.5641129405249238,
  "val_loss": 4.049063283265728,
  "val_quality": 0.5866545414025187,
  "test_loss": 4.481265690762517,
  "test_quality": 0.5573262747290018,
  "best_epoch": 1,
  "n_parameters": 1965,
  "elbo_raw": -13045.916183415886,
  "elbo_relative": 395309550.79606897,
  "tau_mean": 0.21712585139520085,
  "success": true,
  "singular": false,
  "recovered_from_run": true,
  "run_id": "abalone-LMPO2-L3-d18-seed47659-fold4"
}