{
  "fold": 2,
  "seed": 9536,
  "model": "LMPO2",
  "dataset": "abalone",
  "params": {
    "model": "LMPO2",
    "L": 3,
    "bond_dim": 18,
    "init_strength": 0.1,
    "bond_prior_alpha": 5.0,
    "added_bias": false,
    "n_epochs": 100,
    "batch_size": 256,
    "patience": 100,
    "min_delta": 0.0001,
    "warmup_epochs": 5,
    "trim_every": 3,
    "trimming_threshold": 0.3,
    "trim_method": "relevance",
    "soft_trim_relaxation": 2
  },
  "n_features": 11,
  "n_train": 2841,
  "n_val": 501,
  "n_test": 835,
  "train_loss": 4.330543916438183,
  "train_quality": 0.5709461898567533,
  "val_loss": 5.187231433454771,
  "val_quality": 0.5664484889539024,
  "test_loss": 4.587750254520654,
  "test_quality": 0.560268355264532,
  "best_epoch": 25,
  "n_parameters": 48,
  "elbo_raw": -6389.7992151302315,
  "elbo_relative": 2696269826.3836594,
  "tau_mean": 0.23104287770726836,
  "success": true,
  "singular": false,
  "recovered_from_run": true,
  "run_id": "abalone-LMPO2-L3-d18-seed9536-fold2"
}