{
  "fold": 4,
  "seed": 9536,
  "model": "LMPO2",
  "dataset": "abalone",
  "params": {
    "model": "LMPO2",
    "L": 3,
    "bond_dim": 18,
    "init_strength": 0.1,
    "bond_prior_alpha": 5.0,
    "added_bias": false,
    "n_epochs": 100,
    "batch_size": 256,
    "patience": 100,
    "min_delta": 0.0001,
    "warmup_epochs": 5,
    "trim_every": 3,
    "trimming_threshold": 0.3,
    "trim_method": "relevance",
    "soft_trim_relaxation": 2
  },
  "n_features": 11,
  "n_train": 2841,
  "n_val": 501,
  "n_test": 835,
  "train_loss": 4.3434707272765785,
  "train_quality": 0.5818346430334128,
  "val_loss": 5.055621213282431,
  "val_quality": 0.5736330928204132,
  "test_loss": 3.986115808574093,
  "test_quality": 0.5801214794883002,
  "best_epoch": 5,
  "n_parameters": 1965,
  "elbo_raw": -11750.196666148375,
  "elbo_relative": 2499836009.693408,
  "tau_mean": 0.2302880469323093,
  "success": true,
  "singular": false,
  "recovered_from_run": true,
  "run_id": "abalone-LMPO2-L3-d18-seed9536-fold4"
}