{
  "fold": 1,
  "seed": 42806,
  "model": "LMPO2",
  "dataset": "abalone",
  "params": {
    "model": "LMPO2",
    "L": 3,
    "bond_dim": 18,
    "init_strength": 0.1,
    "bond_prior_alpha": 5.0,
    "added_bias": false,
    "n_epochs": 100,
    "batch_size": 256,
    "patience": 100,
    "min_delta": 0.0001,
    "warmup_epochs": 5,
    "trim_every": 3,
    "trimming_threshold": 0.3,
    "trim_method": "relevance",
    "soft_trim_relaxation": 2
  },
  "n_features": 11,
  "n_train": 2840,
  "n_val": 501,
  "n_test": 836,
  "train_loss": 4.338895634013943,
  "train_quality": 0.5795047857177424,
  "val_loss": 4.853175630648467,
  "val_quality": 0.5408052109211425,
  "test_loss": 4.453601116181478,
  "test_quality": 0.5772427415248977,
  "best_epoch": 5,
  "n_parameters": 1965,
  "elbo_raw": -11346.922137203153,
  "elbo_relative": 53983765.6239767,
  "tau_mean": 0.23029564225494584,
  "success": true,
  "singular": false,
  "recovered_from_run": true,
  "run_id": "abalone-LMPO2-L3-d18-seed42806-fold1"
}