{
  "fold": 1,
  "seed": 47659,
  "model": "LMPO2",
  "dataset": "abalone",
  "params": {
    "model": "LMPO2",
    "L": 3,
    "bond_dim": 18,
    "init_strength": 0.1,
    "bond_prior_alpha": 5.0,
    "added_bias": false,
    "n_epochs": 100,
    "batch_size": 256,
    "patience": 100,
    "min_delta": 0.0001,
    "warmup_epochs": 5,
    "trim_every": 3,
    "trimming_threshold": 0.3,
    "trim_method": "relevance",
    "soft_trim_relaxation": 2
  },
  "n_features": 11,
  "n_train": 2840,
  "n_val": 501,
  "n_test": 836,
  "train_loss": 4.631834777400144,
  "train_quality": 0.5478814532713835,
  "val_loss": 4.161810742028923,
  "val_quality": 0.5807209503890088,
  "test_loss": 5.480726472844182,
  "test_quality": 0.5094281244457824,
  "best_epoch": 12,
  "n_parameters": 108,
  "elbo_raw": -6657.608638732514,
  "elbo_relative": 362013735.3229234,
  "tau_mean": 0.2159411667080253,
  "success": true,
  "singular": false,
  "recovered_from_run": true,
  "run_id": "abalone-LMPO2-L3-d18-seed47659-fold1"
}