{
  "fold": 0,
  "seed": 19540,
  "model": "LMPO2",
  "dataset": "abalone",
  "params": {
    "model": "LMPO2",
    "L": 3,
    "bond_dim": 18,
    "init_strength": 0.1,
    "bond_prior_alpha": 5.0,
    "added_bias": false,
    "n_epochs": 100,
    "batch_size": 256,
    "patience": 100,
    "min_delta": 0.0001,
    "warmup_epochs": 5,
    "trim_every": 3,
    "trimming_threshold": 0.3,
    "trim_method": "relevance",
    "soft_trim_relaxation": 2
  },
  "n_features": 11,
  "n_train": 2840,
  "n_val": 501,
  "n_test": 836,
  "train_loss": 4.286539048742926,
  "train_quality": 0.5799404216049011,
  "val_loss": 4.495164064435752,
  "val_quality": 0.6233841315541355,
  "test_loss": 4.417727722921017,
  "test_quality": 0.5625173241842985,
  "best_epoch": 7,
  "n_parameters": 1965,
  "elbo_raw": -9507.442890927492,
  "elbo_relative": 2672022949.486459,
  "tau_mean": 0.23137612280580283,
  "success": true,
  "singular": false,
  "recovered_from_run": true,
  "run_id": "abalone-LMPO2-L3-d18-seed19540-fold0"
}