{
  "fold": 1,
  "seed": 19540,
  "model": "LMPO2",
  "dataset": "abalone",
  "params": {
    "model": "LMPO2",
    "L": 3,
    "bond_dim": 18,
    "init_strength": 0.1,
    "bond_prior_alpha": 5.0,
    "added_bias": false,
    "n_epochs": 100,
    "batch_size": 256,
    "patience": 100,
    "min_delta": 0.0001,
    "warmup_epochs": 5,
    "trim_every": 3,
    "trimming_threshold": 0.3,
    "trim_method": "relevance",
    "soft_trim_relaxation": 2
  },
  "n_features": 11,
  "n_train": 2840,
  "n_val": 501,
  "n_test": 836,
  "train_loss": 4.130280937818932,
  "train_quality": 0.5980477014071501,
  "val_loss": 4.2245259844749,
  "val_quality": 0.5681503211588288,
  "test_loss": 4.838511917993742,
  "test_quality": 0.5660664189416987,
  "best_epoch": 7,
  "n_parameters": 1965,
  "elbo_raw": -9418.041532341545,
  "elbo_relative": 2539476699.8741374,
  "tau_mean": 0.24002652720322973,
  "success": true,
  "singular": false,
  "recovered_from_run": true,
  "run_id": "abalone-LMPO2-L3-d18-seed19540-fold1"
}