{
  "fold": 3,
  "seed": 47659,
  "model": "LMPO2",
  "dataset": "abalone",
  "params": {
    "model": "LMPO2",
    "L": 3,
    "bond_dim": 18,
    "init_strength": 0.1,
    "bond_prior_alpha": 5.0,
    "added_bias": false,
    "n_epochs": 100,
    "batch_size": 256,
    "patience": 100,
    "min_delta": 0.0001,
    "warmup_epochs": 5,
    "trim_every": 3,
    "trimming_threshold": 0.3,
    "trim_method": "relevance",
    "soft_trim_relaxation": 2
  },
  "n_features": 11,
  "n_train": 2841,
  "n_val": 501,
  "n_test": 835,
  "train_loss": 4.156951927923376,
  "train_quality": 0.5726518835498132,
  "val_loss": 4.927664793557253,
  "val_quality": 0.5669563812427307,
  "test_loss": 20.361086452469596,
  "test_quality": -0.6996316695887022,
  "best_epoch": 7,
  "n_parameters": 1965,
  "elbo_raw": -9463.915577103982,
  "elbo_relative": 46527068.95551497,
  "tau_mean": 0.23898608242033406,
  "success": true,
  "singular": false,
  "recovered_from_run": true,
  "run_id": "abalone-LMPO2-L3-d18-seed47659-fold3"
}