{
  "fold": 3,
  "seed": 19540,
  "model": "LMPO2",
  "dataset": "abalone",
  "params": {
    "model": "LMPO2",
    "L": 3,
    "bond_dim": 18,
    "init_strength": 0.1,
    "bond_prior_alpha": 5.0,
    "added_bias": false,
    "n_epochs": 100,
    "batch_size": 256,
    "patience": 100,
    "min_delta": 0.0001,
    "warmup_epochs": 5,
    "trim_every": 3,
    "trimming_threshold": 0.3,
    "trim_method": "relevance",
    "soft_trim_relaxation": 2
  },
  "n_features": 11,
  "n_train": 2841,
  "n_val": 501,
  "n_test": 835,
  "train_loss": 4.309458317818248,
  "train_quality": 0.5904053778395385,
  "val_loss": 4.396260010329394,
  "val_quality": 0.5738244531371184,
  "test_loss": 4.314092918146839,
  "test_quality": 0.5685873668991914,
  "best_epoch": 7,
  "n_parameters": 1965,
  "elbo_raw": -9483.048972216624,
  "elbo_relative": 2538569188.2964478,
  "tau_mean": 0.23003678286084187,
  "success": true,
  "singular": false,
  "recovered_from_run": true,
  "run_id": "abalone-LMPO2-L3-d18-seed19540-fold3"
}