{
  "fold": 2,
  "seed": 19540,
  "model": "LMPO2",
  "dataset": "abalone",
  "params": {
    "model": "LMPO2",
    "L": 3,
    "bond_dim": 18,
    "init_strength": 0.1,
    "bond_prior_alpha": 5.0,
    "added_bias": false,
    "n_epochs": 100,
    "batch_size": 256,
    "patience": 100,
    "min_delta": 0.0001,
    "warmup_epochs": 5,
    "trim_every": 3,
    "trimming_threshold": 0.3,
    "trim_method": "relevance",
    "soft_trim_relaxation": 2
  },
  "n_features": 11,
  "n_train": 2841,
  "n_val": 501,
  "n_test": 835,
  "train_loss": 4.457754536497803,
  "train_quality": 0.5788866149544849,
  "val_loss": 5.007797333140266,
  "val_quality": 0.5738212808207233,
  "test_loss": 4.152430197182504,
  "test_quality": 0.5339959019544949,
  "best_epoch": 3,
  "n_parameters": 1965,
  "elbo_raw": -11726.190771573583,
  "elbo_relative": 41762916.88126313,
  "tau_mean": 0.22438318362661566,
  "success": true,
  "singular": false,
  "recovered_from_run": true,
  "run_id": "abalone-LMPO2-L3-d18-seed19540-fold2"
}