{
  "fold": 3,
  "seed": 42806,
  "model": "LMPO2",
  "dataset": "abalone",
  "params": {
    "model": "LMPO2",
    "L": 3,
    "bond_dim": 18,
    "init_strength": 0.1,
    "bond_prior_alpha": 5.0,
    "added_bias": false,
    "n_epochs": 100,
    "batch_size": 256,
    "patience": 100,
    "min_delta": 0.0001,
    "warmup_epochs": 5,
    "trim_every": 3,
    "trimming_threshold": 0.3,
    "trim_method": "relevance",
    "soft_trim_relaxation": 2
  },
  "n_features": 11,
  "n_train": 2841,
  "n_val": 501,
  "n_test": 835,
  "train_loss": 4.320790509991117,
  "train_quality": 0.5803852817671478,
  "val_loss": 4.922435423737138,
  "val_quality": 0.5676127415266325,
  "test_loss": 6.15239195098082,
  "test_quality": 0.3909433987574933,
  "best_epoch": 3,
  "n_parameters": 1965,
  "elbo_raw": -11460.07022128915,
  "elbo_relative": 10069823.8688128,
  "tau_mean": 0.23153587975978104,
  "success": true,
  "singular": false,
  "recovered_from_run": true,
  "run_id": "abalone-LMPO2-L3-d18-seed42806-fold3"
}