{
  "fold": 3,
  "seed": 42806,
  "model": "MPO2",
  "dataset": "abalone",
  "params": {
    "model": "MPO2",
    "L": 3,
    "bond_dim": 18,
    "init_strength": 0.01,
    "bond_prior_alpha": 1.0,
    "added_bias": false,
    "n_epochs": 100,
    "batch_size": 256,
    "patience": 100,
    "min_delta": 0.0001,
    "warmup_epochs": 5,
    "trim_every": 3,
    "trimming_threshold": 0.3,
    "trim_method": "relevance",
    "soft_trim_relaxation": 2
  },
  "n_features": 11,
  "n_train": 2841,
  "n_val": 501,
  "n_test": 835,
  "train_loss": 4.28720676514991,
  "train_quality": 0.5836467760692114,
  "val_loss": 4.690267223777973,
  "val_quality": 0.5880064212488596,
  "test_loss": 4.624791619914344,
  "test_quality": 0.5421683325896025,
  "best_epoch": 24,
  "n_parameters": 77,
  "elbo_raw": -6551.068551510814,
  "elbo_relative": 7269285.349464942,
  "tau_mean": 0.23337618217520523,
  "success": true,
  "singular": false,
  "recovered_from_run": true,
  "run_id": "abalone-MPO2-L3-d18-seed42806-fold3"
}