{
  "fold": 0,
  "seed": 47659,
  "model": "MPO2",
  "dataset": "abalone",
  "params": {
    "model": "MPO2",
    "L": 3,
    "bond_dim": 18,
    "init_strength": 0.01,
    "bond_prior_alpha": 1.0,
    "added_bias": false,
    "n_epochs": 100,
    "batch_size": 256,
    "patience": 100,
    "min_delta": 0.0001,
    "warmup_epochs": 5,
    "trim_every": 3,
    "trimming_threshold": 0.3,
    "trim_method": "relevance",
    "soft_trim_relaxation": 2
  },
  "n_features": 11,
  "n_train": 2840,
  "n_val": 501,
  "n_test": 836,
  "train_loss": 4.358659224817487,
  "train_quality": 0.5929814279761072,
  "val_loss": 4.342894903464643,
  "val_quality": 0.6112800734937625,
  "test_loss": 4.191498491846042,
  "test_quality": 0.5264828329940099,
  "best_epoch": 98,
  "n_parameters": 77,
  "elbo_raw": -6526.074592371944,
  "elbo_relative": 15166618.654940328,
  "tau_mean": 0.22954433149917775,
  "success": true,
  "singular": false,
  "recovered_from_run": true,
  "run_id": "abalone-MPO2-L3-d18-seed47659-fold0"
}