{
  "fold": 2,
  "seed": 19540,
  "model": "MPO2",
  "dataset": "abalone",
  "params": {
    "model": "MPO2",
    "L": 3,
    "bond_dim": 18,
    "init_strength": 0.01,
    "bond_prior_alpha": 1.0,
    "added_bias": false,
    "n_epochs": 100,
    "batch_size": 256,
    "patience": 100,
    "min_delta": 0.0001,
    "warmup_epochs": 5,
    "trim_every": 3,
    "trimming_threshold": 0.3,
    "trim_method": "relevance",
    "soft_trim_relaxation": 2
  },
  "n_features": 11,
  "n_train": 2841,
  "n_val": 501,
  "n_test": 835,
  "train_loss": 4.420506989323759,
  "train_quality": 0.5824053014471303,
  "val_loss": 5.174550550893471,
  "val_quality": 0.5596300769773122,
  "test_loss": 4.256616708391862,
  "test_quality": 0.5223036304703006,
  "best_epoch": 32,
  "n_parameters": 77,
  "elbo_raw": -6531.089924155179,
  "elbo_relative": 8639636.326239478,
  "tau_mean": 0.22633914430085778,
  "success": true,
  "singular": false,
  "recovered_from_run": true,
  "run_id": "abalone-MPO2-L3-d18-seed19540-fold2"
}