{
  "fold": 1,
  "seed": 47659,
  "model": "MPO2",
  "dataset": "abalone",
  "params": {
    "model": "MPO2",
    "L": 3,
    "bond_dim": 18,
    "init_strength": 0.01,
    "bond_prior_alpha": 1.0,
    "added_bias": false,
    "n_epochs": 100,
    "batch_size": 256,
    "patience": 100,
    "min_delta": 0.0001,
    "warmup_epochs": 5,
    "trim_every": 3,
    "trimming_threshold": 0.3,
    "trim_method": "relevance",
    "soft_trim_relaxation": 2
  },
  "n_features": 11,
  "n_train": 2840,
  "n_val": 501,
  "n_test": 836,
  "train_loss": 4.458388874726761,
  "train_quality": 0.5648117008344753,
  "val_loss": 3.989762578998492,
  "val_quality": 0.59805383618178,
  "test_loss": 5.300820190326211,
  "test_quality": 0.5255312747993209,
  "best_epoch": 33,
  "n_parameters": 33,
  "elbo_raw": -6412.899588966659,
  "elbo_relative": 14535885.683679609,
  "tau_mean": 0.22441877525128437,
  "success": true,
  "singular": false,
  "recovered_from_run": true,
  "run_id": "abalone-MPO2-L3-d18-seed47659-fold1"
}