{
  "fold": 2,
  "seed": 42806,
  "model": "MPO2",
  "dataset": "abalone",
  "params": {
    "model": "MPO2",
    "L": 3,
    "bond_dim": 18,
    "init_strength": 0.01,
    "bond_prior_alpha": 1.0,
    "added_bias": false,
    "n_epochs": 100,
    "batch_size": 256,
    "patience": 100,
    "min_delta": 0.0001,
    "warmup_epochs": 5,
    "trim_every": 3,
    "trimming_threshold": 0.3,
    "trim_method": "relevance",
    "soft_trim_relaxation": 2
  },
  "n_features": 11,
  "n_train": 2841,
  "n_val": 501,
  "n_test": 835,
  "train_loss": 3.9093222341243856,
  "train_quality": 0.630433888267073,
  "val_loss": 3.5287932876916455,
  "val_quality": 0.5875833958802194,
  "test_loss": 5.009786781786851,
  "test_quality": 0.5376688812121992,
  "best_epoch": 1,
  "n_parameters": 3960,
  "elbo_raw": -9115.792465945742,
  "elbo_relative": 69461465.76428837,
  "tau_mean": 0.2535574297985185,
  "success": true,
  "singular": false,
  "recovered_from_run": true,
  "run_id": "abalone-MPO2-L3-d18-seed42806-fold2"
}