{
  "fold": 0,
  "seed": 42806,
  "model": "MPO2",
  "dataset": "abalone",
  "params": {
    "model": "MPO2",
    "L": 3,
    "bond_dim": 18,
    "init_strength": 0.01,
    "bond_prior_alpha": 1.0,
    "added_bias": false,
    "n_epochs": 100,
    "batch_size": 256,
    "patience": 100,
    "min_delta": 0.0001,
    "warmup_epochs": 5,
    "trim_every": 3,
    "trimming_threshold": 0.3,
    "trim_method": "relevance",
    "soft_trim_relaxation": 2
  },
  "n_features": 11,
  "n_train": 2840,
  "n_val": 501,
  "n_test": 836,
  "train_loss": 4.421787291643314,
  "train_quality": 0.5759473502460516,
  "val_loss": 3.8550611421404355,
  "val_quality": 0.5987625635518379,
  "test_loss": 4.671873158295295,
  "test_quality": 0.5647243804559443,
  "best_epoch": 25,
  "n_parameters": 55,
  "elbo_raw": -6466.19825840551,
  "elbo_relative": 76390524.22819138,
  "tau_mean": 0.2262721621201879,
  "success": true,
  "singular": false,
  "recovered_from_run": true,
  "run_id": "abalone-MPO2-L3-d18-seed42806-fold0"
}