{
  "fold": 3,
  "seed": 9536,
  "model": "MPO2",
  "dataset": "abalone",
  "params": {
    "model": "MPO2",
    "L": 3,
    "bond_dim": 18,
    "init_strength": 0.01,
    "bond_prior_alpha": 1.0,
    "added_bias": false,
    "n_epochs": 100,
    "batch_size": 256,
    "patience": 100,
    "min_delta": 0.0001,
    "warmup_epochs": 5,
    "trim_every": 3,
    "trimming_threshold": 0.3,
    "trim_method": "relevance",
    "soft_trim_relaxation": 2
  },
  "n_features": 11,
  "n_train": 2841,
  "n_val": 501,
  "n_test": 835,
  "train_loss": 4.173711948690792,
  "train_quality": 0.5968386900922618,
  "val_loss": 4.420984468241412,
  "val_quality": 0.5648172897452912,
  "test_loss": 105.86547943953921,
  "test_quality": -8.976228409958814,
  "best_epoch": 6,
  "n_parameters": 3960,
  "elbo_raw": -6809.300941379153,
  "elbo_relative": 1538621.500508292,
  "tau_mean": 0.22746931350049732,
  "success": true,
  "singular": false,
  "recovered_from_run": true,
  "run_id": "abalone-MPO2-L3-d18-seed9536-fold3"
}