{
  "fold": 0,
  "seed": 9536,
  "model": "MPO2",
  "dataset": "abalone",
  "params": {
    "model": "MPO2",
    "L": 3,
    "bond_dim": 18,
    "init_strength": 0.01,
    "bond_prior_alpha": 1.0,
    "added_bias": false,
    "n_epochs": 100,
    "batch_size": 256,
    "patience": 100,
    "min_delta": 0.0001,
    "warmup_epochs": 5,
    "trim_every": 3,
    "trimming_threshold": 0.3,
    "trim_method": "relevance",
    "soft_trim_relaxation": 2
  },
  "n_features": 11,
  "n_train": 2840,
  "n_val": 501,
  "n_test": 836,
  "train_loss": 4.5734642386443305,
  "train_quality": 0.555693623445409,
  "val_loss": 4.917142190314379,
  "val_quality": 0.5284247807730929,
  "test_loss": 4.968429808722684,
  "test_quality": 0.5355674093492451,
  "best_epoch": 100,
  "n_parameters": 33,
  "elbo_raw": -6452.680395043006,
  "elbo_relative": 74277765.48310174,
  "tau_mean": 0.21877292411178823,
  "success": true,
  "singular": false,
  "recovered_from_run": true,
  "run_id": "abalone-MPO2-L3-d18-seed9536-fold0"
}