{
  "fold": 1,
  "seed": 9536,
  "model": "MPO2",
  "dataset": "abalone",
  "params": {
    "model": "MPO2",
    "L": 3,
    "bond_dim": 18,
    "init_strength": 0.01,
    "bond_prior_alpha": 1.0,
    "added_bias": false,
    "n_epochs": 100,
    "batch_size": 256,
    "patience": 100,
    "min_delta": 0.0001,
    "warmup_epochs": 5,
    "trim_every": 3,
    "trimming_threshold": 0.3,
    "trim_method": "relevance",
    "soft_trim_relaxation": 2
  },
  "n_features": 11,
  "n_train": 2840,
  "n_val": 501,
  "n_test": 836,
  "train_loss": 4.41761370891425,
  "train_quality": 0.5744407771518037,
  "val_loss": 4.695919810295907,
  "val_quality": 0.5279291868873406,
  "test_loss": 4.894151485015339,
  "test_quality": 0.5422191989570455,
  "best_epoch": 26,
  "n_parameters": 55,
  "elbo_raw": -6538.022580218454,
  "elbo_relative": 69538000.49335733,
  "tau_mean": 0.22648932945366257,
  "success": true,
  "singular": false,
  "recovered_from_run": true,
  "run_id": "abalone-MPO2-L3-d18-seed9536-fold1"
}