{
  "fold": 4,
  "seed": 47659,
  "model": "MPO2",
  "dataset": "abalone",
  "params": {
    "model": "MPO2",
    "L": 3,
    "bond_dim": 18,
    "init_strength": 0.01,
    "bond_prior_alpha": 1.0,
    "added_bias": false,
    "n_epochs": 100,
    "batch_size": 256,
    "patience": 100,
    "min_delta": 0.0001,
    "warmup_epochs": 5,
    "trim_every": 3,
    "trimming_threshold": 0.3,
    "trim_method": "relevance",
    "soft_trim_relaxation": 2
  },
  "n_features": 11,
  "n_train": 2841,
  "n_val": 501,
  "n_test": 835,
  "train_loss": 4.313362915691845,
  "train_quality": 0.5919980592332346,
  "val_loss": 4.1689595482398065,
  "val_quality": 0.5744150249606159,
  "test_loss": 4.371475740318979,
  "test_quality": 0.5681716763887031,
  "best_epoch": 6,
  "n_parameters": 3960,
  "elbo_raw": -6900.116759381686,
  "elbo_relative": 16128553.60754274,
  "tau_mean": 0.2200428533459815,
  "success": true,
  "singular": false,
  "recovered_from_run": true,
  "run_id": "abalone-MPO2-L3-d18-seed47659-fold4"
}