{
  "fold": 3,
  "seed": 42,
  "model": "MPO2",
  "dataset": "abalone",
  "params": {
    "model": "MPO2",
    "L": 3,
    "bond_dim": 18,
    "init_strength": 0.01,
    "bond_prior_alpha": 1.0,
    "added_bias": false,
    "n_epochs": 100,
    "batch_size": 256,
    "patience": 100,
    "min_delta": 0.0001,
    "warmup_epochs": 5,
    "trim_every": 3,
    "trimming_threshold": 0.3,
    "trim_method": "relevance",
    "soft_trim_relaxation": 2
  },
  "n_features": 11,
  "n_train": 2841,
  "n_val": 501,
  "n_test": 835,
  "train_loss": 4.094088593862933,
  "train_quality": 0.5957917786735247,
  "val_loss": 4.540615422750035,
  "val_quality": 0.5112485358346527,
  "test_loss": 137.08792593972967,
  "test_quality": -10.520231901689389,
  "best_epoch": 6,
  "n_parameters": 3960,
  "elbo_raw": -6791.579823768951,
  "elbo_relative": 3891773.5211334284,
  "tau_mean": 0.2318434227365695,
  "success": true,
  "singular": false,
  "recovered_from_run": true,
  "run_id": "abalone-MPO2-L3-d18-seed42-fold3"
}