{
  "fold": 3,
  "seed": 47659,
  "model": "MPO2",
  "dataset": "abalone",
  "params": {
    "model": "MPO2",
    "L": 3,
    "bond_dim": 18,
    "init_strength": 0.01,
    "bond_prior_alpha": 1.0,
    "added_bias": false,
    "n_epochs": 100,
    "batch_size": 256,
    "patience": 100,
    "min_delta": 0.0001,
    "warmup_epochs": 5,
    "trim_every": 3,
    "trimming_threshold": 0.3,
    "trim_method": "relevance",
    "soft_trim_relaxation": 2
  },
  "n_features": 11,
  "n_train": 2841,
  "n_val": 501,
  "n_test": 835,
  "train_loss": 4.44564371181251,
  "train_quality": 0.5429734335174846,
  "val_loss": 4.992141680097183,
  "val_quality": 0.5612901467395317,
  "test_loss": 5.51168683610374,
  "test_quality": 0.5399146542909135,
  "best_epoch": 100,
  "n_parameters": 33,
  "elbo_raw": -6390.662187393527,
  "elbo_relative": 8686569.054564023,
  "tau_mean": 0.2250620164594487,
  "success": true,
  "singular": false,
  "recovered_from_run": true,
  "run_id": "abalone-MPO2-L3-d18-seed47659-fold3"
}