{
  "fold": 4,
  "seed": 42,
  "model": "MPO2",
  "dataset": "abalone",
  "params": {
    "model": "MPO2",
    "L": 3,
    "bond_dim": 18,
    "init_strength": 0.01,
    "bond_prior_alpha": 1.0,
    "added_bias": false,
    "n_epochs": 100,
    "batch_size": 256,
    "patience": 100,
    "min_delta": 0.0001,
    "warmup_epochs": 5,
    "trim_every": 3,
    "trimming_threshold": 0.3,
    "trim_method": "relevance",
    "soft_trim_relaxation": 2
  },
  "n_features": 11,
  "n_train": 2841,
  "n_val": 501,
  "n_test": 835,
  "train_loss": 4.594306102783784,
  "train_quality": 0.5718401599296421,
  "val_loss": 5.427660843402502,
  "val_quality": 0.5292673515463964,
  "test_loss": 3.814640813380226,
  "test_quality": 0.5539121925698143,
  "best_epoch": 100,
  "n_parameters": 33,
  "elbo_raw": -6450.197552069395,
  "elbo_relative": 27353201.370559245,
  "tau_mean": 0.2177805768570594,
  "success": true,
  "singular": false,
  "recovered_from_run": true,
  "run_id": "abalone-MPO2-L3-d18-seed42-fold4"
}