{
  "fold": 1,
  "seed": 42806,
  "model": "MPO2",
  "dataset": "abalone",
  "params": {
    "model": "MPO2",
    "L": 3,
    "bond_dim": 18,
    "init_strength": 0.01,
    "bond_prior_alpha": 1.0,
    "added_bias": false,
    "n_epochs": 100,
    "batch_size": 256,
    "patience": 100,
    "min_delta": 0.0001,
    "warmup_epochs": 5,
    "trim_every": 3,
    "trimming_threshold": 0.3,
    "trim_method": "relevance",
    "soft_trim_relaxation": 2
  },
  "n_features": 11,
  "n_train": 2840,
  "n_val": 501,
  "n_test": 836,
  "train_loss": 4.409365740497826,
  "train_quality": 0.5726753191838767,
  "val_loss": 4.812777097331516,
  "val_quality": 0.5446276145177529,
  "test_loss": 4.450562649233812,
  "test_quality": 0.577531167435358,
  "best_epoch": 100,
  "n_parameters": 33,
  "elbo_raw": -6371.626269831404,
  "elbo_relative": 71652752.77251959,
  "tau_mean": 0.22691343540718853,
  "success": true,
  "singular": false,
  "recovered_from_run": true,
  "run_id": "abalone-MPO2-L3-d18-seed42806-fold1"
}