{
  "fold": 4,
  "seed": 42806,
  "model": "MPO2",
  "dataset": "abalone",
  "params": {
    "model": "MPO2",
    "L": 3,
    "bond_dim": 18,
    "init_strength": 0.01,
    "bond_prior_alpha": 1.0,
    "added_bias": false,
    "n_epochs": 100,
    "batch_size": 256,
    "patience": 100,
    "min_delta": 0.0001,
    "warmup_epochs": 5,
    "trim_every": 3,
    "trimming_threshold": 0.3,
    "trim_method": "relevance",
    "soft_trim_relaxation": 2
  },
  "n_features": 11,
  "n_train": 2841,
  "n_val": 501,
  "n_test": 835,
  "train_loss": 4.252657078377426,
  "train_quality": 0.5930023876721392,
  "val_loss": 5.065153479486206,
  "val_quality": 0.5446110232134463,
  "test_loss": 4.140459061133815,
  "test_quality": 0.5729964839453845,
  "best_epoch": 83,
  "n_parameters": 99,
  "elbo_raw": -6475.997066865473,
  "elbo_relative": 74706265.52164647,
  "tau_mean": 0.2352689043043408,
  "success": true,
  "singular": false,
  "recovered_from_run": true,
  "run_id": "abalone-MPO2-L3-d18-seed42806-fold4"
}