{
  "fold": 1,
  "seed": 19540,
  "model": "MPO2",
  "dataset": "abalone",
  "params": {
    "model": "MPO2",
    "L": 3,
    "bond_dim": 18,
    "init_strength": 0.01,
    "bond_prior_alpha": 1.0,
    "added_bias": false,
    "n_epochs": 100,
    "batch_size": 256,
    "patience": 100,
    "min_delta": 0.0001,
    "warmup_epochs": 5,
    "trim_every": 3,
    "trimming_threshold": 0.3,
    "trim_method": "relevance",
    "soft_trim_relaxation": 2
  },
  "n_features": 11,
  "n_train": 2840,
  "n_val": 501,
  "n_test": 836,
  "train_loss": 3.9028306404330317,
  "train_quality": 0.620182798565497,
  "val_loss": 4.369771201714048,
  "val_quality": 0.553302714433612,
  "test_loss": 4.971462213727065,
  "test_quality": 0.5541430013893364,
  "best_epoch": 1,
  "n_parameters": 3960,
  "elbo_raw": -9084.822499820935,
  "elbo_relative": 80994914.89574026,
  "tau_mean": 0.2539688405281086,
  "success": true,
  "singular": false,
  "recovered_from_run": true,
  "run_id": "abalone-MPO2-L3-d18-seed19540-fold1"
}