{
  "fold": 4,
  "seed": 19540,
  "model": "MPO2",
  "dataset": "abalone",
  "params": {
    "model": "MPO2",
    "L": 3,
    "bond_dim": 18,
    "init_strength": 0.01,
    "bond_prior_alpha": 1.0,
    "added_bias": false,
    "n_epochs": 100,
    "batch_size": 256,
    "patience": 100,
    "min_delta": 0.0001,
    "warmup_epochs": 5,
    "trim_every": 3,
    "trimming_threshold": 0.3,
    "trim_method": "relevance",
    "soft_trim_relaxation": 2
  },
  "n_features": 11,
  "n_train": 2841,
  "n_val": 501,
  "n_test": 835,
  "train_loss": 4.10962019459981,
  "train_quality": 0.6006014597357755,
  "val_loss": 4.077779179794712,
  "val_quality": 0.5285429514940899,
  "test_loss": 5.587617664488968,
  "test_quality": 0.5259609116796069,
  "best_epoch": 3,
  "n_parameters": 3960,
  "elbo_raw": -8448.775172434922,
  "elbo_relative": 81532597.47046185,
  "tau_mean": 0.2307859318372074,
  "success": true,
  "singular": false,
  "recovered_from_run": true,
  "run_id": "abalone-MPO2-L3-d18-seed19540-fold4"
}