{
  "fold": 3,
  "seed": 19540,
  "model": "MPO2",
  "dataset": "abalone",
  "params": {
    "model": "MPO2",
    "L": 3,
    "bond_dim": 18,
    "init_strength": 0.01,
    "bond_prior_alpha": 1.0,
    "added_bias": false,
    "n_epochs": 100,
    "batch_size": 256,
    "patience": 100,
    "min_delta": 0.0001,
    "warmup_epochs": 5,
    "trim_every": 3,
    "trimming_threshold": 0.3,
    "trim_method": "relevance",
    "soft_trim_relaxation": 2
  },
  "n_features": 11,
  "n_train": 2841,
  "n_val": 501,
  "n_test": 835,
  "train_loss": 4.340228183419493,
  "train_quality": 0.5874808405670096,
  "val_loss": 4.323826917187966,
  "val_quality": 0.5808461518100787,
  "test_loss": 4.364173226573052,
  "test_quality": 0.5635792972691256,
  "best_epoch": 24,
  "n_parameters": 77,
  "elbo_raw": -6502.898409303803,
  "elbo_relative": 81687050.11625169,
  "tau_mean": 0.23051876444671535,
  "success": true,
  "singular": false,
  "recovered_from_run": true,
  "run_id": "abalone-MPO2-L3-d18-seed19540-fold3"
}