{
  "fold": 1,
  "seed": 42,
  "model": "MPO2",
  "dataset": "abalone",
  "params": {
    "model": "MPO2",
    "L": 3,
    "bond_dim": 18,
    "init_strength": 0.01,
    "bond_prior_alpha": 1.0,
    "added_bias": false,
    "n_epochs": 100,
    "batch_size": 256,
    "patience": 100,
    "min_delta": 0.0001,
    "warmup_epochs": 5,
    "trim_every": 3,
    "trimming_threshold": 0.3,
    "trim_method": "relevance",
    "soft_trim_relaxation": 2
  },
  "n_features": 11,
  "n_train": 2840,
  "n_val": 501,
  "n_test": 836,
  "train_loss": 5.393085887373044,
  "train_quality": 0.49861573859396835,
  "val_loss": 5.5426407739440835,
  "val_quality": 0.47594792625467786,
  "test_loss": 4.891970103950004,
  "test_quality": 0.4546951795689086,
  "best_epoch": 15,
  "n_parameters": 33,
  "elbo_raw": -6944.5234869479345,
  "elbo_relative": 2183661.2722932803,
  "tau_mean": 0.18552893454984648,
  "success": true,
  "singular": false,
  "recovered_from_run": true,
  "run_id": "abalone-MPO2-L3-d18-seed42-fold1"
}