{
  "fold": 2,
  "seed": 9536,
  "model": "MPO2",
  "dataset": "abalone",
  "params": {
    "model": "MPO2",
    "L": 3,
    "bond_dim": 18,
    "init_strength": 0.01,
    "bond_prior_alpha": 1.0,
    "added_bias": false,
    "n_epochs": 100,
    "batch_size": 256,
    "patience": 100,
    "min_delta": 0.0001,
    "warmup_epochs": 5,
    "trim_every": 3,
    "trimming_threshold": 0.3,
    "trim_method": "relevance",
    "soft_trim_relaxation": 2
  },
  "n_features": 11,
  "n_train": 2841,
  "n_val": 501,
  "n_test": 835,
  "train_loss": 4.291432082686732,
  "train_quality": 0.5748212414938122,
  "val_loss": 5.307710495938719,
  "val_quality": 0.5563787860190279,
  "test_loss": 4.538192063337966,
  "test_quality": 0.5650184623344197,
  "best_epoch": 16,
  "n_parameters": 55,
  "elbo_raw": -6679.768670344843,
  "elbo_relative": 77677829.91967359,
  "tau_mean": 0.23314706274475738,
  "success": true,
  "singular": false,
  "recovered_from_run": true,
  "run_id": "abalone-MPO2-L3-d18-seed9536-fold2"
}