{
  "fold": 1,
  "seed": 9536,
  "model": "LMPO2",
  "dataset": "ai4i",
  "params": {
    "model": "LMPO2",
    "L": 3,
    "bond_dim": 18,
    "init_strength": 0.01,
    "bond_prior_alpha": 1.0,
    "added_bias": false,
    "n_epochs": 100,
    "batch_size": 256,
    "patience": 100,
    "min_delta": 0.0001,
    "warmup_epochs": 5,
    "trim_every": 3,
    "trimming_threshold": 0.3,
    "trim_method": "relevance",
    "soft_trim_relaxation": 2
  },
  "n_features": 9,
  "n_train": 6800,
  "n_val": 1200,
  "n_test": 2000,
  "train_loss": 0.02229364458655598,
  "train_quality": 0.2718771516078836,
  "val_loss": 0.02059624891209939,
  "val_quality": 0.36080606824519135,
  "test_loss": 0.025858568308130877,
  "test_quality": 0.35732755969453034,
  "best_epoch": 12,
  "n_parameters": 70,
  "elbo_raw": 2959.2178879990906,
  "elbo_relative": 110387778.3338039,
  "tau_mean": 44.284781502857065,
  "success": true,
  "singular": false,
  "recovered_from_run": true,
  "run_id": "ai4i-LMPO2-L3-d18-seed9536-fold1"
}