{
  "fold": 4,
  "seed": 19540,
  "model": "LMPO2",
  "dataset": "ai4i",
  "params": {
    "model": "LMPO2",
    "L": 3,
    "bond_dim": 18,
    "init_strength": 0.01,
    "bond_prior_alpha": 1.0,
    "added_bias": false,
    "n_epochs": 100,
    "batch_size": 256,
    "patience": 100,
    "min_delta": 0.0001,
    "warmup_epochs": 5,
    "trim_every": 3,
    "trimming_threshold": 0.3,
    "trim_method": "relevance",
    "soft_trim_relaxation": 2
  },
  "n_features": 9,
  "n_train": 6800,
  "n_val": 1200,
  "n_test": 2000,
  "train_loss": 0.022124448169203212,
  "train_quality": 0.32298690798494034,
  "val_loss": 0.02979384048699715,
  "val_quality": 0.2538586034560715,
  "test_loss": 0.021215695747108507,
  "test_quality": 0.2589632900354175,
  "best_epoch": 30,
  "n_parameters": 30,
  "elbo_raw": 3057.082096884023,
  "elbo_relative": 25792435.55875745,
  "tau_mean": 44.61900577607256,
  "success": true,
  "singular": false,
  "recovered_from_run": true,
  "run_id": "ai4i-LMPO2-L3-d18-seed19540-fold4"
}