{
  "fold": 1,
  "seed": 42,
  "model": "LMPO2",
  "dataset": "ai4i",
  "params": {
    "model": "LMPO2",
    "L": 3,
    "bond_dim": 18,
    "init_strength": 0.01,
    "bond_prior_alpha": 1.0,
    "added_bias": false,
    "n_epochs": 100,
    "batch_size": 256,
    "patience": 100,
    "min_delta": 0.0001,
    "warmup_epochs": 5,
    "trim_every": 3,
    "trimming_threshold": 0.3,
    "trim_method": "relevance",
    "soft_trim_relaxation": 2
  },
  "n_features": 9,
  "n_train": 6800,
  "n_val": 1200,
  "n_test": 2000,
  "train_loss": 0.023158313550295868,
  "train_quality": 0.2913503947020839,
  "val_loss": 0.025373994297458072,
  "val_quality": 0.23107490081147297,
  "test_loss": 0.020698523942446832,
  "test_quality": 0.36979284062699935,
  "best_epoch": 9,
  "n_parameters": 120,
  "elbo_raw": 2530.963650448744,
  "elbo_relative": 46769068.78279066,
  "tau_mean": 42.648368781523274,
  "success": true,
  "singular": false,
  "recovered_from_run": true,
  "run_id": "ai4i-LMPO2-L3-d18-seed42-fold1"
}