{
  "fold": 4,
  "seed": 42,
  "model": "LMPO2",
  "dataset": "ai4i",
  "params": {
    "model": "LMPO2",
    "L": 3,
    "bond_dim": 18,
    "init_strength": 0.01,
    "bond_prior_alpha": 1.0,
    "added_bias": false,
    "n_epochs": 100,
    "batch_size": 256,
    "patience": 100,
    "min_delta": 0.0001,
    "warmup_epochs": 5,
    "trim_every": 3,
    "trimming_threshold": 0.3,
    "trim_method": "relevance",
    "soft_trim_relaxation": 2
  },
  "n_features": 9,
  "n_train": 6800,
  "n_val": 1200,
  "n_test": 2000,
  "train_loss": 0.022651749039828566,
  "train_quality": 0.30685138270023626,
  "val_loss": 0.018383587231990597,
  "val_quality": 0.3322478656526472,
  "test_loss": 0.026454863177337678,
  "test_quality": 0.267051409805363,
  "best_epoch": 7,
  "n_parameters": 1548,
  "elbo_raw": 2790.009481170391,
  "elbo_relative": 47077212.04013677,
  "tau_mean": 43.56388230728538,
  "success": true,
  "singular": false,
  "recovered_from_run": true,
  "run_id": "ai4i-LMPO2-L3-d18-seed42-fold4"
}