{
  "fold": 2,
  "seed": 42,
  "model": "LMPO2",
  "dataset": "ai4i",
  "params": {
    "model": "LMPO2",
    "L": 3,
    "bond_dim": 18,
    "init_strength": 0.01,
    "bond_prior_alpha": 1.0,
    "added_bias": false,
    "n_epochs": 100,
    "batch_size": 256,
    "patience": 100,
    "min_delta": 0.0001,
    "warmup_epochs": 5,
    "trim_every": 3,
    "trimming_threshold": 0.3,
    "trim_method": "relevance",
    "soft_trim_relaxation": 2
  },
  "n_features": 9,
  "n_train": 6800,
  "n_val": 1200,
  "n_test": 2000,
  "train_loss": 0.022266958621906977,
  "train_quality": 0.30401408251661766,
  "val_loss": 0.02143222929349112,
  "val_quality": 0.3010596480064497,
  "test_loss": 0.026446055963339887,
  "test_quality": 0.2765604561948821,
  "best_epoch": 2,
  "n_parameters": 1548,
  "elbo_raw": 1434.6050663855574,
  "elbo_relative": 46116084.415772565,
  "tau_mean": 43.68567026954497,
  "success": true,
  "singular": false,
  "recovered_from_run": true,
  "run_id": "ai4i-LMPO2-L3-d18-seed42-fold2"
}