{
  "fold": 1,
  "seed": 42806,
  "model": "LMPO2",
  "dataset": "ai4i",
  "params": {
    "model": "LMPO2",
    "L": 3,
    "bond_dim": 18,
    "init_strength": 0.01,
    "bond_prior_alpha": 1.0,
    "added_bias": false,
    "n_epochs": 100,
    "batch_size": 256,
    "patience": 100,
    "min_delta": 0.0001,
    "warmup_epochs": 5,
    "trim_every": 3,
    "trimming_threshold": 0.3,
    "trim_method": "relevance",
    "soft_trim_relaxation": 2
  },
  "n_features": 9,
  "n_train": 6800,
  "n_val": 1200,
  "n_test": 2000,
  "train_loss": 0.023681115078832773,
  "train_quality": 0.25340123228370404,
  "val_loss": 0.021887300764904888,
  "val_quality": 0.4411653912044001,
  "test_loss": 0.021698842007059113,
  "test_quality": 0.32982242413203156,
  "best_epoch": 4,
  "n_parameters": 1548,
  "elbo_raw": 1273.4099965284865,
  "elbo_relative": 30087437.869572643,
  "tau_mean": 41.4440880420714,
  "success": true,
  "singular": false,
  "recovered_from_run": true,
  "run_id": "ai4i-LMPO2-L3-d18-seed42806-fold1"
}