{
  "fold": 3,
  "seed": 9536,
  "model": "LMPO2",
  "dataset": "ai4i",
  "params": {
    "model": "LMPO2",
    "L": 3,
    "bond_dim": 18,
    "init_strength": 0.01,
    "bond_prior_alpha": 1.0,
    "added_bias": false,
    "n_epochs": 100,
    "batch_size": 256,
    "patience": 100,
    "min_delta": 0.0001,
    "warmup_epochs": 5,
    "trim_every": 3,
    "trimming_threshold": 0.3,
    "trim_method": "relevance",
    "soft_trim_relaxation": 2
  },
  "n_features": 9,
  "n_train": 6800,
  "n_val": 1200,
  "n_test": 2000,
  "train_loss": 0.022969411171424196,
  "train_quality": 0.3087248395863077,
  "val_loss": 0.02567316930675546,
  "val_quality": 0.27317230650896784,
  "test_loss": 0.020508378822715317,
  "test_quality": 0.30644057448185,
  "best_epoch": 12,
  "n_parameters": 60,
  "elbo_raw": 2891.448992633519,
  "elbo_relative": 112235038.68572837,
  "tau_mean": 42.99838280992958,
  "success": true,
  "singular": false,
  "recovered_from_run": true,
  "run_id": "ai4i-LMPO2-L3-d18-seed9536-fold3"
}