{
  "fold": 4,
  "seed": 42806,
  "model": "LMPO2",
  "dataset": "ai4i",
  "params": {
    "model": "LMPO2",
    "L": 3,
    "bond_dim": 18,
    "init_strength": 0.01,
    "bond_prior_alpha": 1.0,
    "added_bias": false,
    "n_epochs": 100,
    "batch_size": 256,
    "patience": 100,
    "min_delta": 0.0001,
    "warmup_epochs": 5,
    "trim_every": 3,
    "trimming_threshold": 0.3,
    "trim_method": "relevance",
    "soft_trim_relaxation": 2
  },
  "n_features": 9,
  "n_train": 6800,
  "n_val": 1200,
  "n_test": 2000,
  "train_loss": 0.022698052010403383,
  "train_quality": 0.26198899340639725,
  "val_loss": 0.03745408803289107,
  "val_quality": 0.24705941886385607,
  "test_loss": 0.02317966313687743,
  "test_quality": 0.20344800216916048,
  "best_epoch": 7,
  "n_parameters": 1548,
  "elbo_raw": 2769.4260361255033,
  "elbo_relative": 29324875.386166148,
  "tau_mean": 43.46653489887114,
  "success": true,
  "singular": false,
  "recovered_from_run": true,
  "run_id": "ai4i-LMPO2-L3-d18-seed42806-fold4"
}