{
  "fold": 0,
  "seed": 47659,
  "model": "LMPO2",
  "dataset": "ai4i",
  "params": {
    "model": "LMPO2",
    "L": 3,
    "bond_dim": 18,
    "init_strength": 0.01,
    "bond_prior_alpha": 1.0,
    "added_bias": false,
    "n_epochs": 100,
    "batch_size": 256,
    "patience": 100,
    "min_delta": 0.0001,
    "warmup_epochs": 5,
    "trim_every": 3,
    "trimming_threshold": 0.3,
    "trim_method": "relevance",
    "soft_trim_relaxation": 2
  },
  "n_features": 9,
  "n_train": 6800,
  "n_val": 1200,
  "n_test": 2000,
  "train_loss": 0.0221799711881841,
  "train_quality": 0.3297206099808231,
  "val_loss": 0.025339935220478647,
  "val_quality": 0.17362291155246745,
  "test_loss": 0.023848407909778064,
  "test_quality": 0.27388844508043897,
  "best_epoch": 3,
  "n_parameters": 1548,
  "elbo_raw": 1451.153663294457,
  "elbo_relative": 13234285.11225842,
  "tau_mean": 44.2150154805596,
  "success": true,
  "singular": false,
  "recovered_from_run": true,
  "run_id": "ai4i-LMPO2-L3-d18-seed47659-fold0"
}