{
  "fold": 3,
  "seed": 42,
  "model": "LMPO2",
  "dataset": "ai4i",
  "params": {
    "model": "LMPO2",
    "L": 3,
    "bond_dim": 18,
    "init_strength": 0.01,
    "bond_prior_alpha": 1.0,
    "added_bias": false,
    "n_epochs": 100,
    "batch_size": 256,
    "patience": 100,
    "min_delta": 0.0001,
    "warmup_epochs": 5,
    "trim_every": 3,
    "trimming_threshold": 0.3,
    "trim_method": "relevance",
    "soft_trim_relaxation": 2
  },
  "n_features": 9,
  "n_train": 6800,
  "n_val": 1200,
  "n_test": 2000,
  "train_loss": 0.025626168528803894,
  "train_quality": 0.26504633627084795,
  "val_loss": 0.020741237563255178,
  "val_quality": 0.2466102792077628,
  "test_loss": 0.02220883858933017,
  "test_quality": 0.22427409986709035,
  "best_epoch": 11,
  "n_parameters": 60,
  "elbo_raw": 2540.592228918831,
  "elbo_relative": 46944419.236195795,
  "tau_mean": 41.84134513282941,
  "success": true,
  "singular": false,
  "recovered_from_run": true,
  "run_id": "ai4i-LMPO2-L3-d18-seed42-fold3"
}