{
  "fold": 1,
  "seed": 47659,
  "model": "LMPO2",
  "dataset": "ai4i",
  "params": {
    "model": "LMPO2",
    "L": 3,
    "bond_dim": 18,
    "init_strength": 0.01,
    "bond_prior_alpha": 1.0,
    "added_bias": false,
    "n_epochs": 100,
    "batch_size": 256,
    "patience": 100,
    "min_delta": 0.0001,
    "warmup_epochs": 5,
    "trim_every": 3,
    "trimming_threshold": 0.3,
    "trim_method": "relevance",
    "soft_trim_relaxation": 2
  },
  "n_features": 9,
  "n_train": 6800,
  "n_val": 1200,
  "n_test": 2000,
  "train_loss": 0.022639330776047704,
  "train_quality": 0.2862457530799709,
  "val_loss": 0.028521738910120987,
  "val_quality": 0.2991125440609188,
  "test_loss": 0.019745613934047862,
  "test_quality": 0.37203374489213725,
  "best_epoch": 9,
  "n_parameters": 120,
  "elbo_raw": 2511.5328422297903,
  "elbo_relative": 12558287.259922726,
  "tau_mean": 43.61329956466037,
  "success": true,
  "singular": false,
  "recovered_from_run": true,
  "run_id": "ai4i-LMPO2-L3-d18-seed47659-fold1"
}