{
  "fold": 0,
  "seed": 19540,
  "model": "LMPO2",
  "dataset": "ai4i",
  "params": {
    "model": "LMPO2",
    "L": 3,
    "bond_dim": 18,
    "init_strength": 0.01,
    "bond_prior_alpha": 1.0,
    "added_bias": false,
    "n_epochs": 100,
    "batch_size": 256,
    "patience": 100,
    "min_delta": 0.0001,
    "warmup_epochs": 5,
    "trim_every": 3,
    "trimming_threshold": 0.3,
    "trim_method": "relevance",
    "soft_trim_relaxation": 2
  },
  "n_features": 9,
  "n_train": 6800,
  "n_val": 1200,
  "n_test": 2000,
  "train_loss": 0.021277853038622493,
  "train_quality": 0.37255206880144165,
  "val_loss": 0.020446355311164528,
  "val_quality": 0.3157781216314537,
  "test_loss": 0.021570484157818568,
  "test_quality": 0.2929506712943901,
  "best_epoch": 7,
  "n_parameters": 1548,
  "elbo_raw": 2925.5781469566323,
  "elbo_relative": 25531046.222173303,
  "tau_mean": 46.33223277918322,
  "success": true,
  "singular": false,
  "recovered_from_run": true,
  "run_id": "ai4i-LMPO2-L3-d18-seed19540-fold0"
}