{
  "fold": 3,
  "seed": 42806,
  "model": "LMPO2",
  "dataset": "ai4i",
  "params": {
    "model": "LMPO2",
    "L": 3,
    "bond_dim": 18,
    "init_strength": 0.01,
    "bond_prior_alpha": 1.0,
    "added_bias": false,
    "n_epochs": 100,
    "batch_size": 256,
    "patience": 100,
    "min_delta": 0.0001,
    "warmup_epochs": 5,
    "trim_every": 3,
    "trimming_threshold": 0.3,
    "trim_method": "relevance",
    "soft_trim_relaxation": 2
  },
  "n_features": 9,
  "n_train": 6800,
  "n_val": 1200,
  "n_test": 2000,
  "train_loss": 0.022026057232278153,
  "train_quality": 0.2870304208924245,
  "val_loss": 0.02490363217059902,
  "val_quality": 0.3382437983122182,
  "test_loss": 0.024324694256660843,
  "test_quality": 0.32606907687173425,
  "best_epoch": 6,
  "n_parameters": 1548,
  "elbo_raw": 2487.6412086172413,
  "elbo_relative": 29771824.741975557,
  "tau_mean": 44.66874256866714,
  "success": true,
  "singular": false,
  "recovered_from_run": true,
  "run_id": "ai4i-LMPO2-L3-d18-seed42806-fold3"
}