{
  "fold": 2,
  "seed": 47659,
  "model": "LMPO2",
  "dataset": "ai4i",
  "params": {
    "model": "LMPO2",
    "L": 3,
    "bond_dim": 18,
    "init_strength": 0.01,
    "bond_prior_alpha": 1.0,
    "added_bias": false,
    "n_epochs": 100,
    "batch_size": 256,
    "patience": 100,
    "min_delta": 0.0001,
    "warmup_epochs": 5,
    "trim_every": 3,
    "trimming_threshold": 0.3,
    "trim_method": "relevance",
    "soft_trim_relaxation": 2
  },
  "n_features": 9,
  "n_train": 6800,
  "n_val": 1200,
  "n_test": 2000,
  "train_loss": 0.02288430721038771,
  "train_quality": 0.3196931490960847,
  "val_loss": 0.019361248951266653,
  "val_quality": 0.334664984492555,
  "test_loss": 0.025241244880876673,
  "test_quality": 0.20901115976068851,
  "best_epoch": 7,
  "n_parameters": 1548,
  "elbo_raw": 2734.5582814726035,
  "elbo_relative": 12678601.74550608,
  "tau_mean": 43.122735251158545,
  "success": true,
  "singular": false,
  "recovered_from_run": true,
  "run_id": "ai4i-LMPO2-L3-d18-seed47659-fold2"
}