{
  "fold": 0,
  "seed": 42806,
  "model": "LMPO2",
  "dataset": "ai4i",
  "params": {
    "model": "LMPO2",
    "L": 3,
    "bond_dim": 18,
    "init_strength": 0.01,
    "bond_prior_alpha": 1.0,
    "added_bias": false,
    "n_epochs": 100,
    "batch_size": 256,
    "patience": 100,
    "min_delta": 0.0001,
    "warmup_epochs": 5,
    "trim_every": 3,
    "trimming_threshold": 0.3,
    "trim_method": "relevance",
    "soft_trim_relaxation": 2
  },
  "n_features": 9,
  "n_train": 6800,
  "n_val": 1200,
  "n_test": 2000,
  "train_loss": 0.021601302574249432,
  "train_quality": 0.31897185460591104,
  "val_loss": 0.019538823556198757,
  "val_quality": 0.3285627643917953,
  "test_loss": 0.029016122095335592,
  "test_quality": 0.24437182043396888,
  "best_epoch": 10,
  "n_parameters": 120,
  "elbo_raw": 2893.3691763382785,
  "elbo_relative": 29134951.58873205,
  "tau_mean": 45.679235903919846,
  "success": true,
  "singular": false,
  "recovered_from_run": true,
  "run_id": "ai4i-LMPO2-L3-d18-seed42806-fold0"
}