{
  "fold": 0,
  "seed": 42,
  "model": "LMPO2",
  "dataset": "ai4i",
  "params": {
    "model": "LMPO2",
    "L": 3,
    "bond_dim": 18,
    "init_strength": 0.01,
    "bond_prior_alpha": 1.0,
    "added_bias": false,
    "n_epochs": 100,
    "batch_size": 256,
    "patience": 100,
    "min_delta": 0.0001,
    "warmup_epochs": 5,
    "trim_every": 3,
    "trimming_threshold": 0.3,
    "trim_method": "relevance",
    "soft_trim_relaxation": 2
  },
  "n_features": 9,
  "n_train": 6800,
  "n_val": 1200,
  "n_test": 2000,
  "train_loss": 0.023965093938107983,
  "train_quality": 0.3153638295912228,
  "val_loss": 0.020100737576840576,
  "val_quality": 0.2012731556982691,
  "test_loss": 0.02081178427261123,
  "test_quality": 0.29617990437486863,
  "best_epoch": 2,
  "n_parameters": 1548,
  "elbo_raw": 1186.8140328762222,
  "elbo_relative": 47218556.78469272,
  "tau_mean": 40.659131648198006,
  "success": true,
  "singular": false,
  "recovered_from_run": true,
  "run_id": "ai4i-LMPO2-L3-d18-seed42-fold0"
}