{
  "fold": 2,
  "seed": 19540,
  "model": "LMPO2",
  "dataset": "ai4i",
  "params": {
    "model": "LMPO2",
    "L": 3,
    "bond_dim": 18,
    "init_strength": 0.01,
    "bond_prior_alpha": 1.0,
    "added_bias": false,
    "n_epochs": 100,
    "batch_size": 256,
    "patience": 100,
    "min_delta": 0.0001,
    "warmup_epochs": 5,
    "trim_every": 3,
    "trimming_threshold": 0.3,
    "trim_method": "relevance",
    "soft_trim_relaxation": 2
  },
  "n_features": 9,
  "n_train": 6800,
  "n_val": 1200,
  "n_test": 2000,
  "train_loss": 0.02074890709061664,
  "train_quality": 0.3401261907178169,
  "val_loss": 0.024589165537748935,
  "val_quality": 0.2882877052851508,
  "test_loss": 0.024106630062426155,
  "test_quality": 0.3321106822531281,
  "best_epoch": 4,
  "n_parameters": 1548,
  "elbo_raw": 1667.8364650596775,
  "elbo_relative": 24394188.025552962,
  "tau_mean": 47.34272879977644,
  "success": true,
  "singular": false,
  "recovered_from_run": true,
  "run_id": "ai4i-LMPO2-L3-d18-seed19540-fold2"
}