{
  "fold": 2,
  "seed": 42806,
  "model": "LMPO2",
  "dataset": "ai4i",
  "params": {
    "model": "LMPO2",
    "L": 3,
    "bond_dim": 18,
    "init_strength": 0.01,
    "bond_prior_alpha": 1.0,
    "added_bias": false,
    "n_epochs": 100,
    "batch_size": 256,
    "patience": 100,
    "min_delta": 0.0001,
    "warmup_epochs": 5,
    "trim_every": 3,
    "trimming_threshold": 0.3,
    "trim_method": "relevance",
    "soft_trim_relaxation": 2
  },
  "n_features": 9,
  "n_train": 6800,
  "n_val": 1200,
  "n_test": 2000,
  "train_loss": 0.02358947122863677,
  "train_quality": 0.2900638424751151,
  "val_loss": 0.02486457210311665,
  "val_quality": 0.35248510148133727,
  "test_loss": 0.019965399291083194,
  "test_quality": 0.27890856819051046,
  "best_epoch": 2,
  "n_parameters": 1548,
  "elbo_raw": 1210.0468014392984,
  "elbo_relative": 27376754.824158262,
  "tau_mean": 41.21045703563574,
  "success": true,
  "singular": false,
  "recovered_from_run": true,
  "run_id": "ai4i-LMPO2-L3-d18-seed42806-fold2"
}