{
  "fold": 4,
  "seed": 47659,
  "model": "LMPO2",
  "dataset": "ai4i",
  "params": {
    "model": "LMPO2",
    "L": 3,
    "bond_dim": 18,
    "init_strength": 0.01,
    "bond_prior_alpha": 1.0,
    "added_bias": false,
    "n_epochs": 100,
    "batch_size": 256,
    "patience": 100,
    "min_delta": 0.0001,
    "warmup_epochs": 5,
    "trim_every": 3,
    "trimming_threshold": 0.3,
    "trim_method": "relevance",
    "soft_trim_relaxation": 2
  },
  "n_features": 9,
  "n_train": 6800,
  "n_val": 1200,
  "n_test": 2000,
  "train_loss": 0.022446103207831417,
  "train_quality": 0.3327201191630328,
  "val_loss": 0.022456122628280468,
  "val_quality": 0.20694502551259664,
  "test_loss": 0.024297420138842306,
  "test_quality": 0.24956427982666163,
  "best_epoch": 3,
  "n_parameters": 1548,
  "elbo_raw": 1420.8587246823251,
  "elbo_relative": 13383741.133593356,
  "tau_mean": 43.67984454589454,
  "success": true,
  "singular": false,
  "recovered_from_run": true,
  "run_id": "ai4i-LMPO2-L3-d18-seed47659-fold4"
}