{
  "fold": 0,
  "seed": 9536,
  "model": "LMPO2",
  "dataset": "ai4i",
  "params": {
    "model": "LMPO2",
    "L": 3,
    "bond_dim": 18,
    "init_strength": 0.01,
    "bond_prior_alpha": 1.0,
    "added_bias": false,
    "n_epochs": 100,
    "batch_size": 256,
    "patience": 100,
    "min_delta": 0.0001,
    "warmup_epochs": 5,
    "trim_every": 3,
    "trimming_threshold": 0.3,
    "trim_method": "relevance",
    "soft_trim_relaxation": 2
  },
  "n_features": 9,
  "n_train": 6800,
  "n_val": 1200,
  "n_test": 2000,
  "train_loss": 0.020329483907466517,
  "train_quality": 0.3779132182640118,
  "val_loss": 0.020732595420888508,
  "val_quality": 0.34064494785486765,
  "test_loss": 0.023208798001868182,
  "test_quality": 0.31284091778332546,
  "best_epoch": 7,
  "n_parameters": 1548,
  "elbo_raw": 3076.1966337329454,
  "elbo_relative": 130626927.87077808,
  "tau_mean": 48.46911037354239,
  "success": true,
  "singular": false,
  "recovered_from_run": true,
  "run_id": "ai4i-LMPO2-L3-d18-seed9536-fold0"
}