{
  "fold": 4,
  "seed": 9536,
  "model": "LMPO2",
  "dataset": "ai4i",
  "params": {
    "model": "LMPO2",
    "L": 3,
    "bond_dim": 18,
    "init_strength": 0.01,
    "bond_prior_alpha": 1.0,
    "added_bias": false,
    "n_epochs": 100,
    "batch_size": 256,
    "patience": 100,
    "min_delta": 0.0001,
    "warmup_epochs": 5,
    "trim_every": 3,
    "trimming_threshold": 0.3,
    "trim_method": "relevance",
    "soft_trim_relaxation": 2
  },
  "n_features": 9,
  "n_train": 6800,
  "n_val": 1200,
  "n_test": 2000,
  "train_loss": 0.023969439663378455,
  "train_quality": 0.30162460710745065,
  "val_loss": 0.021187703875938768,
  "val_quality": 0.3090340252434137,
  "test_loss": 0.02130728682826528,
  "test_quality": 0.25576413247530005,
  "best_epoch": 2,
  "n_parameters": 1548,
  "elbo_raw": 1179.9703636509114,
  "elbo_relative": 108283874.09582539,
  "tau_mean": 40.56106947187033,
  "success": true,
  "singular": false,
  "recovered_from_run": true,
  "run_id": "ai4i-LMPO2-L3-d18-seed9536-fold4"
}