{
  "fold": 2,
  "seed": 9536,
  "model": "LMPO2",
  "dataset": "ai4i",
  "params": {
    "model": "LMPO2",
    "L": 3,
    "bond_dim": 18,
    "init_strength": 0.01,
    "bond_prior_alpha": 1.0,
    "added_bias": false,
    "n_epochs": 100,
    "batch_size": 256,
    "patience": 100,
    "min_delta": 0.0001,
    "warmup_epochs": 5,
    "trim_every": 3,
    "trimming_threshold": 0.3,
    "trim_method": "relevance",
    "soft_trim_relaxation": 2
  },
  "n_features": 9,
  "n_train": 6800,
  "n_val": 1200,
  "n_test": 2000,
  "train_loss": 0.02316346538670145,
  "train_quality": 0.3251075341195315,
  "val_loss": 0.019204804924251462,
  "val_quality": 0.2600888513772982,
  "test_loss": 0.022984442072359522,
  "test_quality": 0.2690298684997966,
  "best_epoch": 51,
  "n_parameters": 30,
  "elbo_raw": 2920.7291336430458,
  "elbo_relative": 127850740.41558097,
  "tau_mean": 42.64267619589923,
  "success": true,
  "singular": false,
  "recovered_from_run": true,
  "run_id": "ai4i-LMPO2-L3-d18-seed9536-fold2"
}