{
  "fold": 3,
  "seed": 47659,
  "model": "LMPO2",
  "dataset": "ai4i",
  "params": {
    "model": "LMPO2",
    "L": 3,
    "bond_dim": 18,
    "init_strength": 0.01,
    "bond_prior_alpha": 1.0,
    "added_bias": false,
    "n_epochs": 100,
    "batch_size": 256,
    "patience": 100,
    "min_delta": 0.0001,
    "warmup_epochs": 5,
    "trim_every": 3,
    "trimming_threshold": 0.3,
    "trim_method": "relevance",
    "soft_trim_relaxation": 2
  },
  "n_features": 9,
  "n_train": 6800,
  "n_val": 1200,
  "n_test": 2000,
  "train_loss": 0.02186222988700073,
  "train_quality": 0.28273971836683165,
  "val_loss": 0.032186418856500074,
  "val_quality": 0.22359214765880298,
  "test_loss": 0.02570206127294639,
  "test_quality": 0.26915821248313043,
  "best_epoch": 7,
  "n_parameters": 1548,
  "elbo_raw": 2883.2628582035495,
  "elbo_relative": 12797283.486577231,
  "tau_mean": 45.10392579487879,
  "success": true,
  "singular": false,
  "recovered_from_run": true,
  "run_id": "ai4i-LMPO2-L3-d18-seed47659-fold3"
}