{
  "fold": 3,
  "seed": 19540,
  "model": "LMPO2",
  "dataset": "ai4i",
  "params": {
    "model": "LMPO2",
    "L": 3,
    "bond_dim": 18,
    "init_strength": 0.01,
    "bond_prior_alpha": 1.0,
    "added_bias": false,
    "n_epochs": 100,
    "batch_size": 256,
    "patience": 100,
    "min_delta": 0.0001,
    "warmup_epochs": 5,
    "trim_every": 3,
    "trimming_threshold": 0.3,
    "trim_method": "relevance",
    "soft_trim_relaxation": 2
  },
  "n_features": 9,
  "n_train": 6800,
  "n_val": 1200,
  "n_test": 2000,
  "train_loss": 0.021612884543847417,
  "train_quality": 0.27450744323126963,
  "val_loss": 0.02811312089930136,
  "val_quality": 0.34582615708431974,
  "test_loss": 0.024363474252645203,
  "test_quality": 0.33353008390838157,
  "best_epoch": 9,
  "n_parameters": 120,
  "elbo_raw": 2664.5212706920443,
  "elbo_relative": 24585719.559691265,
  "tau_mean": 45.65649602011377,
  "success": true,
  "singular": false,
  "recovered_from_run": true,
  "run_id": "ai4i-LMPO2-L3-d18-seed19540-fold3"
}