{
  "fold": 2,
  "seed": 9536,
  "model": "BTT",
  "dataset": "realstate",
  "params": {
    "model": "BTT",
    "L": 3,
    "bond_dim": 18,
    "init_strength": 0.1,
    "bond_prior_alpha": 5.0,
    "added_bias": true,
    "n_epochs": 100,
    "batch_size": 256,
    "patience": 100,
    "min_delta": 0.0001,
    "warmup_epochs": 5,
    "trim_every": 3,
    "trimming_threshold": 0.3,
    "trim_method": "relevance",
    "soft_trim_relaxation": 2
  },
  "n_features": 7,
  "n_train": 282,
  "n_val": 49,
  "n_test": 83,
  "train_loss": 25.900004867257117,
  "train_quality": 0.8370151374604945,
  "val_loss": 26.951342994613793,
  "val_quality": 0.8532552138931185,
  "test_loss": 120.60375278166647,
  "test_quality": 0.556538677766443,
  "best_epoch": 1,
  "n_parameters": 6534,
  "elbo_raw": -20948.096495637394,
  "elbo_relative": 239934.97944152262,
  "tau_mean": 0.038850743847596944,
  "success": true,
  "singular": false,
  "recovered_from_run": true,
  "run_id": "realstate-BTT-L3-d18-seed9536-fold2"
}