{
  "fold": 0,
  "seed": 42806,
  "model": "BTT",
  "dataset": "realstate",
  "params": {
    "model": "BTT",
    "L": 3,
    "bond_dim": 18,
    "init_strength": 0.1,
    "bond_prior_alpha": 5.0,
    "added_bias": true,
    "n_epochs": 100,
    "batch_size": 256,
    "patience": 100,
    "min_delta": 0.0001,
    "warmup_epochs": 5,
    "trim_every": 3,
    "trimming_threshold": 0.3,
    "trim_method": "relevance",
    "soft_trim_relaxation": 2
  },
  "n_features": 7,
  "n_train": 282,
  "n_val": 49,
  "n_test": 83,
  "train_loss": 54.94466079935328,
  "train_quality": 0.6898471178092047,
  "val_loss": 145.03769708023017,
  "val_quality": 0.4424880870162182,
  "test_loss": 40.50287524863343,
  "test_quality": 0.7402341361002074,
  "best_epoch": 6,
  "n_parameters": 6534,
  "elbo_raw": -14057.568759561189,
  "elbo_relative": 238369.1114464836,
  "tau_mean": 0.017969668518786352,
  "success": true,
  "singular": false,
  "recovered_from_run": true,
  "run_id": "realstate-BTT-L3-d18-seed42806-fold0"
}