{
  "fold": 3,
  "seed": 19540,
  "model": "BTT",
  "dataset": "realstate",
  "params": {
    "model": "BTT",
    "L": 3,
    "bond_dim": 18,
    "init_strength": 0.1,
    "bond_prior_alpha": 5.0,
    "added_bias": true,
    "n_epochs": 100,
    "batch_size": 256,
    "patience": 100,
    "min_delta": 0.0001,
    "warmup_epochs": 5,
    "trim_every": 3,
    "trimming_threshold": 0.3,
    "trim_method": "relevance",
    "soft_trim_relaxation": 2
  },
  "n_features": 7,
  "n_train": 282,
  "n_val": 49,
  "n_test": 83,
  "train_loss": 39.30421910075257,
  "train_quality": 0.7422314284012668,
  "val_loss": 67.79470230685214,
  "val_quality": 0.7033387586690985,
  "test_loss": 109.41276804516288,
  "test_quality": 0.5859797447892467,
  "best_epoch": 2,
  "n_parameters": 6534,
  "elbo_raw": -18105.884840947037,
  "elbo_relative": 285060.25007200596,
  "tau_mean": 0.024994334240114068,
  "success": true,
  "singular": false,
  "recovered_from_run": true,
  "run_id": "realstate-BTT-L3-d18-seed19540-fold3"
}