{
  "fold": 1,
  "seed": 19540,
  "model": "BTT",
  "dataset": "realstate",
  "params": {
    "model": "BTT",
    "L": 3,
    "bond_dim": 18,
    "init_strength": 0.1,
    "bond_prior_alpha": 5.0,
    "added_bias": true,
    "n_epochs": 100,
    "batch_size": 256,
    "patience": 100,
    "min_delta": 0.0001,
    "warmup_epochs": 5,
    "trim_every": 3,
    "trimming_threshold": 0.3,
    "trim_method": "relevance",
    "soft_trim_relaxation": 2
  },
  "n_features": 7,
  "n_train": 282,
  "n_val": 49,
  "n_test": 83,
  "train_loss": 48.884367481652575,
  "train_quality": 0.7537088817903744,
  "val_loss": 31.065881783876932,
  "val_quality": 0.8302646476841454,
  "test_loss": 33.188955675252565,
  "test_quality": 0.7501069673148091,
  "best_epoch": 1,
  "n_parameters": 6534,
  "elbo_raw": -22196.49679882585,
  "elbo_relative": 284456.90230735386,
  "tau_mean": 0.020592717755635516,
  "success": true,
  "singular": false,
  "recovered_from_run": true,
  "run_id": "realstate-BTT-L3-d18-seed19540-fold1"
}