{
  "experiment_name": "kfold_obesity",
  "run_name": "obesity-MPO2-L3-d18-seed9536-fold1",
  "config": {
    "params": {
      "model": "MPO2",
      "L": 3,
      "bond_dim": 18,
      "init_strength": 0.1,
      "bond_prior_alpha": 5.0,
      "added_bias": false,
      "n_epochs": 100,
      "batch_size": 256,
      "patience": 100,
      "min_delta": 0.0001,
      "warmup_epochs": 5,
      "trim_every": 3,
      "trimming_threshold": 0.3,
      "trim_method": "relevance",
      "soft_trim_relaxation": 2
    },
    "fold": 1,
    "seed": 9536
  },
  "hparams": {
    "seed": 9536,
    "fold": 1,
    "dataset": "obesity",
    "n_features": 39,
    "n_train": 1436,
    "n_val": 253,
    "n_test": 422,
    "L": 3,
    "bond_dim": 18,
    "model": "MPO2",
    "init_strength": 0.1,
    "bond_prior_alpha": 5.0,
    "added_bias": false,
    "n_epochs": 100,
    "batch_size": 256,
    "patience": 100,
    "min_delta": 0.0001,
    "warmup_epochs": 5,
    "trim_every": 3,
    "trimming_threshold": 0.3,
    "trim_method": "relevance",
    "soft_trim_relaxation": 2
  },
  "metrics_log": [
    {
      "step": 0,
      "train_loss": 4327.842526833469,
      "train_quality": -1130.8642161718194,
      "val_loss": 4841.873264693307,
      "val_quality": -1264.5722852885965,
      "patience_counter": 0,
      "elbo_raw": -3287609.2576468065,
      "elbo_relative": 0.0,
      "e_log_p_nodes": -145672.90423734512,
      "e_log_p_bonds": -649.7555750218762,
      "e_log_p_tau": -1.0,
      "h_nodes": -9213.688347806241,
      "h_bonds": 329.49822296297384,
      "h_tau": 1.0,
      "tau_mean": 1.0,
      "bond_mean_avg": 5.0,
      "n_parameters": 14040,
      "dim_x0": 39,
      "dim_b0": 18,
      "dim_x1": 39,
      "dim_b1": 18,
      "dim_x2": 39
    },
    {
      "step": 1,
      "train_loss": 1.3011460307633074,
      "train_quality": 0.6597102082379778,
      "val_loss": 1.8388837490589918,
      "val_quality": 0.5193512548858377,
      "test_quality": 0.5545258319188271,
      "patience_counter": 0,
      "elbo_raw": -36974.77270248063,
      "elbo_relative": 3250634.484944326,
      "e_log_p_nodes": -20106.19373257501,
      "e_log_p_bonds": -649.7555750218762,
      "e_log_p_tau": -0.755011990469591,
      "h_nodes": -14305.301732042071,
      "h_bonds": 329.49822296297384,
      "h_tau": -2.15147756218812,
      "tau_mean": 0.755011990469591,
      "bond_mean_avg": 5.0,
      "n_parameters": 14040,
      "dim_x0": 39,
      "dim_b0": 18,
      "dim_x1": 39,
      "dim_b1": 18,
      "dim_x2": 39
    },
    {
      "step": 2,
      "train_loss": 1.1235853489188643,
      "train_quality": 0.7061477994240509,
      "val_loss": 1.5898689042910086,
      "val_quality": 0.5844389325129726,
      "test_quality": 0.5911731808952483,
      "patience_counter": 0,
      "elbo_raw": -36159.960902168415,
      "elbo_relative": 3251449.296744638,
      "e_log_p_nodes": -19758.551729355462,
      "e_log_p_bonds": -649.7555750218762,
      "e_log_p_tau": -0.8113945284232938,
      "h_nodes": -13889.914694861976,
      "h_bonds": 329.49822296297384,
      "h_tau": -2.0794567853554327,
      "tau_mean": 0.8113945284232938,
      "bond_mean_avg": 5.0,
      "n_parameters": 14040,
      "dim_x0": 39,
      "dim_b0": 18,
      "dim_x1": 39,
      "dim_b1": 18,
      "dim_x2": 39
    },
    {
      "step": 3,
      "train_loss": 0.9779732741119509,
      "train_quality": 0.7442298451303366,
      "val_loss": 1.499090654479567,
      "val_quality": 0.6081666161568449,
      "test_quality": 0.610193687416785,
      "patience_counter": 0,
      "elbo_raw": -35974.08085139675,
      "elbo_relative": 3251635.17679541,
      "e_log_p_nodes": -19694.1560266896,
      "e_log_p_bonds": -649.7555750218762,
      "e_log_p_tau": -0.8996587623352124,
      "h_nodes": -13842.675339149477,
      "h_bonds": 329.49822296297384,
      "h_tau": -1.976195654260664,
      "tau_mean": 0.8996587623352124,
      "bond_mean_avg": 5.0,
      "n_parameters": 14040,
      "dim_x0": 39,
      "dim_b0": 18,
      "dim_x1": 39,
      "dim_b1": 18,
      "dim_x2": 39
    },
    {
      "step": 4,
      "train_loss": 0.9014717289188853,
      "train_quality": 0.7642373571756598,
      "val_loss": 1.4160380516500723,
      "val_quality": 0.6298749646856137,
      "test_quality": 0.6235080818080905,
      "patience_counter": 0,
      "elbo_raw": -35894.61399151632,
      "elbo_relative": 3251714.6436552904,
      "e_log_p_nodes": -19677.574826011543,
      "e_log_p_bonds": -649.7555750218762,
      "e_log_p_tau": -0.9644035266953439,
      "h_nodes": -13829.756045778593,
      "h_bonds": 329.49822296297384,
      "h_tau": -1.9067013895473792,
      "tau_mean": 0.9644035266953439,
      "bond_mean_avg": 5.0,
      "n_parameters": 14040,
      "dim_x0": 39,
      "dim_b0": 18,
      "dim_x1": 39,
      "dim_b1": 18,
      "dim_x2": 39
    },
    {
      "step": 5,
      "train_loss": 0.8633025241281889,
      "train_quality": 0.7742197807029624,
      "val_loss": 1.3672968693484595,
      "val_quality": 0.6426149696590869,
      "test_quality": 0.6284994633555009,
      "patience_counter": 0,
      "elbo_raw": -35855.414730256285,
      "elbo_relative": 3251753.84291655,
      "e_log_p_nodes": -19672.455432831706,
      "e_log_p_bonds": -649.7555750218762,
      "e_log_p_tau": -1.002465087281657,
      "h_nodes": -13823.506695263839,
      "h_bonds": 329.49822296297384,
      "h_tau": -1.8679938598079389,
      "tau_mean": 1.002465087281657,
      "bond_mean_avg": 5.0,
      "n_parameters": 14040,
      "dim_x0": 39,
      "dim_b0": 18,
      "dim_x1": 39,
      "dim_b1": 18,
      "dim_x2": 39
    },
    {
      "step": 6,
      "train_loss": 0.8409753288223644,
      "train_quality": 0.7800590304578818,
      "val_loss": 1.336520893691652,
      "val_quality": 0.6506592161138605,
      "test_quality": 0.6299061993823392,
      "patience_counter": 0,
      "elbo_raw": -30162.903821133274,
      "elbo_relative": 3257446.3538256735,
      "e_log_p_nodes": -13574.047355788316,
      "e_log_p_bonds": -1001.8023041928875,
      "e_log_p_tau": -1.0260532219075242,
      "h_nodes": -13818.038555144303,
      "h_bonds": 253.45733467240683,
      "h_tau": -1.8447362951383184,
      "tau_mean": 1.0260532219075242,
      "bond_mean_avg": 8.902475336477647,
      "n_parameters": 14040,
      "dim_x0": 39,
      "dim_b0": 18,
      "dim_x1": 39,
      "dim_b1": 18,
      "dim_x2": 39
    },
    {
      "step": 7,
      "train_loss": 2.711962692833796,
      "train_quality": 0.29073816605396663,
      "val_loss": 3.474775998261773,
      "val_quality": 0.09176057269961058,
      "test_quality": 0.14459711877685755,
      "patience_counter": 1,
      "elbo_raw": -14765.104331077813,
      "elbo_relative": 3272844.1533157285,
      "e_log_p_nodes": -13349.405628980476,
      "e_log_p_bonds": -1775.6140152676876,
      "e_log_p_tau": -0.34194824869408263,
      "h_nodes": 2929.845318652825,
      "h_bonds": 242.59121357990793,
      "h_tau": -2.9435517867232193,
      "tau_mean": 0.34194824869408263,
      "bond_mean_avg": 12.231364313790188,
      "n_parameters": 14040,
      "dim_x0": 39,
      "dim_b0": 18,
      "dim_x1": 39,
      "dim_b1": 18,
      "dim_x2": 39
    },
    {
      "step": 8,
      "train_loss": 7.554824353597299,
      "train_quality": -0.9758194278747647,
      "val_loss": 8.818658662559395,
      "val_quality": -1.3050272872977207,
      "test_quality": -1.0974502100533963,
      "patience_counter": 2,
      "elbo_raw": -40.67662111725076,
      "elbo_relative": 3287568.5810256894,
      "e_log_p_nodes": -13345.075590106035,
      "e_log_p_bonds": -2337.367899277216,
      "e_log_p_tau": -0.11978176091844453,
      "h_nodes": 19000.37641593071,
      "h_bonds": 208.13436543036582,
      "h_tau": -3.9925397647266436,
      "tau_mean": 0.11978176091844453,
      "bond_mean_avg": 13.479408003989658,
      "n_parameters": 14040,
      "dim_x0": 39,
      "dim_b0": 18,
      "dim_x1": 39,