{
  "experiment_name": "kfold_obesity",
  "run_name": "obesity-MPO2-L3-d18-seed42-fold0",
  "config": {
    "params": {
      "model": "MPO2",
      "L": 3,
      "bond_dim": 18,
      "init_strength": 0.1,
      "bond_prior_alpha": 5.0,
      "added_bias": false,
      "n_epochs": 100,
      "batch_size": 256,
      "patience": 100,
      "min_delta": 0.0001,
      "warmup_epochs": 5,
      "trim_every": 3,
      "trimming_threshold": 0.3,
      "trim_method": "relevance",
      "soft_trim_relaxation": 2
    },
    "fold": 0,
    "seed": 42
  },
  "hparams": {
    "seed": 42,
    "fold": 0,
    "dataset": "obesity",
    "n_features": 39,
    "n_train": 1435,
    "n_val": 253,
    "n_test": 423,
    "L": 3,
    "bond_dim": 18,
    "model": "MPO2",
    "init_strength": 0.1,
    "bond_prior_alpha": 5.0,
    "added_bias": false,
    "n_epochs": 100,
    "batch_size": 256,
    "patience": 100,
    "min_delta": 0.0001,
    "warmup_epochs": 5,
    "trim_every": 3,
    "trimming_threshold": 0.3,
    "trim_method": "relevance",
    "soft_trim_relaxation": 2
  },
  "metrics_log": [
    {
      "step": 0,
      "train_loss": 3623.2769592731875,
      "train_quality": -940.102618773223,
      "val_loss": 3554.847596251122,
      "val_quality": -961.6283539294941,
      "patience_counter": 0,
      "elbo_raw": -2779668.2672256776,
      "elbo_relative": 0.0,
      "e_log_p_nodes": -145697.51316341065,
      "e_log_p_bonds": -649.7555750218762,
      "e_log_p_tau": -1.0,
      "h_nodes": -9213.688347806241,
      "h_bonds": 329.49822296297384,
      "h_tau": 1.0,
      "tau_mean": 1.0,
      "bond_mean_avg": 5.0,
      "n_parameters": 14040,
      "dim_x0": 39,
      "dim_b0": 18,
      "dim_x1": 39,
      "dim_b1": 18,
      "dim_x2": 39
    },
    {
      "step": 1,
      "train_loss": 1.264974596453192,
      "train_quality": 0.6714380604118921,
      "val_loss": 1.7507895127923903,
      "val_quality": 0.5258982048755876,
      "test_quality": 0.5572663353717056,
      "patience_counter": 0,
      "elbo_raw": -37068.33079846555,
      "elbo_relative": 2742599.936427212,
      "e_log_p_nodes": -20200.569655934403,
      "e_log_p_bonds": -649.7555750218762,
      "e_log_p_tau": -0.7772456067675676,
      "h_nodes": -14326.896507903753,
      "h_bonds": 329.49822296297384,
      "h_tau": -2.122107292826513,
      "tau_mean": 0.7772456067675676,
      "bond_mean_avg": 5.0,
      "n_parameters": 14040,
      "dim_x0": 39,
      "dim_b0": 18,
      "dim_x1": 39,
      "dim_b1": 18,
      "dim_x2": 39
    },
    {
      "step": 2,
      "train_loss": 1.0974062660599042,
      "train_quality": 0.7149619191533486,
      "val_loss": 1.7218515714287173,
      "val_quality": 0.5337344009731073,
      "test_quality": 0.6040234295858742,
      "patience_counter": 0,
      "elbo_raw": -36187.649778290914,
      "elbo_relative": 2743480.6174473865,
      "e_log_p_nodes": -19798.59238133015,
      "e_log_p_bonds": -649.7555750218762,
      "e_log_p_tau": -0.8307883329244261,
      "h_nodes": -13896.05811755772,
      "h_bonds": 329.49822296297384,
      "h_tau": -2.0554886407508093,
      "tau_mean": 0.8307883329244261,
      "bond_mean_avg": 5.0,
      "n_parameters": 14040,
      "dim_x0": 39,
      "dim_b0": 18,
      "dim_x1": 39,
      "dim_b1": 18,
      "dim_x2": 39
    },
    {
      "step": 3,
      "train_loss": 0.9442885313872417,
      "train_quality": 0.7547324094307388,
      "val_loss": 1.6880291148221205,
      "val_quality": 0.5428932903059146,
      "test_quality": 0.6325056047805329,
      "patience_counter": 0,
      "elbo_raw": -35987.39069872248,
      "elbo_relative": 2743680.876526955,
      "e_log_p_nodes": -19731.143188779188,
      "e_log_p_bonds": -649.7555750218762,
      "e_log_p_tau": -0.9297731346912369,
      "h_nodes": -13844.12655080642,
      "h_bonds": 329.49822296297384,
      "h_tau": -1.942923074276223,
      "tau_mean": 0.9297731346912369,
      "bond_mean_avg": 5.0,
      "n_parameters": 14040,
      "dim_x0": 39,
      "dim_b0": 18,
      "dim_x1": 39,
      "dim_b1": 18,
      "dim_x2": 39
    },
    {
      "step": 4,
      "train_loss": 0.8627549686381557,
      "train_quality": 0.7759097718801353,
      "val_loss": 1.6361104207934407,
      "val_quality": 0.5569525166490364,
      "test_quality": 0.6529850726159189,
      "patience_counter": 0,
      "elbo_raw": -35906.33209655128,
      "elbo_relative": 2743761.9351291265,
      "e_log_p_nodes": -19712.815490774105,
      "e_log_p_bonds": -649.7555750218762,
      "e_log_p_tau": -1.0056034207278775,
      "h_nodes": -13837.72785639036,
      "h_bonds": 329.49822296297384,
      "h_tau": -1.864520630523657,
      "tau_mean": 1.0056034207278775,
      "bond_mean_avg": 5.0,
      "n_parameters": 14040,
      "dim_x0": 39,
      "dim_b0": 18,
      "dim_x1": 39,
      "dim_b1": 18,
      "dim_x2": 39
    },
    {
      "step": 5,
      "train_loss": 0.8173263978240659,
      "train_quality": 0.7877092968518176,
      "val_loss": 1.587649931767565,
      "val_quality": 0.5700752847898684,
      "test_quality": 0.6673758005659989,
      "patience_counter": 0,
      "elbo_raw": -35863.201453773305,
      "elbo_relative": 2743805.0657719043,
      "e_log_p_nodes": -19705.67021622136,
      "e_log_p_bonds": -649.7555750218762,
      "e_log_p_tau": -1.0565952782574972,
      "h_nodes": -13837.28253339612,
      "h_bonds": 329.49822296297384,
      "h_tau": -1.8150566735603206,
      "tau_mean": 1.0565952782574972,
      "bond_mean_avg": 5.0,
      "n_parameters": 14040,
      "dim_x0": 39,
      "dim_b0": 18,
      "dim_x1": 39,
      "dim_b1": 18,
      "dim_x2": 39
    },
    {
      "step": 6,
      "train_loss": 0.7864558848231332,
      "train_quality": 0.7957275413731744,
      "val_loss": 1.547469670308221,
      "val_quality": 0.5809558240821449,
      "test_quality": 0.676950077624519,
      "patience_counter": 0,
      "elbo_raw": -30136.06394592736,
      "elbo_relative": 2749532.2032797504,
      "e_log_p_nodes": -13576.795684733457,
      "e_log_p_bonds": -1000.4222630670681,
      "e_log_p_tau": -1.0947253003167472,
      "h_nodes": -13837.57629172114,
      "h_bonds": 253.24980404055918,
      "h_tau": -1.779604945984829,
      "tau_mean": 1.0947253003167472,
      "bond_mean_avg": 8.885113587536567,
      "n_parameters": 14040,
      "dim_x0": 39,
      "dim_b0": 18,
      "dim_x1": 39,
      "dim_b1": 18,
      "dim_x2": 39
    },
    {
      "step": 7,
      "train_loss": 2.4289825647142296,
      "train_quality": 0.3691009883314008,
      "val_loss": 3.2485348070544697,
      "val_quality": 0.12031904903734059,
      "test_quality": 0.30056944216231396,
      "patience_counter": 1,
      "elbo_raw": -14705.095945731991,
      "elbo_relative": 2764963.1712799454,
      "e_log_p_nodes": -13350.157787745622,
      "e_log_p_bonds": -1776.3589057596864,
      "e_log_p_tau": -0.37986754566225595,
      "h_nodes": 2914.018397403638,
      "h_bonds": 242.40809234166554,
      "h_tau": -2.8380410615609435,
      "tau_mean": 0.37986754566225595,
      "bond_mean_avg": 12.225720680529605,
      "n_parameters": 14040,
      "dim_x0": 39,
      "dim_b0": 18,
      "dim_x1": 39,
      "dim_b1": 18,
      "dim_x2": 39
    },
    {
      "step": 8,
      "train_loss": 7.275535746497384,
      "train_quality": -0.889732918838301,
      "val_loss": 8.01412589368614,
      "val_quality": -1.1701703401739438,
      "test_quality": -0.8506977811924912,
      "patience_counter": 2,
      "elbo_raw": -49.275858632932795,
      "elbo_relative": 2779618.991367045,
      "e_log_p_nodes": -13344.923477338154,
      "e_log_p_bonds": -2341.3082987785656,
      "e_log_p_tau": -0.12474569696668089,
      "h_nodes": 18963.55978938312,
      "h_bonds": 208.4842264949417,
      "h_tau": -3.951586448688431,
      "tau_mean": 0.12474569696668089,
      "bond_mean_avg": 13.515747628509441,
      "n_parameters": 14040,
      "dim_x0": 39,
      "dim_b0": 18,
      "dim_x1": 39,
      "dim_b1": 18,