{
  "experiment_name": "kfold_obesity",
  "run_name": "obesity-MPO2-L3-d18-seed42-fold1",
  "config": {
    "params": {
      "model": "MPO2",
      "L": 3,
      "bond_dim": 18,
      "init_strength": 0.1,
      "bond_prior_alpha": 5.0,
      "added_bias": false,
      "n_epochs": 100,
      "batch_size": 256,
      "patience": 100,
      "min_delta": 0.0001,
      "warmup_epochs": 5,
      "trim_every": 3,
      "trimming_threshold": 0.3,
      "trim_method": "relevance",
      "soft_trim_relaxation": 2
    },
    "fold": 1,
    "seed": 42
  },
  "hparams": {
    "seed": 42,
    "fold": 1,
    "dataset": "obesity",
    "n_features": 39,
    "n_train": 1436,
    "n_val": 253,
    "n_test": 422,
    "L": 3,
    "bond_dim": 18,
    "model": "MPO2",
    "init_strength": 0.1,
    "bond_prior_alpha": 5.0,
    "added_bias": false,
    "n_epochs": 100,
    "batch_size": 256,
    "patience": 100,
    "min_delta": 0.0001,
    "warmup_epochs": 5,
    "trim_every": 3,
    "trimming_threshold": 0.3,
    "trim_method": "relevance",
    "soft_trim_relaxation": 2
  },
  "metrics_log": [
    {
      "step": 0,
      "train_loss": 3945.657033589031,
      "train_quality": -1030.6025498861688,
      "val_loss": 3550.2699949115495,
      "val_quality": -962.9497773227911,
      "patience_counter": 0,
      "elbo_raw": -3012954.3357726894,
      "elbo_relative": 0.0,
      "e_log_p_nodes": -145697.51316341065,
      "e_log_p_bonds": -649.7555750218762,
      "e_log_p_tau": -1.0,
      "h_nodes": -9213.688347806241,
      "h_bonds": 329.49822296297384,
      "h_tau": 1.0,
      "tau_mean": 1.0,
      "bond_mean_avg": 5.0,
      "n_parameters": 14040,
      "dim_x0": 39,
      "dim_b0": 18,
      "dim_x1": 39,
      "dim_b1": 18,
      "dim_x2": 39
    },
    {
      "step": 1,
      "train_loss": 1.290530244498023,
      "train_quality": 0.6625874272406294,
      "val_loss": 1.8352589706459155,
      "val_quality": 0.5017005809081121,
      "test_quality": 0.534362700009401,
      "patience_counter": 0,
      "elbo_raw": -37057.92700341691,
      "elbo_relative": 2975896.4087692727,
      "e_log_p_nodes": -20187.659157538983,
      "e_log_p_bonds": -649.7555750218762,
      "e_log_p_tau": -0.7620567532668988,
      "h_nodes": -14313.668215118252,
      "h_bonds": 329.49822296297384,
      "h_tau": -2.1421901604617233,
      "tau_mean": 0.7620567532668988,
      "bond_mean_avg": 5.0,
      "n_parameters": 14040,
      "dim_x0": 39,
      "dim_b0": 18,
      "dim_x1": 39,
      "dim_b1": 18,
      "dim_x2": 39
    },
    {
      "step": 2,
      "train_loss": 1.1506735038349793,
      "train_quality": 0.6991533449213985,
      "val_loss": 1.6354291549737316,
      "val_quality": 0.5559572731021531,
      "test_quality": 0.5791027312644104,
      "patience_counter": 0,
      "elbo_raw": -36187.03555222193,
      "elbo_relative": 2976767.3002204676,
      "e_log_p_nodes": -19786.371481972943,
      "e_log_p_bonds": -649.7555750218762,
      "e_log_p_tau": -0.7952803024165593,
      "h_nodes": -13874.746746269937,
      "h_bonds": 329.49822296297384,
      "h_tau": -2.099516558560026,
      "tau_mean": 0.7952803024165593,
      "bond_mean_avg": 5.0,
      "n_parameters": 14040,
      "dim_x0": 39,
      "dim_b0": 18,
      "dim_x1": 39,
      "dim_b1": 18,
      "dim_x2": 39
    },
    {
      "step": 3,
      "train_loss": 0.9996220928323133,
      "train_quality": 0.7386461390055598,
      "val_loss": 1.4953670921619178,
      "val_quality": 0.5939861538499067,
      "test_quality": 0.614654295170574,
      "patience_counter": 0,
      "elbo_raw": -35985.24254942513,
      "elbo_relative": 2976969.0932232644,
      "e_log_p_nodes": -19717.129024000245,
      "e_log_p_bonds": -649.7555750218762,
      "e_log_p_tau": -0.8809312368277907,
      "h_nodes": -13815.739053399868,
      "h_bonds": 329.49822296297384,
      "h_tau": -1.9972316211114958,
      "tau_mean": 0.8809312368277907,
      "bond_mean_avg": 5.0,
      "n_parameters": 14040,
      "dim_x0": 39,
      "dim_b0": 18,
      "dim_x1": 39,
      "dim_b1": 18,
      "dim_x2": 39
    },
    {
      "step": 4,
      "train_loss": 0.9105862285468153,
      "train_quality": 0.7619248030775586,
      "val_loss": 1.4159172134825357,
      "val_quality": 0.6155579478179937,
      "test_quality": 0.6411831616303396,
      "patience_counter": 0,
      "elbo_raw": -35899.345101262734,
      "elbo_relative": 2977054.9906714265,
      "e_log_p_nodes": -19698.76358814441,
      "e_log_p_bonds": -649.7555750218762,
      "e_log_p_tau": -0.9540450356505199,
      "h_nodes": -13805.533960967321,
      "h_bonds": 329.49822296297384,
      "h_tau": -1.9175003152131467,
      "tau_mean": 0.9540450356505199,
      "bond_mean_avg": 5.0,
      "n_parameters": 14040,
      "dim_x0": 39,
      "dim_b0": 18,
      "dim_x1": 39,
      "dim_b1": 18,
      "dim_x2": 39
    },
    {
      "step": 5,
      "train_loss": 0.8646018982944547,
      "train_quality": 0.7739475288084854,
      "val_loss": 1.3834142486856613,
      "val_quality": 0.624382974005631,
      "test_quality": 0.6538971411173129,
      "patience_counter": 0,
      "elbo_raw": -35856.95217736345,
      "elbo_relative": 2977097.383595326,
      "e_log_p_nodes": -19692.243978305003,
      "e_log_p_bonds": -649.7555750218762,
      "e_log_p_tau": -1.0003155948726157,
      "h_nodes": -13803.712447161615,
      "h_bonds": 329.49822296297384,
      "h_tau": -1.87014036866276,
      "tau_mean": 1.0003155948726157,
      "bond_mean_avg": 5.0,
      "n_parameters": 14040,
      "dim_x0": 39,
      "dim_b0": 18,
      "dim_x1": 39,
      "dim_b1": 18,
      "dim_x2": 39
    },
    {
      "step": 6,
      "train_loss": 0.8378037445615022,
      "train_quality": 0.7809539775413112,
      "val_loss": 1.3701538864514216,
      "val_quality": 0.6279833546080178,
      "test_quality": 0.6602732759776773,
      "patience_counter": 0,
      "elbo_raw": -30141.48324622917,
      "elbo_relative": 2982812.8525264603,
      "e_log_p_nodes": -13573.754229663991,
      "e_log_p_bonds": -999.6307063058168,
      "e_log_p_tau": -1.0295203554847472,
      "h_nodes": -13801.21397964088,
      "h_bonds": 253.163317791784,
      "h_tau": -1.8413628942507785,
      "tau_mean": 1.0295203554847472,
      "bond_mean_avg": 8.87760890268111,
      "n_parameters": 14040,
      "dim_x0": 39,
      "dim_b0": 18,
      "dim_x1": 39,
      "dim_b1": 18,
      "dim_x2": 39
    },
    {
      "step": 7,
      "train_loss": 2.420466948011061,
      "train_quality": 0.3671624638870019,
      "val_loss": 3.2282353336676524,
      "val_quality": 0.12348730223487481,
      "test_quality": 0.16976015669506506,
      "patience_counter": 1,
      "elbo_raw": -14672.433215163714,
      "elbo_relative": 2998281.902557526,
      "e_log_p_nodes": -13349.40558962903,
      "e_log_p_bonds": -1775.1493965943896,
      "e_log_p_tau": -0.37952691671634203,
      "h_nodes": 2947.1668860490563,
      "h_bonds": 242.50873981339845,
      "h_tau": -2.8392856716181996,
      "tau_mean": 0.37952691671634203,
      "bond_mean_avg": 12.225257251168646,
      "n_parameters": 14040,
      "dim_x0": 39,
      "dim_b0": 18,
      "dim_x1": 39,
      "dim_b1": 18,
      "dim_x2": 39
    },
    {
      "step": 8,
      "train_loss": 7.058732098630156,
      "train_quality": -0.8455243245727755,
      "val_loss": 8.317607544703332,
      "val_quality": -1.2583510414888592,
      "test_quality": -1.092433287819385,
      "patience_counter": 2,
      "elbo_raw": -39.21724583892865,
      "elbo_relative": 3012915.1185268504,
      "e_log_p_nodes": -13344.656405947071,
      "e_log_p_bonds": -2339.6526929259326,
      "e_log_p_tau": -0.12825109043711952,
      "h_nodes": 18954.191570506417,
      "h_bonds": 208.52326475959313,
      "h_tau": -3.9242212062790713,
      "tau_mean": 0.12825109043711952,
      "bond_mean_avg": 13.509794470020386,
      "n_parameters": 14040,
      "dim_x0": 39,
      "dim_b0": 18,
      "dim_x1": 39,
      "dim_b1": 18,