{
  "experiment_name": "kfold_obesity",
  "run_name": "obesity-MPO2-L3-d18-seed47659-fold3",
  "config": {
    "params": {
      "model": "MPO2",
      "L": 3,
      "bond_dim": 18,
      "init_strength": 0.1,
      "bond_prior_alpha": 5.0,
      "added_bias": false,
      "n_epochs": 100,
      "batch_size": 256,
      "patience": 100,
      "min_delta": 0.0001,
      "warmup_epochs": 5,
      "trim_every": 3,
      "trimming_threshold": 0.3,
      "trim_method": "relevance",
      "soft_trim_relaxation": 2
    },
    "fold": 3,
    "seed": 47659
  },
  "hparams": {
    "seed": 47659,
    "fold": 3,
    "dataset": "obesity",
    "n_features": 39,
    "n_train": 1436,
    "n_val": 253,
    "n_test": 422,
    "L": 3,
    "bond_dim": 18,
    "model": "MPO2",
    "init_strength": 0.1,
    "bond_prior_alpha": 5.0,
    "added_bias": false,
    "n_epochs": 100,
    "batch_size": 256,
    "patience": 100,
    "min_delta": 0.0001,
    "warmup_epochs": 5,
    "trim_every": 3,
    "trimming_threshold": 0.3,
    "trim_method": "relevance",
    "soft_trim_relaxation": 2
  },
  "metrics_log": [
    {
      "step": 0,
      "train_loss": 7006.553910410403,
      "train_quality": -1843.466880571885,
      "val_loss": 9060.39140565074,
      "val_quality": -2496.9178948551003,
      "patience_counter": 0,
      "elbo_raw": -5210773.528123638,
      "elbo_relative": 0.0,
      "e_log_p_nodes": -145612.13447672906,
      "e_log_p_bonds": -649.7555750218762,
      "e_log_p_tau": -1.0,
      "h_nodes": -9213.688347806241,
      "h_bonds": 329.49822296297384,
      "h_tau": 1.0,
      "tau_mean": 1.0,
      "bond_mean_avg": 5.0,
      "n_parameters": 14040,
      "dim_x0": 39,
      "dim_b0": 18,
      "dim_x1": 39,
      "dim_b1": 18,
      "dim_x2": 39
    },
    {
      "step": 1,
      "train_loss": 1.2287330355134853,
      "train_quality": 0.6765375078750473,
      "val_loss": 1.8003417324680646,
      "val_quality": 0.5036521460229986,
      "test_quality": 0.528278694518977,
      "patience_counter": 0,
      "elbo_raw": -36932.11865854011,
      "elbo_relative": 5173841.409465098,
      "e_log_p_nodes": -20152.47002307124,
      "e_log_p_bonds": -649.7555750218762,
      "e_log_p_tau": -0.7980790362179868,
      "h_nodes": -14256.257056546734,
      "h_bonds": 329.49822296297384,
      "h_tau": -2.096003557302538,
      "tau_mean": 0.7980790362179868,
      "bond_mean_avg": 5.0,
      "n_parameters": 14040,
      "dim_x0": 39,
      "dim_b0": 18,
      "dim_x1": 39,
      "dim_b1": 18,
      "dim_x2": 39
    },
    {
      "step": 2,
      "train_loss": 1.0173576649255196,
      "train_quality": 0.7321818196727246,
      "val_loss": 1.5585978435141448,
      "val_quality": 0.5703000819844903,
      "test_quality": 0.5656101827275619,
      "patience_counter": 0,
      "elbo_raw": -36145.69093667989,
      "elbo_relative": 5174627.837186958,
      "e_log_p_nodes": -19820.08535509845,
      "e_log_p_bonds": -649.7555750218762,
      "e_log_p_tau": -0.8929922347476595,
      "h_nodes": -13883.008387374346,
      "h_bonds": 329.49822296297384,
      "h_tau": -1.9836333075800212,
      "tau_mean": 0.8929922347476595,
      "bond_mean_avg": 5.0,
      "n_parameters": 14040,
      "dim_x0": 39,
      "dim_b0": 18,
      "dim_x1": 39,
      "dim_b1": 18,
      "dim_x2": 39
    },
    {
      "step": 3,
      "train_loss": 0.8896128475286819,
      "train_quality": 0.7658104890394274,
      "val_loss": 1.4201475783572723,
      "val_quality": 0.6084703308621597,
      "test_quality": 0.5834241227261506,
      "patience_counter": 0,
      "elbo_raw": -35976.158837895215,
      "elbo_relative": 5174797.369285743,
      "e_log_p_nodes": -19757.600858697548,
      "e_log_p_bonds": -649.7555750218762,
      "e_log_p_tau": -0.9899974056696497,
      "h_nodes": -13850.107043163678,
      "h_bonds": 329.49822296297384,
      "h_tau": -1.8805088701383283,
      "tau_mean": 0.9899974056696497,
      "bond_mean_avg": 5.0,
      "n_parameters": 14040,
      "dim_x0": 39,
      "dim_b0": 18,
      "dim_x1": 39,
      "dim_b1": 18,
      "dim_x2": 39
    },
    {
      "step": 4,
      "train_loss": 0.8259884682434977,
      "train_quality": 0.7825595302783882,
      "val_loss": 1.3553886567979452,
      "val_quality": 0.6263241367047718,
      "test_quality": 0.593411739861953,
      "patience_counter": 0,
      "elbo_raw": -35903.89564077378,
      "elbo_relative": 5174869.632482864,
      "e_log_p_nodes": -19738.523475833445,
      "e_log_p_bonds": -649.7555750218762,
      "e_log_p_tau": -1.0552457573440768,
      "h_nodes": -13842.812527280983,
      "h_bonds": 329.49822296297384,
      "h_tau": -1.8166822285957096,
      "tau_mean": 1.0552457573440768,
      "bond_mean_avg": 5.0,
      "n_parameters": 14040,
      "dim_x0": 39,
      "dim_b0": 18,
      "dim_x1": 39,
      "dim_b1": 18,
      "dim_x2": 39
    },
    {
      "step": 5,
      "train_loss": 0.7904818334350016,
      "train_quality": 0.7919066091394422,
      "val_loss": 1.3176353764771287,
      "val_quality": 0.6367325826847141,
      "test_quality": 0.5999055270204999,
      "patience_counter": 0,
      "elbo_raw": -35864.00517065532,
      "elbo_relative": 5174909.522952982,
      "e_log_p_nodes": -19730.116927711046,
      "e_log_p_bonds": -649.7555750218762,
      "e_log_p_tau": -1.0975711835031354,
      "h_nodes": -13839.604137378017,
      "h_bonds": 329.49822296297384,
      "h_tau": -1.777356190197679,
      "tau_mean": 1.0975711835031354,
      "bond_mean_avg": 5.0,
      "n_parameters": 14040,
      "dim_x0": 39,
      "dim_b0": 18,
      "dim_x1": 39,
      "dim_b1": 18,
      "dim_x2": 39
    },
    {
      "step": 6,
      "train_loss": 0.766725671459887,
      "train_quality": 0.798160390175437,
      "val_loss": 1.2879978609418572,
      "val_quality": 0.644903540991044,
      "test_quality": 0.6051676811852054,
      "patience_counter": 0,
      "elbo_raw": -30116.64387796497,
      "elbo_relative": 5180656.884245672,
      "e_log_p_nodes": -13578.360246865564,
      "e_log_p_bonds": -999.2009971378022,
      "e_log_p_tau": -1.1283556153024417,
      "h_nodes": -13837.648233881184,
      "h_bonds": 252.70352387759232,
      "h_tau": -1.7496945485618198,
      "tau_mean": 1.1283556153024417,
      "bond_mean_avg": 8.852370214819825,
      "n_parameters": 14040,
      "dim_x0": 39,
      "dim_b0": 18,
      "dim_x1": 39,
      "dim_b1": 18,
      "dim_x2": 39
    },
    {
      "step": 7,
      "train_loss": 2.5777514685410003,
      "train_quality": 0.3214100296859175,
      "val_loss": 3.2635810991752066,
      "val_quality": 0.10024222310568942,
      "test_quality": 0.1445849749147503,
      "patience_counter": 1,
      "elbo_raw": -14664.151235060897,
      "elbo_relative": 5196109.376888577,
      "e_log_p_nodes": -13351.252021252109,
      "e_log_p_bonds": -1776.6728870713323,
      "e_log_p_tau": -0.3610369857162236,
      "h_nodes": 2995.082156399742,
      "h_bonds": 242.15609558865947,
      "h_tau": -2.8892307861351583,
      "tau_mean": 0.3610369857162236,
      "bond_mean_avg": 12.215685558684998,
      "n_parameters": 14040,
      "dim_x0": 39,
      "dim_b0": 18,
      "dim_x1": 39,
      "dim_b1": 18,
      "dim_x2": 39
    },
    {
      "step": 8,
      "train_loss": 8.236858976679162,
      "train_quality": -1.168343207900337,
      "val_loss": 9.004591341467203,
      "val_quality": -1.4825340143340902,
      "test_quality": -1.2039714352172313,
      "patience_counter": 2,
      "elbo_raw": 23.849559693204355,
      "elbo_relative": 5210797.377683331,
      "e_log_p_nodes": -13345.639483387888,
      "e_log_p_bonds": -2340.0967501723944,
      "e_log_p_tau": -0.11124991991814398,
      "h_nodes": 19121.738050208638,
      "h_bonds": 207.71974758546514,
      "h_tau": -4.066431991518584,
      "tau_mean": 0.11124991991814398,
      "bond_mean_avg": 13.473533548762912,
      "n_parameters": 14040,
      "dim_x0": 39,
      "dim_b0": 18,
      "dim_x1": 39,
      "dim_b1": 18,