{
  "experiment_name": "kfold_obesity",
  "run_name": "obesity-MPO2-L3-d18-seed9536-fold2",
  "config": {
    "params": {
      "model": "MPO2",
      "L": 3,
      "bond_dim": 18,
      "init_strength": 0.1,
      "bond_prior_alpha": 5.0,
      "added_bias": false,
      "n_epochs": 100,
      "batch_size": 256,
      "patience": 100,
      "min_delta": 0.0001,
      "warmup_epochs": 5,
      "trim_every": 3,
      "trimming_threshold": 0.3,
      "trim_method": "relevance",
      "soft_trim_relaxation": 2
    },
    "fold": 2,
    "seed": 9536
  },
  "hparams": {
    "seed": 9536,
    "fold": 2,
    "dataset": "obesity",
    "n_features": 39,
    "n_train": 1436,
    "n_val": 253,
    "n_test": 422,
    "L": 3,
    "bond_dim": 18,
    "model": "MPO2",
    "init_strength": 0.1,
    "bond_prior_alpha": 5.0,
    "added_bias": false,
    "n_epochs": 100,
    "batch_size": 256,
    "patience": 100,
    "min_delta": 0.0001,
    "warmup_epochs": 5,
    "trim_every": 3,
    "trimming_threshold": 0.3,
    "trim_method": "relevance",
    "soft_trim_relaxation": 2
  },
  "metrics_log": [
    {
      "step": 0,
      "train_loss": 4285.142564722155,
      "train_quality": -1129.1072599840077,
      "val_loss": 4855.837263353229,
      "val_quality": -1300.7870824920917,
      "patience_counter": 0,
      "elbo_raw": -3256703.8881372237,
      "elbo_relative": 0.0,
      "e_log_p_nodes": -145672.90423734512,
      "e_log_p_bonds": -649.7555750218762,
      "e_log_p_tau": -1.0,
      "h_nodes": -9213.688347806241,
      "h_bonds": 329.49822296297384,
      "h_tau": 1.0,
      "tau_mean": 1.0,
      "bond_mean_avg": 5.0,
      "n_parameters": 14040,
      "dim_x0": 39,
      "dim_b0": 18,
      "dim_x1": 39,
      "dim_b1": 18,
      "dim_x2": 39
    },
    {
      "step": 1,
      "train_loss": 1.3350153489911218,
      "train_quality": 0.6479205731670274,
      "val_loss": 1.9495061370769018,
      "val_quality": 0.47736265264926836,
      "test_quality": 0.5094349394491158,
      "patience_counter": 0,
      "elbo_raw": -36943.18324565589,
      "elbo_relative": 3219760.7048915676,
      "e_log_p_nodes": -20080.82928139653,
      "e_log_p_bonds": -649.7555750218762,
      "e_log_p_tau": -0.7358861721549338,
      "h_nodes": -14280.628521827926,
      "h_bonds": 329.49822296297384,
      "h_tau": -2.1771357433581215,
      "tau_mean": 0.7358861721549338,
      "bond_mean_avg": 5.0,
      "n_parameters": 14040,
      "dim_x0": 39,
      "dim_b0": 18,
      "dim_x1": 39,
      "dim_b1": 18,
      "dim_x2": 39
    },
    {
      "step": 2,
      "train_loss": 1.2037581748699817,
      "train_quality": 0.6825366175946889,
      "val_loss": 1.61470930441279,
      "val_quality": 0.5671173475420785,
      "test_quality": 0.5596025101329762,
      "patience_counter": 0,
      "elbo_raw": -36161.45124722597,
      "elbo_relative": 3220542.4368899977,
      "e_log_p_nodes": -19744.841618386243,
      "e_log_p_bonds": -649.7555750218762,
      "e_log_p_tau": -0.7608500970628236,
      "h_nodes": -13858.870718092223,
      "h_bonds": 329.49822296297384,
      "h_tau": -2.143774835790282,
      "tau_mean": 0.7608500970628236,
      "bond_mean_avg": 5.0,
      "n_parameters": 14040,
      "dim_x0": 39,
      "dim_b0": 18,
      "dim_x1": 39,
      "dim_b1": 18,
      "dim_x2": 39
    },
    {
      "step": 3,
      "train_loss": 1.0805989407312122,
      "train_quality": 0.7150170176122128,
      "val_loss": 1.4526725433137089,
      "val_quality": 0.6105573046591704,
      "test_quality": 0.6028804677459527,
      "patience_counter": 0,
      "elbo_raw": -35990.221228789655,
      "elbo_relative": 3220713.666908434,
      "e_log_p_nodes": -19685.47108334946,
      "e_log_p_bonds": -649.7555750218762,
      "e_log_p_tau": -0.8187620191920156,
      "h_nodes": -13799.754986699987,
      "h_bonds": 329.49822296297384,
      "h_tau": -2.0704177259567587,
      "tau_mean": 0.8187620191920156,
      "bond_mean_avg": 5.0,
      "n_parameters": 14040,
      "dim_x0": 39,
      "dim_b0": 18,
      "dim_x1": 39,
      "dim_b1": 18,
      "dim_x2": 39
    },
    {
      "step": 4,
      "train_loss": 1.0133040160422115,
      "train_quality": 0.7327644978424411,
      "val_loss": 1.334863457077695,
      "val_quality": 0.6421403949368569,
      "test_quality": 0.6281295358600403,
      "patience_counter": 0,
      "elbo_raw": -35914.25720797579,
      "elbo_relative": 3220789.630929248,
      "e_log_p_nodes": -19668.703197021692,
      "e_log_p_bonds": -649.7555750218762,
      "e_log_p_tau": -0.8620595245778372,
      "h_nodes": -13777.60952857725,
      "h_bonds": 329.49822296297384,
      "h_tau": -2.018886870413553,
      "tau_mean": 0.8620595245778372,
      "bond_mean_avg": 5.0,
      "n_parameters": 14040,
      "dim_x0": 39,
      "dim_b0": 18,
      "dim_x1": 39,
      "dim_b1": 18,
      "dim_x2": 39
    },
    {
      "step": 5,
      "train_loss": 0.9791261890982998,
      "train_quality": 0.7417781093562732,
      "val_loss": 1.2579178985870223,
      "val_quality": 0.6627685026484252,
      "test_quality": 0.6402551209616414,
      "patience_counter": 0,
      "elbo_raw": -35874.27006140592,
      "elbo_relative": 3220829.618075818,
      "e_log_p_nodes": -19662.425340376845,
      "e_log_p_bonds": -649.7555750218762,
      "e_log_p_tau": -0.8875262393516933,
      "h_nodes": -13764.833038939725,
      "h_bonds": 329.49822296297384,
      "h_tau": -1.9897731063483661,
      "tau_mean": 0.8875262393516933,
      "bond_mean_avg": 5.0,
      "n_parameters": 14040,
      "dim_x0": 39,
      "dim_b0": 18,
      "dim_x1": 39,
      "dim_b1": 18,
      "dim_x2": 39
    },
    {
      "step": 6,
      "train_loss": 0.955631159894,
      "train_quality": 0.7479743799998468,
      "val_loss": 1.202732675378909,
      "val_quality": 0.6775629462882344,
      "test_quality": 0.6481096827228909,
      "patience_counter": 0,
      "elbo_raw": -30188.135206407354,
      "elbo_relative": 3226515.7529308163,
      "e_log_p_nodes": -13574.281209881576,
      "e_log_p_bonds": -999.6766035008369,
      "e_log_p_tau": -0.9061216692344346,
      "h_nodes": -13755.636882668792,
      "h_bonds": 253.30515997655962,
      "h_tau": -1.9690376029484469,
      "tau_mean": 0.9061216692344346,
      "bond_mean_avg": 8.884540575829735,
      "n_parameters": 14040,
      "dim_x0": 39,
      "dim_b0": 18,
      "dim_x1": 39,
      "dim_b1": 18,
      "dim_x2": 39
    },
    {
      "step": 7,
      "train_loss": 2.9134074150336486,
      "train_quality": 0.23165616515859178,
      "val_loss": 3.6750954089951593,
      "val_quality": 0.014754516906496318,
      "test_quality": 0.08240030787749553,
      "patience_counter": 1,
      "elbo_raw": -14721.699799696387,
      "elbo_relative": 3241982.188337527,
      "e_log_p_nodes": -13349.906360776571,
      "e_log_p_bonds": -1773.6441532126864,
      "e_log_p_tau": -0.31691954404545636,
      "h_nodes": 3026.547682933707,
      "h_bonds": 242.47667790578464,
      "h_tau": -3.019563255336834,
      "tau_mean": 0.31691954404545636,
      "bond_mean_avg": 12.216087088931351,
      "n_parameters": 14040,
      "dim_x0": 39,
      "dim_b0": 18,
      "dim_x1": 39,
      "dim_b1": 18,
      "dim_x2": 39
    },
    {
      "step": 8,
      "train_loss": 7.269815592379098,
      "train_quality": -0.9172457521784356,
      "val_loss": 8.781163252553815,
      "val_quality": -1.3541161434094082,
      "test_quality": -1.1295149981426444,
      "patience_counter": 2,
      "elbo_raw": 13.190351221237506,
      "elbo_relative": 3256717.078488445,
      "e_log_p_nodes": -13344.83113123251,
      "e_log_p_bonds": -2338.537069402725,
      "e_log_p_tau": -0.12260798718690988,
      "h_nodes": 19038.015812260408,
      "h_bonds": 208.5187030431679,
      "h_tau": -3.9692190230043707,
      "tau_mean": 0.12260798718690988,
      "bond_mean_avg": 13.503928490326368,
      "n_parameters": 14040,
      "dim_x0": 39,
      "dim_b0": 18,
      "dim_x1": 39,