{
  "experiment_name": "kfold_obesity",
  "run_name": "obesity-MPO2-L3-d18-seed47659-fold2",
  "config": {
    "params": {
      "model": "MPO2",
      "L": 3,
      "bond_dim": 18,
      "init_strength": 0.1,
      "bond_prior_alpha": 5.0,
      "added_bias": false,
      "n_epochs": 100,
      "batch_size": 256,
      "patience": 100,
      "min_delta": 0.0001,
      "warmup_epochs": 5,
      "trim_every": 3,
      "trimming_threshold": 0.3,
      "trim_method": "relevance",
      "soft_trim_relaxation": 2
    },
    "fold": 2,
    "seed": 47659
  },
  "hparams": {
    "seed": 47659,
    "fold": 2,
    "dataset": "obesity",
    "n_features": 39,
    "n_train": 1436,
    "n_val": 253,
    "n_test": 422,
    "L": 3,
    "bond_dim": 18,
    "model": "MPO2",
    "init_strength": 0.1,
    "bond_prior_alpha": 5.0,
    "added_bias": false,
    "n_epochs": 100,
    "batch_size": 256,
    "patience": 100,
    "min_delta": 0.0001,
    "warmup_epochs": 5,
    "trim_every": 3,
    "trimming_threshold": 0.3,
    "trim_method": "relevance",
    "soft_trim_relaxation": 2
  },
  "metrics_log": [
    {
      "step": 0,
      "train_loss": 7575.979132494229,
      "train_quality": -2009.0283052978025,
      "val_loss": 5314.877731956322,
      "val_quality": -1461.3704359806395,
      "patience_counter": 0,
      "elbo_raw": -5619481.609619373,
      "elbo_relative": 0.0,
      "e_log_p_nodes": -145612.13447672906,
      "e_log_p_bonds": -649.7555750218762,
      "e_log_p_tau": -1.0,
      "h_nodes": -9213.688347806241,
      "h_bonds": 329.49822296297384,
      "h_tau": 1.0,
      "tau_mean": 1.0,
      "bond_mean_avg": 5.0,
      "n_parameters": 14040,
      "dim_x0": 39,
      "dim_b0": 18,
      "dim_x1": 39,
      "dim_b1": 18,
      "dim_x2": 39
    },
    {
      "step": 1,
      "train_loss": 1.297058969844841,
      "train_quality": 0.6558695321841259,
      "val_loss": 2.145762692856026,
      "val_quality": 0.40960073158487387,
      "test_quality": 0.611148098587072,
      "patience_counter": 0,
      "elbo_raw": -36979.102880465274,
      "elbo_relative": 5582502.506738909,
      "e_log_p_nodes": -20137.25847122912,
      "e_log_p_bonds": -649.7555750218762,
      "e_log_p_tau": -0.7567721215607147,
      "h_nodes": -14280.241283369132,
      "h_bonds": 329.49822296297384,
      "h_tau": -2.1491490129301383,
      "tau_mean": 0.7567721215607147,
      "bond_mean_avg": 5.0,
      "n_parameters": 14040,
      "dim_x0": 39,
      "dim_b0": 18,
      "dim_x1": 39,
      "dim_b1": 18,
      "dim_x2": 39
    },
    {
      "step": 2,
      "train_loss": 1.0787532685590253,
      "train_quality": 0.7137895226062629,
      "val_loss": 1.8494903320524985,
      "val_quality": 0.4911190586824553,
      "test_quality": 0.6691387187812584,
      "patience_counter": 0,
      "elbo_raw": -36150.2222298817,
      "elbo_relative": 5583331.387389491,
      "e_log_p_nodes": -19786.01301412071,
      "e_log_p_bonds": -649.7555750218762,
      "e_log_p_tau": -0.8422077176213992,
      "h_nodes": -13879.513629649846,
      "h_bonds": 329.49822296297384,
      "h_tau": -2.0421845133969327,
      "tau_mean": 0.8422077176213992,
      "bond_mean_avg": 5.0,
      "n_parameters": 14040,
      "dim_x0": 39,
      "dim_b0": 18,
      "dim_x1": 39,
      "dim_b1": 18,
      "dim_x2": 39
    },
    {
      "step": 3,
      "train_loss": 0.9399387315794452,
      "train_quality": 0.7506192371073248,
      "val_loss": 1.711489949746537,
      "val_quality": 0.529089392040243,
      "test_quality": 0.7067416458712166,
      "patience_counter": 0,
      "elbo_raw": -35975.69641807997,
      "elbo_relative": 5583505.913201294,
      "e_log_p_nodes": -19728.339955687297,
      "e_log_p_bonds": -649.7555750218762,
      "e_log_p_tau": -0.9354932934319363,
      "h_nodes": -13838.189831812566,
      "h_bonds": 329.49822296297384,
      "h_tau": -1.9371372160057945,
      "tau_mean": 0.9354932934319363,
      "bond_mean_avg": 5.0,
      "n_parameters": 14040,
      "dim_x0": 39,
      "dim_b0": 18,
      "dim_x1": 39,
      "dim_b1": 18,
      "dim_x2": 39
    },
    {
      "step": 4,
      "train_loss": 0.8793893602997355,
      "train_quality": 0.7666839527053644,
      "val_loss": 1.6257878505945236,
      "val_quality": 0.5526700315999897,
      "test_quality": 0.7247832286021982,
      "patience_counter": 0,
      "elbo_raw": -35909.50641272148,
      "elbo_relative": 5583572.103206652,
      "e_log_p_nodes": -19712.53773702528,
      "e_log_p_bonds": -649.7555750218762,
      "e_log_p_tau": -0.9903470913780569,
      "h_nodes": -13828.771788306636,
      "h_bonds": 329.49822296297384,
      "h_tau": -1.8801557136921474,
      "tau_mean": 0.9903470913780569,
      "bond_mean_avg": 5.0,
      "n_parameters": 14040,
      "dim_x0": 39,
      "dim_b0": 18,
      "dim_x1": 39,
      "dim_b1": 18,
      "dim_x2": 39
    },
    {
      "step": 5,
      "train_loss": 0.851476935093495,
      "train_quality": 0.7740895650695024,
      "val_loss": 1.5841986705593414,
      "val_quality": 0.5641131522901321,
      "test_quality": 0.7318391927790793,
      "patience_counter": 0,
      "elbo_raw": -35875.6001788954,
      "elbo_relative": 5583606.009440478,
      "e_log_p_nodes": -19705.82803965359,
      "e_log_p_bonds": -649.7555750218762,
      "e_log_p_tau": -1.0183278017083268,
      "h_nodes": -13821.607738844534,
      "h_bonds": 329.49822296297384,
      "h_tau": -1.8522940418424696,
      "tau_mean": 1.0183278017083268,
      "bond_mean_avg": 5.0,
      "n_parameters": 14040,
      "dim_x0": 39,
      "dim_b0": 18,
      "dim_x1": 39,
      "dim_b1": 18,
      "dim_x2": 39
    },
    {
      "step": 6,
      "train_loss": 0.8339816415012189,
      "train_quality": 0.7787313459819047,
      "val_loss": 1.5599561149074652,
      "val_quality": 0.5707834085906227,
      "test_quality": 0.7353287057606529,
      "patience_counter": 0,
      "elbo_raw": -30152.329581983417,
      "elbo_relative": 5589329.28003739,
      "e_log_p_nodes": -13574.8849347333,
      "e_log_p_bonds": -1000.7654301983566,
      "e_log_p_tau": -1.036107766619965,
      "h_nodes": -13814.290249898035,
      "h_bonds": 253.07277430718221,
      "h_tau": -1.8349847534846049,
      "tau_mean": 1.036107766619965,
      "bond_mean_avg": 8.878346709140734,
      "n_parameters": 14040,
      "dim_x0": 39,
      "dim_b0": 18,
      "dim_x1": 39,
      "dim_b1": 18,
      "dim_x2": 39
    },
    {
      "step": 7,
      "train_loss": 2.729386961760474,
      "train_quality": 0.2758500316191965,
      "val_loss": 3.6910295653510437,
      "val_quality": -0.015574164998344298,
      "test_quality": 0.2457935617098469,
      "patience_counter": 1,
      "elbo_raw": -14728.292524141889,
      "elbo_relative": 5604753.317095231,
      "e_log_p_nodes": -13349.254773312874,
      "e_log_p_bonds": -1777.5680323455326,
      "e_log_p_tau": -0.33989693692892875,
      "h_nodes": 2972.7263463508525,
      "h_bonds": 242.65154472423,
      "h_tau": -2.949568747749254,
      "tau_mean": 0.33989693692892875,
      "bond_mean_avg": 12.24428655150374,
      "n_parameters": 14040,
      "dim_x0": 39,
      "dim_b0": 18,
      "dim_x1": 39,
      "dim_b1": 18,
      "dim_x2": 39
    },
    {
      "step": 8,
      "train_loss": 7.668698446532999,
      "train_quality": -1.0346282206891169,
      "val_loss": 8.927345777406636,
      "val_quality": -1.4563286673860496,
      "test_quality": -0.9775806895870196,
      "patience_counter": 2,
      "elbo_raw": -75.91629552200175,
      "elbo_relative": 5619405.693323852,
      "e_log_p_nodes": -13344.450920930154,
      "e_log_p_bonds": -2340.1057537423367,
      "e_log_p_tau": -0.11773753039028127,
      "h_nodes": 18979.194143746467,
      "h_bonds": 208.56685916914293,
      "h_tau": -4.009753364460266,
      "tau_mean": 0.11773753039028127,
      "bond_mean_avg": 13.514221866202107,
      "n_parameters": 14040,
      "dim_x0": 39,
      "dim_b0": 18,
      "dim_x1": 39,
      "dim_b1": 18,