{
  "experiment_name": "kfold_obesity",
  "run_name": "obesity-MPO2-L3-d18-seed42-fold3",
  "config": {
    "params": {
      "model": "MPO2",
      "L": 3,
      "bond_dim": 18,
      "init_strength": 0.1,
      "bond_prior_alpha": 5.0,
      "added_bias": false,
      "n_epochs": 100,
      "batch_size": 256,
      "patience": 100,
      "min_delta": 0.0001,
      "warmup_epochs": 5,
      "trim_every": 3,
      "trimming_threshold": 0.3,
      "trim_method": "relevance",
      "soft_trim_relaxation": 2
    },
    "fold": 3,
    "seed": 42
  },
  "hparams": {
    "seed": 42,
    "fold": 3,
    "dataset": "obesity",
    "n_features": 39,
    "n_train": 1436,
    "n_val": 253,
    "n_test": 422,
    "L": 3,
    "bond_dim": 18,
    "model": "MPO2",
    "init_strength": 0.1,
    "bond_prior_alpha": 5.0,
    "added_bias": false,
    "n_epochs": 100,
    "batch_size": 256,
    "patience": 100,
    "min_delta": 0.0001,
    "warmup_epochs": 5,
    "trim_every": 3,
    "trimming_threshold": 0.3,
    "trim_method": "relevance",
    "soft_trim_relaxation": 2
  },
  "metrics_log": [
    {
      "step": 0,
      "train_loss": 3970.585713913247,
      "train_quality": -1056.360465357016,
      "val_loss": 3158.698872787568,
      "val_quality": -872.8909421091591,
      "patience_counter": 0,
      "elbo_raw": -3031126.9184169997,
      "elbo_relative": 0.0,
      "e_log_p_nodes": -145697.51316341065,
      "e_log_p_bonds": -649.7555750218762,
      "e_log_p_tau": -1.0,
      "h_nodes": -9213.688347806241,
      "h_bonds": 329.49822296297384,
      "h_tau": 1.0,
      "tau_mean": 1.0,
      "bond_mean_avg": 5.0,
      "n_parameters": 14040,
      "dim_x0": 39,
      "dim_b0": 18,
      "dim_x1": 39,
      "dim_b1": 18,
      "dim_x2": 39
    },
    {
      "step": 1,
      "train_loss": 1.191803898030723,
      "train_quality": 0.6826245760618268,
      "val_loss": 1.7420818863397984,
      "val_quality": 0.5180326956772328,
      "test_quality": 0.4909504720837894,
      "patience_counter": 0,
      "elbo_raw": -37005.39438782047,
      "elbo_relative": 2994121.5240291795,
      "e_log_p_nodes": -20178.972344973205,
      "e_log_p_bonds": -649.7555750218762,
      "e_log_p_tau": -0.82450796579857,
      "h_nodes": -14326.455071901619,
      "h_bonds": 329.49822296297384,
      "h_tau": -2.0634243894055544,
      "tau_mean": 0.82450796579857,
      "bond_mean_avg": 5.0,
      "n_parameters": 14040,
      "dim_x0": 39,
      "dim_b0": 18,
      "dim_x1": 39,
      "dim_b1": 18,
      "dim_x2": 39
    },
    {
      "step": 2,
      "train_loss": 1.0309876882956273,
      "train_quality": 0.7254496690365524,
      "val_loss": 1.5238599400798079,
      "val_quality": 0.5784063463119771,
      "test_quality": 0.550237627619637,
      "patience_counter": 0,
      "elbo_raw": -36160.69494914978,
      "elbo_relative": 2994966.22346785,
      "e_log_p_nodes": -19802.7619093986,
      "e_log_p_bonds": -649.7555750218762,
      "e_log_p_tau": -0.8851085934214206,
      "h_nodes": -13908.959943088748,
      "h_bonds": 329.49822296297384,
      "h_tau": -1.9925008508162136,
      "tau_mean": 0.8851085934214206,
      "bond_mean_avg": 5.0,
      "n_parameters": 14040,
      "dim_x0": 39,
      "dim_b0": 18,
      "dim_x1": 39,
      "dim_b1": 18,
      "dim_x2": 39
    },
    {
      "step": 3,
      "train_loss": 0.8853460516550545,
      "train_quality": 0.7642337980767644,
      "val_loss": 1.430327557009048,
      "val_quality": 0.6042831727051456,
      "test_quality": 0.5772523632903594,
      "patience_counter": 0,
      "elbo_raw": -35971.25876324551,
      "elbo_relative": 2995155.6596537544,
      "e_log_p_nodes": -19740.55609567721,
      "e_log_p_bonds": -649.7555750218762,
      "e_log_p_tau": -0.9929495023009107,
      "h_nodes": -13864.392803922843,
      "h_bonds": 329.49822296297384,
      "h_tau": -1.877531383650421,
      "tau_mean": 0.9929495023009107,
      "bond_mean_avg": 5.0,
      "n_parameters": 14040,
      "dim_x0": 39,
      "dim_b0": 18,
      "dim_x1": 39,
      "dim_b1": 18,
      "dim_x2": 39
    },
    {
      "step": 4,
      "train_loss": 0.7921824420460198,
      "train_quality": 0.7890431145625841,
      "val_loss": 1.3400856930490104,
      "val_quality": 0.6292496385474968,
      "test_quality": 0.5947969211073529,
      "patience_counter": 0,
      "elbo_raw": -35884.92108518211,
      "elbo_relative": 2995241.9973318176,
      "e_log_p_nodes": -19726.852134202134,
      "e_log_p_bonds": -649.7555750218762,
      "e_log_p_tau": -1.0943838593866715,
      "h_nodes": -13861.693825332131,
      "h_bonds": 329.49822296297384,
      "h_tau": -1.7802643943359726,
      "tau_mean": 1.0943838593866715,
      "bond_mean_avg": 5.0,
      "n_parameters": 14040,
      "dim_x0": 39,
      "dim_b0": 18,
      "dim_x1": 39,
      "dim_b1": 18,
      "dim_x2": 39
    },
    {
      "step": 5,
      "train_loss": 0.7351503042731727,
      "train_quality": 0.8042306793403686,
      "val_loss": 1.278932289184689,
      "val_quality": 0.6461684421018892,
      "test_quality": 0.6059026188823134,
      "patience_counter": 0,
      "elbo_raw": -35838.94633278801,
      "elbo_relative": 2995287.9720842117,
      "e_log_p_nodes": -19723.962918774185,
      "e_log_p_bonds": -649.7555750218762,
      "e_log_p_tau": -1.1737328813002617,
      "h_nodes": -13868.936701235552,
      "h_bonds": 329.49822296297384,
      "h_tau": -1.7102667469334847,
      "tau_mean": 1.1737328813002617,
      "bond_mean_avg": 5.0,
      "n_parameters": 14040,
      "dim_x0": 39,
      "dim_b0": 18,
      "dim_x1": 39,
      "dim_b1": 18,
      "dim_x2": 39
    },
    {
      "step": 6,
      "train_loss": 0.6976544129214464,
      "train_quality": 0.8142157737282602,
      "val_loss": 1.2356421982251715,
      "val_quality": 0.6581451514674193,
      "test_quality": 0.6140030033436799,
      "patience_counter": 0,
      "elbo_raw": -30091.522922723794,
      "elbo_relative": 3001035.3954942757,
      "e_log_p_nodes": -13579.346450534294,
      "e_log_p_bonds": -998.5672600624183,
      "e_log_p_tau": -1.23410504292655,
      "h_nodes": -13876.581786531387,
      "h_bonds": 252.6989990088593,
      "h_tau": -1.6601098679575443,
      "tau_mean": 1.23410504292655,
      "bond_mean_avg": 8.848739506671835,
      "n_parameters": 14040,
      "dim_x0": 39,
      "dim_b0": 18,
      "dim_x1": 39,
      "dim_b1": 18,
      "dim_x2": 39
    },
    {
      "step": 7,
      "train_loss": 2.094602525063668,
      "train_quality": 0.44221078193107843,
      "val_loss": 2.7462426593664198,
      "val_quality": 0.24021988752091938,
      "test_quality": 0.19587696764306273,
      "patience_counter": 1,
      "elbo_raw": -14615.84985073813,
      "elbo_relative": 3016511.068566262,
      "e_log_p_nodes": -13352.124011490112,
      "e_log_p_bonds": -1775.8563828794513,
      "e_log_p_tau": -0.44054177129083977,
      "h_nodes": 2900.5822913778743,
      "h_bonds": 241.91372066891276,
      "h_tau": -2.690205924853217,
      "tau_mean": 0.44054177129083977,
      "bond_mean_avg": 12.19891285038656,
      "n_parameters": 14040,
      "dim_x0": 39,
      "dim_b0": 18,
      "dim_x1": 39,
      "dim_b1": 18,
      "dim_x2": 39
    },
    {
      "step": 8,
      "train_loss": 7.1945034736632945,
      "train_quality": -0.9158844787732741,
      "val_loss": 8.305318424343644,
      "val_quality": -1.2977633622799423,
      "test_quality": -1.1245331221417594,
      "patience_counter": 2,
      "elbo_raw": 27.5982874190413,
      "elbo_relative": 3031154.5167044187,
      "e_log_p_nodes": -13345.996740546865,
      "e_log_p_bonds": -2341.474679746884,
      "e_log_p_tau": -0.12807483734784864,
      "h_nodes": 19026.02877457376,
      "h_bonds": 207.65259528507286,
      "h_tau": -3.9255964328795017,
      "tau_mean": 0.12807483734784864,
      "bond_mean_avg": 13.476463125260063,
      "n_parameters": 14040,
      "dim_x0": 39,
      "dim_b0": 18,
      "dim_x1": 39,
      "dim_b1": 18,