{
  "experiment_name": "kfold_obesity",
  "run_name": "obesity-MPO2-L3-d18-seed9536-fold4",
  "config": {
    "params": {
      "model": "MPO2",
      "L": 3,
      "bond_dim": 18,
      "init_strength": 0.1,
      "bond_prior_alpha": 5.0,
      "added_bias": false,
      "n_epochs": 100,
      "batch_size": 256,
      "patience": 100,
      "min_delta": 0.0001,
      "warmup_epochs": 5,
      "trim_every": 3,
      "trimming_threshold": 0.3,
      "trim_method": "relevance",
      "soft_trim_relaxation": 2
    },
    "fold": 4,
    "seed": 9536
  },
  "hparams": {
    "seed": 9536,
    "fold": 4,
    "dataset": "obesity",
    "n_features": 39,
    "n_train": 1436,
    "n_val": 253,
    "n_test": 422,
    "L": 3,
    "bond_dim": 18,
    "model": "MPO2",
    "init_strength": 0.1,
    "bond_prior_alpha": 5.0,
    "added_bias": false,
    "n_epochs": 100,
    "batch_size": 256,
    "patience": 100,
    "min_delta": 0.0001,
    "warmup_epochs": 5,
    "trim_every": 3,
    "trimming_threshold": 0.3,
    "trim_method": "relevance",
    "soft_trim_relaxation": 2
  },
  "metrics_log": [
    {
      "step": 0,
      "train_loss": 4473.784454686662,
      "train_quality": -1172.6000444832466,
      "val_loss": 4435.316212867852,
      "val_quality": -1198.4193253405529,
      "patience_counter": 0,
      "elbo_raw": -3392168.435347082,
      "elbo_relative": 0.0,
      "e_log_p_nodes": -145672.90423734512,
      "e_log_p_bonds": -649.7555750218762,
      "e_log_p_tau": -1.0,
      "h_nodes": -9213.688347806241,
      "h_bonds": 329.49822296297384,
      "h_tau": 1.0,
      "tau_mean": 1.0,
      "bond_mean_avg": 5.0,
      "n_parameters": 14040,
      "dim_x0": 39,
      "dim_b0": 18,
      "dim_x1": 39,
      "dim_b1": 18,
      "dim_x2": 39
    },
    {
      "step": 1,
      "train_loss": 1.280482843554251,
      "train_quality": 0.6640931771799999,
      "val_loss": 1.6579056648213897,
      "val_quality": 0.5516612573847169,
      "test_quality": 0.5222955743446733,
      "patience_counter": 0,
      "elbo_raw": -36953.33626244766,
      "elbo_relative": 3355215.0990846343,
      "e_log_p_nodes": -20118.07987189557,
      "e_log_p_bonds": -649.7555750218762,
      "e_log_p_tau": -0.7663972786141957,
      "h_nodes": -14282.74039658925,
      "h_bonds": 329.49822296297384,
      "h_tau": -2.136510516946146,
      "tau_mean": 0.7663972786141957,
      "bond_mean_avg": 5.0,
      "n_parameters": 14040,
      "dim_x0": 39,
      "dim_b0": 18,
      "dim_x1": 39,
      "dim_b1": 18,
      "dim_x2": 39
    },
    {
      "step": 2,
      "train_loss": 1.1080287826467108,
      "train_quality": 0.7093327490910658,
      "val_loss": 1.6648197824719042,
      "val_quality": 0.5497915087738635,
      "test_quality": 0.5508693434069303,
      "patience_counter": 1,
      "elbo_raw": -36145.52059952453,
      "elbo_relative": 3356022.9147475576,
      "e_log_p_nodes": -19762.441784784347,
      "e_log_p_bonds": -649.7555750218762,
      "e_log_p_tau": -0.8232667923810494,
      "h_nodes": -13882.02844338903,
      "h_bonds": 329.49822296297384,
      "h_tau": -2.064930874010315,
      "tau_mean": 0.8232667923810494,
      "bond_mean_avg": 5.0,
      "n_parameters": 14040,
      "dim_x0": 39,
      "dim_b0": 18,
      "dim_x1": 39,
      "dim_b1": 18,
      "dim_x2": 39
    },
    {
      "step": 3,
      "train_loss": 0.9728622447135189,
      "train_quality": 0.7447907503733718,
      "val_loss": 1.6055560879752024,
      "val_quality": 0.5658178791742867,
      "test_quality": 0.5810480440594219,
      "patience_counter": 0,
      "elbo_raw": -35961.712291064454,
      "elbo_relative": 3356206.7230560174,
      "e_log_p_nodes": -19699.564649219963,
      "e_log_p_bonds": -649.7555750218762,
      "e_log_p_tau": -0.9053479343829164,
      "h_nodes": -13829.430583122927,
      "h_bonds": 329.49822296297384,
      "h_tau": -1.9698918650310588,
      "tau_mean": 0.9053479343829164,
      "bond_mean_avg": 5.0,
      "n_parameters": 14040,
      "dim_x0": 39,
      "dim_b0": 18,
      "dim_x1": 39,
      "dim_b1": 18,
      "dim_x2": 39
    },
    {
      "step": 4,
      "train_loss": 0.8895682417717018,
      "train_quality": 0.7666411203560604,
      "val_loss": 1.5198088649759327,
      "val_quality": 0.5890060514315947,
      "test_quality": 0.5997849341041339,
      "patience_counter": 0,
      "elbo_raw": -35877.2874682797,
      "elbo_relative": 3356291.1478788024,
      "e_log_p_nodes": -19683.35352346289,
      "e_log_p_bonds": -649.7555750218762,
      "e_log_p_tau": -0.9765000350638641,
      "h_nodes": -13815.613159229546,
      "h_bonds": 329.49822296297384,
      "h_tau": -1.8942364065032962,
      "tau_mean": 0.9765000350638641,
      "bond_mean_avg": 5.0,
      "n_parameters": 14040,
      "dim_x0": 39,
      "dim_b0": 18,
      "dim_x1": 39,
      "dim_b1": 18,
      "dim_x2": 39
    },
    {
      "step": 5,
      "train_loss": 0.8384208158592866,
      "train_quality": 0.780058535060323,
      "val_loss": 1.4559465473368476,
      "val_quality": 0.6062760033946877,
      "test_quality": 0.6089344534613892,
      "patience_counter": 0,
      "elbo_raw": -35831.364643183486,
      "elbo_relative": 3356337.0707038986,
      "e_log_p_nodes": -19678.659330136747,
      "e_log_p_bonds": -649.7555750218762,
      "e_log_p_tau": -1.0301539403173832,
      "h_nodes": -13812.842927241192,
      "h_bonds": 329.49822296297384,
      "h_tau": -1.8407476660531756,
      "tau_mean": 1.0301539403173832,
      "bond_mean_avg": 5.0,
      "n_parameters": 14040,
      "dim_x0": 39,
      "dim_b0": 18,
      "dim_x1": 39,
      "dim_b1": 18,
      "dim_x2": 39
    },
    {
      "step": 6,
      "train_loss": 0.805919167336581,
      "train_quality": 0.7885846356220224,
      "val_loss": 1.4096279954993378,
      "val_quality": 0.6188016866897182,
      "test_quality": 0.6139830766300466,
      "patience_counter": 0,
      "elbo_raw": -30131.011096605533,
      "elbo_relative": 3362037.4242504765,
      "e_log_p_nodes": -13577.410204707632,
      "e_log_p_bonds": -1000.1423857621381,
      "e_log_p_tau": -1.0686703715503965,
      "h_nodes": -13813.177917589524,
      "h_bonds": 252.93216646893092,
      "h_tau": -1.8040406814043308,
      "tau_mean": 1.0686703715503965,
      "bond_mean_avg": 8.867336721552018,
      "n_parameters": 14040,
      "dim_x0": 39,
      "dim_b0": 18,
      "dim_x1": 39,
      "dim_b1": 18,
      "dim_x2": 39
    },
    {
      "step": 7,
      "train_loss": 2.543524413260179,
      "train_quality": 0.33276169319707627,
      "val_loss": 3.501825061434909,
      "val_quality": 0.05301979586905281,
      "test_quality": 0.17502507384309163,
      "patience_counter": 1,
      "elbo_raw": -14680.985029253246,
      "elbo_relative": 3377487.450317829,
      "e_log_p_nodes": -13353.667001765125,
      "e_log_p_bonds": -1773.8330438345265,
      "e_log_p_tau": -0.363266494365729,
      "h_nodes": 2973.6818637015695,
      "h_bonds": 241.87122594702018,
      "h_tau": -2.883074483556811,
      "tau_mean": 0.363266494365729,
      "bond_mean_avg": 12.185824709030857,
      "n_parameters": 14040,
      "dim_x0": 39,
      "dim_b0": 18,
      "dim_x1": 39,
      "dim_b1": 18,
      "dim_x2": 39
    },
    {
      "step": 8,
      "train_loss": 7.500462535740084,
      "train_quality": -0.967583207181135,
      "val_loss": 9.083033323730207,
      "val_quality": -1.4562771126864043,
      "test_quality": -1.1493392155805129,
      "patience_counter": 2,
      "elbo_raw": 4.845960161197581,
      "elbo_relative": 3392173.2813072433,
      "e_log_p_nodes": -13345.788906371332,
      "e_log_p_bonds": -2342.2402647928807,
      "e_log_p_tau": -0.12082103816385789,
      "h_nodes": 19045.149513983757,
      "h_bonds": 208.25776643740903,
      "h_tau": -3.9839007654054512,
      "tau_mean": 0.12082103816385789,
      "bond_mean_avg": 13.508670630683431,
      "n_parameters": 14040,
      "dim_x0": 39,
      "dim_b0": 18,
      "dim_x1": 39,