{
  "experiment_name": "kfold_obesity",
  "run_name": "obesity-MPO2-L3-d18-seed9536-fold0",
  "config": {
    "params": {
      "model": "MPO2",
      "L": 3,
      "bond_dim": 18,
      "init_strength": 0.1,
      "bond_prior_alpha": 5.0,
      "added_bias": false,
      "n_epochs": 100,
      "batch_size": 256,
      "patience": 100,
      "min_delta": 0.0001,
      "warmup_epochs": 5,
      "trim_every": 3,
      "trimming_threshold": 0.3,
      "trim_method": "relevance",
      "soft_trim_relaxation": 2
    },
    "fold": 0,
    "seed": 9536
  },
  "hparams": {
    "seed": 9536,
    "fold": 0,
    "dataset": "obesity",
    "n_features": 39,
    "n_train": 1435,
    "n_val": 253,
    "n_test": 423,
    "L": 3,
    "bond_dim": 18,
    "model": "MPO2",
    "init_strength": 0.1,
    "bond_prior_alpha": 5.0,
    "added_bias": false,
    "n_epochs": 100,
    "batch_size": 256,
    "patience": 100,
    "min_delta": 0.0001,
    "warmup_epochs": 5,
    "trim_every": 3,
    "trimming_threshold": 0.3,
    "trim_method": "relevance",
    "soft_trim_relaxation": 2
  },
  "metrics_log": [
    {
      "step": 0,
      "train_loss": 4464.030661783564,
      "train_quality": -1181.8601056842303,
      "val_loss": 3689.5119966899847,
      "val_quality": -1018.2047602028774,
      "patience_counter": 0,
      "elbo_raw": -3383001.9783892096,
      "elbo_relative": 0.0,
      "e_log_p_nodes": -145672.90423734512,
      "e_log_p_bonds": -649.7555750218762,
      "e_log_p_tau": -1.0,
      "h_nodes": -9213.688347806241,
      "h_bonds": 329.49822296297384,
      "h_tau": 1.0,
      "tau_mean": 1.0,
      "bond_mean_avg": 5.0,
      "n_parameters": 14040,
      "dim_x0": 39,
      "dim_b0": 18,
      "dim_x1": 39,
      "dim_b1": 18,
      "dim_x2": 39
    },
    {
      "step": 1,
      "train_loss": 1.3527793096617209,
      "train_quality": 0.6415462172129037,
      "val_loss": 1.5641915600901115,
      "val_quality": 0.5679018023675602,
      "test_quality": 0.5897485125633362,
      "patience_counter": 0,
      "elbo_raw": -37003.900605895695,
      "elbo_relative": 3345998.077783314,
      "e_log_p_nodes": -20121.96178602543,
      "e_log_p_bonds": -649.7555750218762,
      "e_log_p_tau": -0.7263120113665248,
      "h_nodes": -14292.37664779427,
      "h_bonds": 329.49822296297384,
      "h_tau": -2.189883999249105,
      "tau_mean": 0.7263120113665248,
      "bond_mean_avg": 5.0,
      "n_parameters": 14040,
      "dim_x0": 39,
      "dim_b0": 18,
      "dim_x1": 39,
      "dim_b1": 18,
      "dim_x2": 39
    },
    {
      "step": 2,
      "train_loss": 1.1535768190491327,
      "train_quality": 0.6943300569646729,
      "val_loss": 1.3907738595338104,
      "val_quality": 0.6158073644226469,
      "test_quality": 0.650018537466766,
      "patience_counter": 0,
      "elbo_raw": -36163.10825042001,
      "elbo_relative": 3346838.8701387895,
      "e_log_p_nodes": -19755.451449073753,
      "e_log_p_bonds": -649.7555750218762,
      "e_log_p_tau": -0.7902212552788325,
      "h_nodes": -13878.68784317149,
      "h_bonds": 329.49822296297384,
      "h_tau": -2.1055507132505227,
      "tau_mean": 0.7902212552788325,
      "bond_mean_avg": 5.0,
      "n_parameters": 14040,
      "dim_x0": 39,
      "dim_b0": 18,
      "dim_x1": 39,
      "dim_b1": 18,
      "dim_x2": 39
    },
    {
      "step": 3,
      "train_loss": 1.0183053555348989,
      "train_quality": 0.730173721525117,
      "val_loss": 1.3317480243955837,
      "val_quality": 0.6321128845569635,
      "test_quality": 0.6768154807371309,
      "patience_counter": 0,
      "elbo_raw": -35986.64443660098,
      "elbo_relative": 3347015.3339526085,
      "e_log_p_nodes": -19689.037129917262,
      "e_log_p_bonds": -649.7555750218762,
      "e_log_p_tau": -0.8664820343503472,
      "h_nodes": -13834.832855753306,
      "h_bonds": 329.49822296297384,
      "h_tau": -2.013422314114905,
      "tau_mean": 0.8664820343503472,
      "bond_mean_avg": 5.0,
      "n_parameters": 14040,
      "dim_x0": 39,
      "dim_b0": 18,
      "dim_x1": 39,
      "dim_b1": 18,
      "dim_x2": 39
    },
    {
      "step": 4,
      "train_loss": 0.9484036545215556,
      "train_quality": 0.7486959808267848,
      "val_loss": 1.2886013956632545,
      "val_quality": 0.6440318726047455,
      "test_quality": 0.6947421341947504,
      "patience_counter": 0,
      "elbo_raw": -35908.78694386549,
      "elbo_relative": 3347093.191445344,
      "e_log_p_nodes": -19670.069455485198,
      "e_log_p_bonds": -649.7555750218762,
      "e_log_p_tau": -0.9191856111109626,
      "h_nodes": -13818.36812342334,
      "h_bonds": 329.49822296297384,
      "h_tau": -1.9543756167686297,
      "tau_mean": 0.9191856111109626,
      "bond_mean_avg": 5.0,
      "n_parameters": 14040,
      "dim_x0": 39,
      "dim_b0": 18,
      "dim_x1": 39,
      "dim_b1": 18,
      "dim_x2": 39
    },
    {
      "step": 5,
      "train_loss": 0.9096701280051608,
      "train_quality": 0.7589594280877855,
      "val_loss": 1.2542337613440788,
      "val_quality": 0.6535257180039311,
      "test_quality": 0.7055887808670804,
      "patience_counter": 0,
      "elbo_raw": -35867.0865949297,
      "elbo_relative": 3347134.8917942797,
      "e_log_p_nodes": -19663.966829364756,
      "e_log_p_bonds": -649.7555750218762,
      "e_log_p_tau": -0.9529328507892507,
      "h_nodes": -13808.676669530525,
      "h_bonds": 329.49822296297384,
      "h_tau": -1.9183192491727823,
      "tau_mean": 0.9529328507892507,
      "bond_mean_avg": 5.0,
      "n_parameters": 14040,
      "dim_x0": 39,
      "dim_b0": 18,
      "dim_x1": 39,
      "dim_b1": 18,
      "dim_x2": 39
    },
    {
      "step": 6,
      "train_loss": 0.8825194027919013,
      "train_quality": 0.7661537132816798,
      "val_loss": 1.22668683995556,
      "val_quality": 0.6611353838441022,
      "test_quality": 0.7126091100702905,
      "patience_counter": 0,
      "elbo_raw": -30180.318114005466,
      "elbo_relative": 3352821.660275204,
      "e_log_p_nodes": -13575.21802171942,
      "e_log_p_bonds": -1000.954391336329,
      "e_log_p_tau": -0.9785782427058894,
      "h_nodes": -13802.574125047702,
      "h_bonds": 253.5333305335339,
      "h_tau": -1.89176294394656,
      "tau_mean": 0.9785782427058894,
      "bond_mean_avg": 8.901105484490518,
      "n_parameters": 14040,
      "dim_x0": 39,
      "dim_b0": 18,
      "dim_x1": 39,
      "dim_b1": 18,
      "dim_x2": 39
    },
    {
      "step": 7,
      "train_loss": 2.782887258418887,
      "train_quality": 0.2626022162478906,
      "val_loss": 3.0009197576056676,
      "val_quality": 0.17101456651109537,
      "test_quality": 0.2344745232938522,
      "patience_counter": 1,
      "elbo_raw": -14741.680784156755,
      "elbo_relative": 3368260.297605053,
      "e_log_p_nodes": -13350.128808879126,
      "e_log_p_bonds": -1776.0914118334176,
      "e_log_p_tau": -0.332349516472653,
      "h_nodes": 2973.0509976939084,
      "h_bonds": 242.51130017288364,
      "h_tau": -2.971676513860075,
      "tau_mean": 0.332349516472653,
      "bond_mean_avg": 12.229405706934617,
      "n_parameters": 14040,
      "dim_x0": 39,
      "dim_b0": 18,
      "dim_x1": 39,
      "dim_b1": 18,
      "dim_x2": 39
    },
    {
      "step": 8,
      "train_loss": 7.377156149660808,
      "train_quality": -0.9547678687651306,
      "val_loss": 7.454147082273201,
      "val_quality": -1.059161806851717,
      "test_quality": -0.8235103755655382,
      "patience_counter": 2,
      "elbo_raw": -4.786171880296024,
      "elbo_relative": 3382997.1922173295,
      "e_log_p_nodes": -13345.022018359312,
      "e_log_p_bonds": -2340.258893732435,
      "e_log_p_tau": -0.12159905379357544,
      "h_nodes": 19025.48405180686,
      "h_bonds": 208.45502332800518,
      "h_tau": -3.9771345012732127,
      "tau_mean": 0.12159905379357544,
      "bond_mean_avg": 13.509199865074589,
      "n_parameters": 14040,
      "dim_x0": 39,
      "dim_b0": 18,
      "dim_x1": 39,
      "dim_b1": 18,