{
  "experiment_name": "kfold_obesity",
  "run_name": "obesity-MPO2-L3-d18-seed42-fold2",
  "config": {
    "params": {
      "model": "MPO2",
      "L": 3,
      "bond_dim": 18,
      "init_strength": 0.1,
      "bond_prior_alpha": 5.0,
      "added_bias": false,
      "n_epochs": 100,
      "batch_size": 256,
      "patience": 100,
      "min_delta": 0.0001,
      "warmup_epochs": 5,
      "trim_every": 3,
      "trimming_threshold": 0.3,
      "trim_method": "relevance",
      "soft_trim_relaxation": 2
    },
    "fold": 2,
    "seed": 42
  },
  "hparams": {
    "seed": 42,
    "fold": 2,
    "dataset": "obesity",
    "n_features": 39,
    "n_train": 1436,
    "n_val": 253,
    "n_test": 422,
    "L": 3,
    "bond_dim": 18,
    "model": "MPO2",
    "init_strength": 0.1,
    "bond_prior_alpha": 5.0,
    "added_bias": false,
    "n_epochs": 100,
    "batch_size": 256,
    "patience": 100,
    "min_delta": 0.0001,
    "warmup_epochs": 5,
    "trim_every": 3,
    "trimming_threshold": 0.3,
    "trim_method": "relevance",
    "soft_trim_relaxation": 2
  },
  "metrics_log": [
    {
      "step": 0,
      "train_loss": 4002.843382618732,
      "train_quality": -1053.3131699011108,
      "val_loss": 4583.464198991565,
      "val_quality": -1241.2112132088976,
      "patience_counter": 0,
      "elbo_raw": -3054156.4747006698,
      "elbo_relative": 0.0,
      "e_log_p_nodes": -145697.51316341065,
      "e_log_p_bonds": -649.7555750218762,
      "e_log_p_tau": -1.0,
      "h_nodes": -9213.688347806241,
      "h_bonds": 329.49822296297384,
      "h_tau": 1.0,
      "tau_mean": 1.0,
      "bond_mean_avg": 5.0,
      "n_parameters": 14040,
      "dim_x0": 39,
      "dim_b0": 18,
      "dim_x1": 39,
      "dim_b1": 18,
      "dim_x2": 39
    },
    {
      "step": 1,
      "train_loss": 1.2319062138326449,
      "train_quality": 0.6755269139515863,
      "val_loss": 1.8915879684345642,
      "val_quality": 0.48734152092266025,
      "test_quality": 0.5759688952292515,
      "patience_counter": 0,
      "elbo_raw": -37052.51739142038,
      "elbo_relative": 3017103.9573092493,
      "e_log_p_nodes": -20204.81531280416,
      "e_log_p_bonds": -649.7555750218762,
      "e_log_p_tau": -0.7976894409127935,
      "h_nodes": -14323.959425471066,
      "h_bonds": 329.49822296297384,
      "h_tau": -2.0964918428135206,
      "tau_mean": 0.7976894409127935,
      "bond_mean_avg": 5.0,
      "n_parameters": 14040,
      "dim_x0": 39,
      "dim_b0": 18,
      "dim_x1": 39,
      "dim_b1": 18,
      "dim_x2": 39
    },
    {
      "step": 2,
      "train_loss": 1.0746041552838217,
      "train_quality": 0.7169588702206524,
      "val_loss": 1.6690966034063017,
      "val_quality": 0.5476411668850023,
      "test_quality": 0.6335067346066685,
      "patience_counter": 0,
      "elbo_raw": -36196.0299748975,
      "elbo_relative": 3017960.4447257724,
      "e_log_p_nodes": -19820.02450863953,
      "e_log_p_bonds": -649.7555750218762,
      "e_log_p_tau": -0.8504230540136953,
      "h_nodes": -13898.289535218712,
      "h_bonds": 329.49822296297384,
      "h_tau": -2.032477256456332,
      "tau_mean": 0.8504230540136953,
      "bond_mean_avg": 5.0,
      "n_parameters": 14040,
      "dim_x0": 39,
      "dim_b0": 18,
      "dim_x1": 39,
      "dim_b1": 18,
      "dim_x2": 39
    },
    {
      "step": 3,
      "train_loss": 0.9355032488508964,
      "train_quality": 0.7535968057027721,
      "val_loss": 1.5877642968674304,
      "val_quality": 0.5696838618406994,
      "test_quality": 0.6507187503583862,
      "patience_counter": 0,
      "elbo_raw": -36002.70867584608,
      "elbo_relative": 3018153.7660248238,
      "e_log_p_nodes": -19747.361297690044,
      "e_log_p_bonds": -649.7555750218762,
      "e_log_p_tau": -0.943187147494004,
      "h_nodes": -13852.069809140929,
      "h_bonds": 329.49822296297384,
      "h_tau": -1.9289464700877943,
      "tau_mean": 0.943187147494004,
      "bond_mean_avg": 5.0,
      "n_parameters": 14040,
      "dim_x0": 39,
      "dim_b0": 18,
      "dim_x1": 39,
      "dim_b1": 18,
      "dim_x2": 39
    },
    {
      "step": 4,
      "train_loss": 0.8625776914160994,
      "train_quality": 0.772804745728541,
      "val_loss": 1.5160039543478112,
      "val_quality": 0.5891323615499793,
      "test_quality": 0.65528154945657,
      "patience_counter": 0,
      "elbo_raw": -35922.60397933868,
      "elbo_relative": 3018233.870721331,
      "e_log_p_nodes": -19726.712215680927,
      "e_log_p_bonds": -649.7555750218762,
      "e_log_p_tau": -1.0113427621057967,
      "h_nodes": -13842.778382640015,
      "h_bonds": 329.49822296297384,
      "h_tau": -1.8591769984204802,
      "tau_mean": 1.0113427621057967,
      "bond_mean_avg": 5.0,
      "n_parameters": 14040,
      "dim_x0": 39,
      "dim_b0": 18,
      "dim_x1": 39,
      "dim_b1": 18,
      "dim_x2": 39
    },
    {
      "step": 5,
      "train_loss": 0.824342215841045,
      "train_quality": 0.7828756282495152,
      "val_loss": 1.4602645723791476,
      "val_quality": 0.6042388579231901,
      "test_quality": 0.6557612499054097,
      "patience_counter": 0,
      "elbo_raw": -35880.48479987443,
      "elbo_relative": 3018275.9899007953,
      "e_log_p_nodes": -19718.323130726265,
      "e_log_p_bonds": -649.7555750218762,
      "e_log_p_tau": -1.0533797765873867,
      "h_nodes": -13838.329730932637,
      "h_bonds": 329.49822296297384,
      "h_tau": -1.8184520840895857,
      "tau_mean": 1.0533797765873867,
      "bond_mean_avg": 5.0,
      "n_parameters": 14040,
      "dim_x0": 39,
      "dim_b0": 18,
      "dim_x1": 39,
      "dim_b1": 18,
      "dim_x2": 39
    },
    {
      "step": 6,
      "train_loss": 0.8005084092932764,
      "train_quality": 0.7891532398696202,
      "val_loss": 1.414687107991247,
      "val_quality": 0.6165912697397231,
      "test_quality": 0.6570509491094153,
      "patience_counter": 0,
      "elbo_raw": -30142.5993286668,
      "elbo_relative": 3024013.875372003,
      "e_log_p_nodes": -13579.681083767719,
      "e_log_p_bonds": -997.2155308109488,
      "e_log_p_tau": -1.0814407181879755,
      "h_nodes": -13833.712037510299,
      "h_bonds": 252.68110100845792,
      "h_tau": -1.7921617632728157,
      "tau_mean": 1.0814407181879755,
      "bond_mean_avg": 8.8411062443993,
      "n_parameters": 14040,
      "dim_x0": 39,
      "dim_b0": 18,
      "dim_x1": 39,
      "dim_b1": 18,
      "dim_x2": 39
    },
    {
      "step": 7,
      "train_loss": 2.2801397539486596,
      "train_quality": 0.3994315685090776,
      "val_loss": 2.9168290416342724,
      "val_quality": 0.20948051839727644,
      "test_quality": 0.3378132654663346,
      "patience_counter": 1,
      "elbo_raw": -14612.38499551567,
      "elbo_relative": 3039544.0897051543,
      "e_log_p_nodes": -13352.374648220786,
      "e_log_p_bonds": -1775.1067504974321,
      "e_log_p_tau": -0.4028848718421605,
      "h_nodes": 2967.8591044989403,
      "h_bonds": 241.84867671930147,
      "h_tau": -2.7795603494059833,
      "tau_mean": 0.4028848718421605,
      "bond_mean_avg": 12.191862662062082,
      "n_parameters": 14040,
      "dim_x0": 39,
      "dim_b0": 18,
      "dim_x1": 39,
      "dim_b1": 18,
      "dim_x2": 39
    },
    {
      "step": 8,
      "train_loss": 7.532314195380618,
      "train_quality": -0.9839442358665191,
      "val_loss": 8.464896709961518,
      "val_quality": -1.2941576840684843,
      "test_quality": -0.841575246411655,
      "patience_counter": 2,
      "elbo_raw": 2.9103854319328093,
      "elbo_relative": 3054159.3850861015,
      "e_log_p_nodes": -13345.77914183025,
      "e_log_p_bonds": -2343.859319739998,
      "e_log_p_tau": -0.12155010154066903,
      "h_nodes": 19040.688228562798,
      "h_bonds": 208.06741548881715,
      "h_tau": -3.9778846565841377,
      "tau_mean": 0.12155010154066903,
      "bond_mean_avg": 13.508377777265727,
      "n_parameters": 14040,
      "dim_x0": 39,
      "dim_b0": 18,
      "dim_x1": 39,
      "dim_b1": 18,