{
  "experiment_name": "kfold_obesity",
  "run_name": "obesity-MPO2-L3-d18-seed9536-fold3",
  "config": {
    "params": {
      "model": "MPO2",
      "L": 3,
      "bond_dim": 18,
      "init_strength": 0.1,
      "bond_prior_alpha": 5.0,
      "added_bias": false,
      "n_epochs": 100,
      "batch_size": 256,
      "patience": 100,
      "min_delta": 0.0001,
      "warmup_epochs": 5,
      "trim_every": 3,
      "trimming_threshold": 0.3,
      "trim_method": "relevance",
      "soft_trim_relaxation": 2
    },
    "fold": 3,
    "seed": 9536
  },
  "hparams": {
    "seed": 9536,
    "fold": 3,
    "dataset": "obesity",
    "n_features": 39,
    "n_train": 1436,
    "n_val": 253,
    "n_test": 422,
    "L": 3,
    "bond_dim": 18,
    "model": "MPO2",
    "init_strength": 0.1,
    "bond_prior_alpha": 5.0,
    "added_bias": false,
    "n_epochs": 100,
    "batch_size": 256,
    "patience": 100,
    "min_delta": 0.0001,
    "warmup_epochs": 5,
    "trim_every": 3,
    "trimming_threshold": 0.3,
    "trim_method": "relevance",
    "soft_trim_relaxation": 2
  },
  "metrics_log": [
    {
      "step": 0,
      "train_loss": 4102.719862090358,
      "train_quality": -1057.1093534552424,
      "val_loss": 4933.5047346853335,
      "val_quality": -1354.6537874770256,
      "patience_counter": 0,
      "elbo_raw": -3125962.3109058947,
      "elbo_relative": 0.0,
      "e_log_p_nodes": -145672.90423734512,
      "e_log_p_bonds": -649.7555750218762,
      "e_log_p_tau": -1.0,
      "h_nodes": -9213.688347806241,
      "h_bonds": 329.49822296297384,
      "h_tau": 1.0,
      "tau_mean": 1.0,
      "bond_mean_avg": 5.0,
      "n_parameters": 14040,
      "dim_x0": 39,
      "dim_b0": 18,
      "dim_x1": 39,
      "dim_b1": 18,
      "dim_x2": 39
    },
    {
      "step": 1,
      "train_loss": 1.3397325758048977,
      "train_quality": 0.6544771231673663,
      "val_loss": 1.62345780495087,
      "val_quality": 0.5538979203531343,
      "test_quality": 0.5253609236631942,
      "patience_counter": 0,
      "elbo_raw": -37078.16145843002,
      "elbo_relative": 3088884.149447465,
      "e_log_p_nodes": -20186.00820546188,
      "e_log_p_bonds": -649.7555750218762,
      "e_log_p_tau": -0.7337522148987945,
      "h_nodes": -14308.339533552265,
      "h_bonds": 329.49822296297384,
      "h_tau": -2.1800398029881762,
      "tau_mean": 0.7337522148987945,
      "bond_mean_avg": 5.0,
      "n_parameters": 14040,
      "dim_x0": 39,
      "dim_b0": 18,
      "dim_x1": 39,
      "dim_b1": 18,
      "dim_x2": 39
    },
    {
      "step": 2,
      "train_loss": 1.185144176386604,
      "train_quality": 0.6943461458787612,
      "val_loss": 1.484867440705927,
      "val_quality": 0.591980492946117,
      "test_quality": 0.5968124667767696,
      "patience_counter": 0,
      "elbo_raw": -36233.386729737205,
      "elbo_relative": 3089728.9241761575,
      "e_log_p_nodes": -19786.173051526734,
      "e_log_p_bonds": -649.7555750218762,
      "e_log_p_tau": -0.772853846825866,
      "h_nodes": -13900.729709394154,
      "h_bonds": 329.49822296297384,
      "h_tau": -2.128121234687569,
      "tau_mean": 0.772853846825866,
      "bond_mean_avg": 5.0,
      "n_parameters": 14040,
      "dim_x0": 39,
      "dim_b0": 18,
      "dim_x1": 39,
      "dim_b1": 18,
      "dim_x2": 39
    },
    {
      "step": 3,
      "train_loss": 1.0376949585720763,
      "train_quality": 0.732373942504807,
      "val_loss": 1.3876203215039837,
      "val_quality": 0.6187025561764369,
      "test_quality": 0.630746816595442,
      "patience_counter": 0,
      "elbo_raw": -36028.234409214114,
      "elbo_relative": 3089934.0764966807,
      "e_log_p_nodes": -19708.252863450554,
      "e_log_p_bonds": -649.7555750218762,
      "e_log_p_tau": -0.851523614509704,
      "h_nodes": -13843.19541296442,
      "h_bonds": 329.49822296297384,
      "h_tau": -2.031183960173621,
      "tau_mean": 0.851523614509704,
      "bond_mean_avg": 5.0,
      "n_parameters": 14040,
      "dim_x0": 39,
      "dim_b0": 18,
      "dim_x1": 39,
      "dim_b1": 18,
      "dim_x2": 39
    },
    {
      "step": 4,
      "train_loss": 0.9552407539697056,
      "train_quality": 0.7536392416366441,
      "val_loss": 1.3085819211887142,
      "val_quality": 0.6404211340446619,
      "test_quality": 0.650983026002087,
      "patience_counter": 0,
      "elbo_raw": -35939.2938027952,
      "elbo_relative": 3090023.0171030997,
      "e_log_p_nodes": -19685.7960227075,
      "e_log_p_bonds": -649.7555750218762,
      "e_log_p_tau": -0.9128798714460005,
      "h_nodes": -13826.737324816184,
      "h_bonds": 329.49822296297384,
      "h_tau": -1.9616068964242004,
      "tau_mean": 0.9128798714460005,
      "bond_mean_avg": 5.0,
      "n_parameters": 14040,
      "dim_x0": 39,
      "dim_b0": 18,
      "dim_x1": 39,
      "dim_b1": 18,
      "dim_x2": 39
    },
    {
      "step": 5,
      "train_loss": 0.9082168520702733,
      "train_quality": 0.7657669111115958,
      "val_loss": 1.2570658708933358,
      "val_quality": 0.6545769791192164,
      "test_quality": 0.6648021065379439,
      "patience_counter": 0,
      "elbo_raw": -35892.11669226883,
      "elbo_relative": 3090070.194213626,
      "e_log_p_nodes": -19678.26949117686,
      "e_log_p_bonds": -649.7555750218762,
      "e_log_p_tau": -0.9546811207066594,
      "h_nodes": -13819.27860600102,
      "h_bonds": 329.49822296297384,
      "h_tau": -1.916833813024823,
      "tau_mean": 0.9546811207066594,
      "bond_mean_avg": 5.0,
      "n_parameters": 14040,
      "dim_x0": 39,
      "dim_b0": 18,
      "dim_x1": 39,
      "dim_b1": 18,
      "dim_x2": 39
    },
    {
      "step": 6,
      "train_loss": 0.8765341124072179,
      "train_quality": 0.7739380279090965,
      "val_loss": 1.2247768885608514,
      "val_quality": 0.6634495116385559,
      "test_quality": 0.675099162374678,
      "patience_counter": 0,
      "elbo_raw": -30190.098661262607,
      "elbo_relative": 3095772.212244632,
      "e_log_p_nodes": -13577.740348193183,
      "e_log_p_bonds": -999.4700844375478,
      "e_log_p_tau": -0.9857411578054205,
      "h_nodes": -13814.67396572451,
      "h_bonds": 253.07693422169797,
      "h_tau": -1.8848173900278198,
      "tau_mean": 0.9857411578054205,
      "bond_mean_avg": 8.871339545633237,
      "n_parameters": 14040,
      "dim_x0": 39,
      "dim_b0": 18,
      "dim_x1": 39,
      "dim_b1": 18,
      "dim_x2": 39
    },
    {
      "step": 7,
      "train_loss": 2.796669691118297,
      "train_quality": 0.278726684207648,
      "val_loss": 3.20629628519096,
      "val_quality": 0.1189574275193479,
      "test_quality": 0.16909425672041256,
      "patience_counter": 1,
      "elbo_raw": -14745.48045586611,
      "elbo_relative": 3111216.8304500286,
      "e_log_p_nodes": -13350.901638785403,
      "e_log_p_bonds": -1776.094465589748,
      "e_log_p_tau": -0.33111336474524095,
      "h_nodes": 2974.7498153833326,
      "h_bonds": 242.43808623489429,
      "h_tau": -2.9757503843102313,
      "tau_mean": 0.33111336474524095,
      "bond_mean_avg": 12.225722845307654,
      "n_parameters": 14040,
      "dim_x0": 39,
      "dim_b0": 18,
      "dim_x1": 39,
      "dim_b1": 18,
      "dim_x2": 39
    },
    {
      "step": 8,
      "train_loss": 7.826586729993184,
      "train_quality": -1.018510866694919,
      "val_loss": 8.710636619411032,
      "val_quality": -1.3935534998921635,
      "test_quality": -1.1321203295006264,
      "patience_counter": 2,
      "elbo_raw": -45.62863673323591,
      "elbo_relative": 3125916.6822691616,
      "e_log_p_nodes": -13345.06369093764,
      "e_log_p_bonds": -2340.4347025797547,
      "e_log_p_tau": -0.11527339039070568,
      "h_nodes": 19025.76620612505,
      "h_bonds": 208.43148286428055,
      "h_tau": -4.030904577944966,
      "tau_mean": 0.11527339039070568,
      "bond_mean_avg": 13.50880245948819,
      "n_parameters": 14040,
      "dim_x0": 39,
      "dim_b0": 18,
      "dim_x1": 39,
      "dim_b1": 18,