{
  "experiment_name": "kfold_obesity",
  "run_name": "obesity-MPO2-L3-d18-seed47659-fold1",
  "config": {
    "params": {
      "model": "MPO2",
      "L": 3,
      "bond_dim": 18,
      "init_strength": 0.1,
      "bond_prior_alpha": 5.0,
      "added_bias": false,
      "n_epochs": 100,
      "batch_size": 256,
      "patience": 100,
      "min_delta": 0.0001,
      "warmup_epochs": 5,
      "trim_every": 3,
      "trimming_threshold": 0.3,
      "trim_method": "relevance",
      "soft_trim_relaxation": 2
    },
    "fold": 1,
    "seed": 47659
  },
  "hparams": {
    "seed": 47659,
    "fold": 1,
    "dataset": "obesity",
    "n_features": 39,
    "n_train": 1436,
    "n_val": 253,
    "n_test": 422,
    "L": 3,
    "bond_dim": 18,
    "model": "MPO2",
    "init_strength": 0.1,
    "bond_prior_alpha": 5.0,
    "added_bias": false,
    "n_epochs": 100,
    "batch_size": 256,
    "patience": 100,
    "min_delta": 0.0001,
    "warmup_epochs": 5,
    "trim_every": 3,
    "trimming_threshold": 0.3,
    "trim_method": "relevance",
    "soft_trim_relaxation": 2
  },
  "metrics_log": [
    {
      "step": 0,
      "train_loss": 6895.940004559781,
      "train_quality": -1838.8597652321127,
      "val_loss": 6039.925693310828,
      "val_quality": -1607.0324913616464,
      "patience_counter": 0,
      "elbo_raw": -5131335.120631831,
      "elbo_relative": 0.0,
      "e_log_p_nodes": -145612.13447672906,
      "e_log_p_bonds": -649.7555750218762,
      "e_log_p_tau": -1.0,
      "h_nodes": -9213.688347806241,
      "h_bonds": 329.49822296297384,
      "h_tau": 1.0,
      "tau_mean": 1.0,
      "bond_mean_avg": 5.0,
      "n_parameters": 14040,
      "dim_x0": 39,
      "dim_b0": 18,
      "dim_x1": 39,
      "dim_b1": 18,
      "dim_x2": 39
    },
    {
      "step": 1,
      "train_loss": 1.3155363738520625,
      "train_quality": 0.6490105130918591,
      "val_loss": 1.979800392485217,
      "val_quality": 0.4729101781744496,
      "test_quality": 0.5773283845802704,
      "patience_counter": 0,
      "elbo_raw": -36995.73373760852,
      "elbo_relative": 5094339.386894222,
      "e_log_p_nodes": -20147.317541738677,
      "e_log_p_bonds": -649.7555750218762,
      "e_log_p_tau": -0.7462342499214707,
      "h_nodes": -14276.730993182657,
      "h_bonds": 329.49822296297384,
      "h_tau": -2.163171633876118,
      "tau_mean": 0.7462342499214707,
      "bond_mean_avg": 5.0,
      "n_parameters": 14040,
      "dim_x0": 39,
      "dim_b0": 18,
      "dim_x1": 39,
      "dim_b1": 18,
      "dim_x2": 39
    },
    {
      "step": 2,
      "train_loss": 1.1021479977837552,
      "train_quality": 0.7059432426742941,
      "val_loss": 1.6622113254691455,
      "val_quality": 0.5574631287560541,
      "test_quality": 0.6127052543756975,
      "patience_counter": 0,
      "elbo_raw": -36162.05750717534,
      "elbo_relative": 5095173.063124656,
      "e_log_p_nodes": -19790.858132146488,
      "e_log_p_bonds": -649.7555750218762,
      "e_log_p_tau": -0.8246377654876399,
      "h_nodes": -13871.345537571879,
      "h_bonds": 329.49822296297384,
      "h_tau": -2.063266974949329,
      "tau_mean": 0.8246377654876399,
      "bond_mean_avg": 5.0,
      "n_parameters": 14040,
      "dim_x0": 39,
      "dim_b0": 18,
      "dim_x1": 39,
      "dim_b1": 18,
      "dim_x2": 39
    },
    {
      "step": 3,
      "train_loss": 0.9445131427574172,
      "train_quality": 0.7480007471144985,
      "val_loss": 1.5433577614193872,
      "val_quality": 0.5891059671634551,
      "test_quality": 0.6479207329678218,
      "patience_counter": 0,
      "elbo_raw": -35972.20378925648,
      "elbo_relative": 5095362.916842574,
      "e_log_p_nodes": -19726.649037782663,
      "e_log_p_bonds": -649.7555750218762,
      "e_log_p_tau": -0.92922053334465,
      "h_nodes": -13831.550906717903,
      "h_bonds": 329.49822296297384,
      "h_tau": -1.9438650942011009,
      "tau_mean": 0.92922053334465,
      "bond_mean_avg": 5.0,
      "n_parameters": 14040,
      "dim_x0": 39,
      "dim_b0": 18,
      "dim_x1": 39,
      "dim_b1": 18,
      "dim_x2": 39
    },
    {
      "step": 4,
      "train_loss": 0.8739789017407126,
      "train_quality": 0.7668195175840806,
      "val_loss": 1.4947896181917075,
      "val_quality": 0.6020364494774526,
      "test_quality": 0.6640777520693111,
      "patience_counter": 0,
      "elbo_raw": -35897.47952710961,
      "elbo_relative": 5095437.641104721,
      "e_log_p_nodes": -19707.877170846234,
      "e_log_p_bonds": -649.7555750218762,
      "e_log_p_tau": -0.9946994626494351,
      "h_nodes": -13824.558280094629,
      "h_bonds": 329.49822296297384,
      "h_tau": -1.8757705487832936,
      "tau_mean": 0.9946994626494351,
      "bond_mean_avg": 5.0,
      "n_parameters": 14040,
      "dim_x0": 39,
      "dim_b0": 18,
      "dim_x1": 39,
      "dim_b1": 18,
      "dim_x2": 39
    },
    {
      "step": 5,
      "train_loss": 0.8449701000757504,
      "train_quality": 0.7745591625035073,
      "val_loss": 1.4777845301605563,
      "val_quality": 0.6065637790276888,
      "test_quality": 0.6715015512271223,
      "patience_counter": 0,
      "elbo_raw": -35860.62814741058,
      "elbo_relative": 5095474.492484421,
      "e_log_p_nodes": -19700.061282547675,
      "e_log_p_bonds": -649.7555750218762,
      "e_log_p_tau": -1.025120949117671,
      "h_nodes": -13817.182766228878,
      "h_bonds": 329.49822296297384,
      "h_tau": -1.8456453089775096,
      "tau_mean": 1.025120949117671,
      "bond_mean_avg": 5.0,
      "n_parameters": 14040,
      "dim_x0": 39,
      "dim_b0": 18,
      "dim_x1": 39,
      "dim_b1": 18,
      "dim_x2": 39
    },
    {
      "step": 6,
      "train_loss": 0.8313626823551751,
      "train_quality": 0.7781896668809001,
      "val_loss": 1.4659021395913778,
      "val_quality": 0.6097272732626342,
      "test_quality": 0.6763890589394576,
      "patience_counter": 0,
      "elbo_raw": -30142.629131385995,
      "elbo_relative": 5101192.491500445,
      "e_log_p_nodes": -13570.60656213897,
      "e_log_p_bonds": -1004.2912105742569,
      "e_log_p_tau": -1.0388156160779318,
      "h_nodes": -13807.639596927433,
      "h_bonds": 253.49324130065747,
      "h_tau": -1.832374680247085,
      "tau_mean": 1.0388156160779318,
      "bond_mean_avg": 8.916816393888922,
      "n_parameters": 14040,
      "dim_x0": 39,
      "dim_b0": 18,
      "dim_x1": 39,
      "dim_b1": 18,
      "dim_x2": 39
    },
    {
      "step": 7,
      "train_loss": 2.690943281396371,
      "train_quality": 0.2820473683516459,
      "val_loss": 3.4239823779252156,
      "val_quality": 0.08842009105324367,
      "test_quality": 0.22609828316684188,
      "patience_counter": 1,
      "elbo_raw": -14710.41300414458,
      "elbo_relative": 5116624.707627686,
      "e_log_p_nodes": -13348.03700521143,
      "e_log_p_bonds": -1778.3738366387884,
      "e_log_p_tau": -0.3444130094111495,
      "h_nodes": 2980.4029826339074,
      "h_bonds": 242.95215371289436,
      "h_tau": -2.936369646755338,
      "tau_mean": 0.3444130094111495,
      "bond_mean_avg": 12.26359395733332,
      "n_parameters": 14040,
      "dim_x0": 39,
      "dim_b0": 18,
      "dim_x1": 39,
      "dim_b1": 18,
      "dim_x2": 39
    },
    {
      "step": 8,
      "train_loss": 7.500298388067132,
      "train_quality": -1.0011045952133268,
      "val_loss": 8.343084774419857,
      "val_quality": -1.2212113321708324,
      "test_quality": -0.9945853694008304,
      "patience_counter": 2,
      "elbo_raw": -60.58855890970881,
      "elbo_relative": 5131274.532072921,
      "e_log_p_nodes": -13343.910458976396,
      "e_log_p_bonds": -2339.4049415826207,
      "e_log_p_tau": -0.1202812367825569,
      "h_nodes": 18977.800355455423,
      "h_bonds": 208.67795682636157,
      "h_tau": -3.9883785521315076,
      "tau_mean": 0.1202812367825569,
      "bond_mean_avg": 13.51657559195578,
      "n_parameters": 14040,
      "dim_x0": 39,
      "dim_b0": 18,
      "dim_x1": 39,
      "dim_b1": 18,