{
  "experiment_name": "kfold_obesity",
  "run_name": "obesity-MPO2-L3-d18-seed42-fold4",
  "config": {
    "params": {
      "model": "MPO2",
      "L": 3,
      "bond_dim": 18,
      "init_strength": 0.1,
      "bond_prior_alpha": 5.0,
      "added_bias": false,
      "n_epochs": 100,
      "batch_size": 256,
      "patience": 100,
      "min_delta": 0.0001,
      "warmup_epochs": 5,
      "trim_every": 3,
      "trimming_threshold": 0.3,
      "trim_method": "relevance",
      "soft_trim_relaxation": 2
    },
    "fold": 4,
    "seed": 42
  },
  "hparams": {
    "seed": 42,
    "fold": 4,
    "dataset": "obesity",
    "n_features": 39,
    "n_train": 1436,
    "n_val": 253,
    "n_test": 422,
    "L": 3,
    "bond_dim": 18,
    "model": "MPO2",
    "init_strength": 0.1,
    "bond_prior_alpha": 5.0,
    "added_bias": false,
    "n_epochs": 100,
    "batch_size": 256,
    "patience": 100,
    "min_delta": 0.0001,
    "warmup_epochs": 5,
    "trim_every": 3,
    "trimming_threshold": 0.3,
    "trim_method": "relevance",
    "soft_trim_relaxation": 2
  },
  "metrics_log": [
    {
      "step": 0,
      "train_loss": 3909.8656392819644,
      "train_quality": -1012.9008535234789,
      "val_loss": 2898.504790143892,
      "val_quality": -750.1473591164244,
      "patience_counter": 0,
      "elbo_raw": -2987168.479969726,
      "elbo_relative": 0.0,
      "e_log_p_nodes": -145697.51316341065,
      "e_log_p_bonds": -649.7555750218762,
      "e_log_p_tau": -1.0,
      "h_nodes": -9213.688347806241,
      "h_bonds": 329.49822296297384,
      "h_tau": 1.0,
      "tau_mean": 1.0,
      "bond_mean_avg": 5.0,
      "n_parameters": 14040,
      "dim_x0": 39,
      "dim_b0": 18,
      "dim_x1": 39,
      "dim_b1": 18,
      "dim_x2": 39
    },
    {
      "step": 1,
      "train_loss": 1.2642733981507537,
      "train_quality": 0.6721504021535927,
      "val_loss": 2.086219574539572,
      "val_quality": 0.4593563104394264,
      "test_quality": 0.6247341837310358,
      "patience_counter": 0,
      "elbo_raw": -37067.28457950551,
      "elbo_relative": 2950101.1953902203,
      "e_log_p_nodes": -20191.322693762428,
      "e_log_p_bonds": -649.7555750218762,
      "e_log_p_tau": -0.7782572881465044,
      "h_nodes": -14334.487249255093,
      "h_bonds": 329.49822296297384,
      "h_tau": -2.1211540186614,
      "tau_mean": 0.7782572881465044,
      "bond_mean_avg": 5.0,
      "n_parameters": 14040,
      "dim_x0": 39,
      "dim_b0": 18,
      "dim_x1": 39,
      "dim_b1": 18,
      "dim_x2": 39
    },
    {
      "step": 2,
      "train_loss": 1.1407801428885989,
      "train_quality": 0.704174499262384,
      "val_loss": 1.8792770718814746,
      "val_quality": 0.5129854487762502,
      "test_quality": 0.6675752758805946,
      "patience_counter": 0,
      "elbo_raw": -36196.475381078984,
      "elbo_relative": 2950972.004588647,
      "e_log_p_nodes": -19786.057333373483,
      "e_log_p_bonds": -649.7555750218762,
      "e_log_p_tau": -0.8022165254150382,
      "h_nodes": -13890.744286185552,
      "h_bonds": 329.49822296297384,
      "h_tau": -2.0908326394855976,
      "tau_mean": 0.8022165254150382,
      "bond_mean_avg": 5.0,
      "n_parameters": 14040,
      "dim_x0": 39,
      "dim_b0": 18,
      "dim_x1": 39,
      "dim_b1": 18,
      "dim_x2": 39
    },
    {
      "step": 3,
      "train_loss": 1.0218714694922888,
      "train_quality": 0.7350097290556011,
      "val_loss": 1.6852819158931835,
      "val_quality": 0.5632592829260119,
      "test_quality": 0.6925930549356079,
      "patience_counter": 0,
      "elbo_raw": -36003.2639039841,
      "elbo_relative": 2951165.216065742,
      "e_log_p_nodes": -19714.849925213763,
      "e_log_p_bonds": -649.7555750218762,
      "e_log_p_tau": -0.8632952473540119,
      "h_nodes": -13821.499409350981,
      "h_bonds": 329.49822296297384,
      "h_tau": -2.017454442709095,
      "tau_mean": 0.8632952473540119,
      "bond_mean_avg": 5.0,
      "n_parameters": 14040,
      "dim_x0": 39,
      "dim_b0": 18,
      "dim_x1": 39,
      "dim_b1": 18,
      "dim_x2": 39
    },
    {
      "step": 4,
      "train_loss": 0.9582355485596927,
      "train_quality": 0.751511706489322,
      "val_loss": 1.5534430309156455,
      "val_quality": 0.597425322815432,
      "test_quality": 0.705175034379582,
      "patience_counter": 0,
      "elbo_raw": -35922.990240516905,
      "elbo_relative": 2951245.489729209,
      "e_log_p_nodes": -19693.337733392196,
      "e_log_p_bonds": -649.7555750218762,
      "e_log_p_tau": -0.9083519258167118,
      "h_nodes": -13799.316850867242,
      "h_bonds": 329.49822296297384,
      "h_tau": -1.9665793057192786,
      "tau_mean": 0.9083519258167118,
      "bond_mean_avg": 5.0,
      "n_parameters": 14040,
      "dim_x0": 39,
      "dim_b0": 18,
      "dim_x1": 39,
      "dim_b1": 18,
      "dim_x2": 39
    },
    {
      "step": 5,
      "train_loss": 0.9256356232068748,
      "train_quality": 0.7599654732397554,
      "val_loss": 1.4862704781629454,
      "val_quality": 0.6148330862170563,
      "test_quality": 0.7114098484009953,
      "patience_counter": 0,
      "elbo_raw": -35880.53620766672,
      "elbo_relative": 2951287.9437620593,
      "e_log_p_nodes": -19682.89849239901,
      "e_log_p_bonds": -649.7555750218762,
      "e_log_p_tau": -0.9348564233428991,
      "h_nodes": -13787.981500624799,
      "h_bonds": 329.49822296297384,
      "h_tau": -1.9378182331520293,
      "tau_mean": 0.9348564233428991,
      "bond_mean_avg": 5.0,
      "n_parameters": 14040,
      "dim_x0": 39,
      "dim_b0": 18,
      "dim_x1": 39,
      "dim_b1": 18,
      "dim_x2": 39
    },
    {
      "step": 6,
      "train_loss": 0.9071427393752345,
      "train_quality": 0.7647610218418945,
      "val_loss": 1.4505412067074572,
      "val_quality": 0.6240923249763655,
      "test_quality": 0.7156201175676169,
      "patience_counter": 0,
      "elbo_raw": -30176.992522722096,
      "elbo_relative": 2956991.487447004,
      "e_log_p_nodes": -13573.192254475794,
      "e_log_p_bonds": -1000.2828889277957,
      "e_log_p_tau": -0.9504287314469102,
      "h_nodes": -13779.46455156643,
      "h_bonds": 253.46814071108872,
      "h_tau": -1.9212980136771876,
      "tau_mean": 0.9504287314469102,
      "bond_mean_avg": 8.895214382327177,
      "n_parameters": 14040,
      "dim_x0": 39,
      "dim_b0": 18,
      "dim_x1": 39,
      "dim_b1": 18,
      "dim_x2": 39
    },
    {
      "step": 7,
      "train_loss": 2.5510410896189004,
      "train_quality": 0.3384676158301254,
      "val_loss": 3.3735822774225093,
      "val_quality": 0.12573633582917387,
      "test_quality": 0.2469439264921155,
      "patience_counter": 1,
      "elbo_raw": -14701.890431436941,
      "elbo_relative": 2972466.5895382892,
      "e_log_p_nodes": -13348.652509416248,
      "e_log_p_bonds": -1775.517623001161,
      "e_log_p_tau": -0.3594908344600542,
      "h_nodes": 2956.1803280897093,
      "h_bonds": 242.64954216974039,
      "h_tau": -2.893522511134506,
      "tau_mean": 0.3594908344600542,
      "bond_mean_avg": 12.23364032609424,
      "n_parameters": 14040,
      "dim_x0": 39,
      "dim_b0": 18,
      "dim_x1": 39,
      "dim_b1": 18,
      "dim_x2": 39
    },
    {
      "step": 8,
      "train_loss": 6.981550114034767,
      "train_quality": -0.810445747398306,
      "val_loss": 8.172041505195528,
      "val_quality": -1.1177841127227182,
      "test_quality": -0.9977346024746283,
      "patience_counter": 2,
      "elbo_raw": -39.765288057878934,
      "elbo_relative": 2987128.714681668,
      "e_log_p_nodes": -13345.0021093725,
      "e_log_p_bonds": -2336.7447255027196,
      "e_log_p_tau": -0.1293024656204593,
      "h_nodes": 18945.527036668616,
      "h_bonds": 208.20726746565032,
      "h_tau": -3.9160568381412304,
      "tau_mean": 0.1293024656204593,
      "bond_mean_avg": 13.479603160157529,
      "n_parameters": 14040,
      "dim_x0": 39,
      "dim_b0": 18,
      "dim_x1": 39,
      "dim_b1": 18,