{
  "experiment_name": "kfold_obesity",
  "run_name": "obesity-MPO2-L3-d18-seed47659-fold0",
  "config": {
    "params": {
      "model": "MPO2",
      "L": 3,
      "bond_dim": 18,
      "init_strength": 0.1,
      "bond_prior_alpha": 5.0,
      "added_bias": false,
      "n_epochs": 100,
      "batch_size": 256,
      "patience": 100,
      "min_delta": 0.0001,
      "warmup_epochs": 5,
      "trim_every": 3,
      "trimming_threshold": 0.3,
      "trim_method": "relevance",
      "soft_trim_relaxation": 2
    },
    "fold": 0,
    "seed": 47659
  },
  "hparams": {
    "seed": 47659,
    "fold": 0,
    "dataset": "obesity",
    "n_features": 39,
    "n_train": 1435,
    "n_val": 253,
    "n_test": 423,
    "L": 3,
    "bond_dim": 18,
    "model": "MPO2",
    "init_strength": 0.1,
    "bond_prior_alpha": 5.0,
    "added_bias": false,
    "n_epochs": 100,
    "batch_size": 256,
    "patience": 100,
    "min_delta": 0.0001,
    "warmup_epochs": 5,
    "trim_every": 3,
    "trimming_threshold": 0.3,
    "trim_method": "relevance",
    "soft_trim_relaxation": 2
  },
  "metrics_log": [
    {
      "step": 0,
      "train_loss": 7230.066249573633,
      "train_quality": -1836.9355799697978,
      "val_loss": 4737.314515603686,
      "val_quality": -1253.6060921217581,
      "patience_counter": 0,
      "elbo_raw": -5367291.0206237305,
      "elbo_relative": 0.0,
      "e_log_p_nodes": -145612.13447672906,
      "e_log_p_bonds": -649.7555750218762,
      "e_log_p_tau": -1.0,
      "h_nodes": -9213.688347806241,
      "h_bonds": 329.49822296297384,
      "h_tau": 1.0,
      "tau_mean": 1.0,
      "bond_mean_avg": 5.0,
      "n_parameters": 14040,
      "dim_x0": 39,
      "dim_b0": 18,
      "dim_x1": 39,
      "dim_b1": 18,
      "dim_x2": 39
    },
    {
      "step": 1,
      "train_loss": 1.2399521667147706,
      "train_quality": 0.6847951144569232,
      "val_loss": 1.49594786876348,
      "val_quality": 0.6038208348917162,
      "test_quality": 0.45597216131244944,
      "patience_counter": 0,
      "elbo_raw": -36958.39045046288,
      "elbo_relative": 5330332.630173268,
      "e_log_p_nodes": -20170.066155152577,
      "e_log_p_bonds": -649.7555750218762,
      "e_log_p_tau": -0.791092526907331,
      "h_nodes": -14260.147103767695,
      "h_bonds": 329.49822296297384,
      "h_tau": -2.1044487539475085,
      "tau_mean": 0.791092526907331,
      "bond_mean_avg": 5.0,
      "n_parameters": 14040,
      "dim_x0": 39,
      "dim_b0": 18,
      "dim_x1": 39,
      "dim_b1": 18,
      "dim_x2": 39
    },
    {
      "step": 2,
      "train_loss": 1.0785752059101463,
      "train_quality": 0.7258183150489927,
      "val_loss": 1.2861364616631592,
      "val_quality": 0.6593862124231585,
      "test_quality": 0.5410346976731464,
      "patience_counter": 0,
      "elbo_raw": -36173.94467726667,
      "elbo_relative": 5331117.075946464,
      "e_log_p_nodes": -19810.630522241067,
      "e_log_p_bonds": -649.7555750218762,
      "e_log_p_tau": -0.8463935553155767,
      "h_nodes": -13883.685810460138,
      "h_bonds": 329.49822296297384,
      "h_tau": -2.036879242627947,
      "tau_mean": 0.8463935553155767,
      "bond_mean_avg": 5.0,
      "n_parameters": 14040,
      "dim_x0": 39,
      "dim_b0": 18,
      "dim_x1": 39,
      "dim_b1": 18,
      "dim_x2": 39
    },
    {
      "step": 3,
      "train_loss": 0.9568667936065661,
      "train_quality": 0.7567574812520099,
      "val_loss": 1.2037899367381288,
      "val_quality": 0.681194443963562,
      "test_quality": 0.5699752443154587,
      "patience_counter": 0,
      "elbo_raw": -35991.07869436848,
      "elbo_relative": 5331299.941929362,
      "e_log_p_nodes": -19739.280075965908,
      "e_log_p_bonds": -649.7555750218762,
      "e_log_p_tau": -0.9223813403477741,
      "h_nodes": -13833.942752493569,
      "h_bonds": 329.49822296297384,
      "h_tau": -1.950904950180302,
      "tau_mean": 0.9223813403477741,
      "bond_mean_avg": 5.0,
      "n_parameters": 14040,
      "dim_x0": 39,
      "dim_b0": 18,
      "dim_x1": 39,
      "dim_b1": 18,
      "dim_x2": 39
    },
    {
      "step": 4,
      "train_loss": 0.8938183300186697,
      "train_quality": 0.7727848605996692,
      "val_loss": 1.1659569819778088,
      "val_quality": 0.6912139297648369,
      "test_quality": 0.5838911264907771,
      "patience_counter": 0,
      "elbo_raw": -35912.241814329835,
      "elbo_relative": 5331378.7788094,
      "e_log_p_nodes": -19717.032310284267,
      "e_log_p_bonds": -649.7555750218762,
      "e_log_p_tau": -0.9754805082593129,
      "h_nodes": -13817.569248934371,
      "h_bonds": 329.49822296297384,
      "h_tau": -1.8949335108909509,
      "tau_mean": 0.9754805082593129,
      "bond_mean_avg": 5.0,
      "n_parameters": 14040,
      "dim_x0": 39,
      "dim_b0": 18,
      "dim_x1": 39,
      "dim_b1": 18,
      "dim_x2": 39
    },
    {
      "step": 5,
      "train_loss": 0.8636984178387792,
      "train_quality": 0.7804415619838717,
      "val_loss": 1.1445370964201484,
      "val_quality": 0.6968866624543545,
      "test_quality": 0.5861617422526937,
      "patience_counter": 0,
      "elbo_raw": -35870.87004721602,
      "elbo_relative": 5331420.150576514,
      "e_log_p_nodes": -19706.25119365648,
      "e_log_p_bonds": -649.7555750218762,
      "e_log_p_tau": -1.0044439281838355,
      "h_nodes": -13808.001336406856,
      "h_bonds": 329.49822296297384,
      "h_tau": -1.865674327398665,
      "tau_mean": 1.0044439281838355,
      "bond_mean_avg": 5.0,
      "n_parameters": 14040,
      "dim_x0": 39,
      "dim_b0": 18,
      "dim_x1": 39,
      "dim_b1": 18,
      "dim_x2": 39
    },
    {
      "step": 6,
      "train_loss": 0.8457885787261975,
      "train_quality": 0.7849943737286451,
      "val_loss": 1.1276595025490832,
      "val_quality": 0.7013564378980686,
      "test_quality": 0.5863431782483709,
      "patience_counter": 0,
      "elbo_raw": -30145.27077189808,
      "elbo_relative": 5337145.749851832,
      "e_log_p_nodes": -13574.40144461873,
      "e_log_p_bonds": -1000.232277378343,
      "e_log_p_tau": -1.0221682584370473,
      "h_nodes": -13799.878104588319,
      "h_bonds": 253.03334895008328,
      "h_tau": -1.8481822958246994,
      "tau_mean": 1.0221682584370473,
      "bond_mean_avg": 8.874233825893215,
      "n_parameters": 14040,
      "dim_x0": 39,
      "dim_b0": 18,
      "dim_x1": 39,
      "dim_b1": 18,
      "dim_x2": 39
    },
    {
      "step": 7,
      "train_loss": 2.773430454439435,
      "train_quality": 0.29497374784267816,
      "val_loss": 3.1194637392180327,
      "val_quality": 0.1738572141484399,
      "test_quality": 0.060075449480289866,
      "patience_counter": 1,
      "elbo_raw": -14706.183104655434,
      "elbo_relative": 5352584.837519075,
      "e_log_p_nodes": -13349.980954556077,
      "e_log_p_bonds": -1774.8299354285161,
      "e_log_p_tau": -0.33480204297775357,
      "h_nodes": 3002.1691198132985,
      "h_bonds": 242.19884497195187,
      "h_tau": -2.964324248791854,
      "tau_mean": 0.33480204297775357,
      "bond_mean_avg": 12.208793605869817,
      "n_parameters": 14040,
      "dim_x0": 39,
      "dim_b0": 18,
      "dim_x1": 39,
      "dim_b1": 18,
      "dim_x2": 39
    },
    {
      "step": 8,
      "train_loss": 7.824034091199052,
      "train_quality": -0.9889265379773542,
      "val_loss": 8.403055558126164,
      "val_quality": -1.2254221586803866,
      "test_quality": -1.2440814319256357,
      "patience_counter": 2,
      "elbo_raw": 44.41942899922287,
      "elbo_relative": 5367335.44005273,
      "e_log_p_nodes": -13345.636360408802,
      "e_log_p_bonds": -2338.3118432017027,
      "e_log_p_tau": -0.1157959113625874,
      "h_nodes": 19109.141037794376,
      "h_bonds": 207.80527888895242,
      "h_tau": -4.026034432706183,
      "tau_mean": 0.1157959113625874,
      "bond_mean_avg": 13.468683103005171,
      "n_parameters": 14040,
      "dim_x0": 39,
      "dim_b0": 18,
      "dim_x1": 39,
      "dim_b1": 18,