{
  "experiment_name": "kfold_energy_efficiency",
  "run_name": "energy_efficiency-MPO2-L3-d18-seed42806-fold1",
  "config": {
    "params": {
      "model": "MPO2",
      "L": 3,
      "bond_dim": 18,
      "init_strength": 0.01,
      "bond_prior_alpha": 1.0,
      "added_bias": false,
      "n_epochs": 100,
      "batch_size": 256,
      "patience": 100,
      "min_delta": 0.0001,
      "warmup_epochs": 5,
      "trim_every": 3,
      "trimming_threshold": 0.3,
      "trim_method": "relevance",
      "soft_trim_relaxation": 2
    },
    "fold": 1,
    "seed": 42806
  },
  "hparams": {
    "seed": 42806,
    "fold": 1,
    "dataset": "energy_efficiency",
    "n_features": 8,
    "n_train": 522,
    "n_val": 92,
    "n_test": 154,
    "L": 3,
    "bond_dim": 18,
    "model": "MPO2",
    "init_strength": 0.01,
    "bond_prior_alpha": 1.0,
    "added_bias": false,
    "n_epochs": 100,
    "batch_size": 256,
    "patience": 100,
    "min_delta": 0.0001,
    "warmup_epochs": 5,
    "trim_every": 3,
    "trimming_threshold": 0.3,
    "trim_method": "relevance",
    "soft_trim_relaxation": 2
  },
  "metrics_log": [
    {
      "step": 0,
      "train_loss": 1209.8262779439924,
      "train_quality": -11.148218959328227,
      "val_loss": 1183.8311879405721,
      "val_quality": -10.212602291079222,
      "patience_counter": 0,
      "elbo_raw": -327663.62213377096,
      "elbo_relative": 0.0,
      "e_log_p_nodes": -2930.855938215664,
      "e_log_p_bonds": -1139.806107851716,
      "e_log_p_tau": -1.0,
      "h_nodes": -1129.609703260243,
      "h_bonds": 60.0,
      "h_tau": 1.0,
      "tau_mean": 1.0,
      "bond_mean_avg": 1.0,
      "n_parameters": 2880,
      "dim_x0": 8,
      "dim_b0": 18,
      "dim_x1": 8,
      "dim_b1": 18,
      "dim_x2": 8
    },
    {
      "step": 1,
      "train_loss": 0.6651957867327123,
      "train_quality": 0.9933205748499822,
      "val_loss": 1.2645186432765372,
      "val_quality": 0.9880231702111343,
      "patience_counter": 0,
      "elbo_raw": -3865.067361507427,
      "elbo_relative": 323798.5547722635,
      "e_log_p_nodes": -4343.058664885702,
      "e_log_p_bonds": -1139.806107851716,
      "e_log_p_tau": -1.224776113432567,
      "h_nodes": 2248.225596426512,
      "h_bonds": 60.0,
      "h_tau": -1.1637491351675635,
      "tau_mean": 1.224776113432567,
      "bond_mean_avg": 1.0,
      "n_parameters": 2880,
      "dim_x0": 8,
      "dim_b0": 18,
      "dim_x1": 8,
      "dim_b1": 18,
      "dim_x2": 8
    },
    {
      "step": 2,
      "train_loss": 1.6247081945283497,
      "train_quality": 0.9836858305593368,
      "val_loss": 2.2919084985153226,
      "val_quality": 0.9782922947602839,
      "patience_counter": 1,
      "elbo_raw": -3475.6170792021353,
      "elbo_relative": 324188.0050545688,
      "e_log_p_nodes": -4399.417849113189,
      "e_log_p_bonds": -1139.806107851716,
      "e_log_p_tau": -0.569164851295224,
      "h_nodes": 2894.817076964142,
      "h_bonds": 60.0,
      "h_tau": -1.9300923636515108,
      "tau_mean": 0.569164851295224,
      "bond_mean_avg": 1.0,
      "n_parameters": 2880,
      "dim_x0": 8,
      "dim_b0": 18,
      "dim_x1": 8,
      "dim_b1": 18,
      "dim_x2": 8
    },
    {
      "step": 3,
      "train_loss": 2.1682333072168545,
      "train_quality": 0.9782281361785744,
      "val_loss": 3.0607591065196598,
      "val_quality": 0.9710101618205326,
      "patience_counter": 2,
      "elbo_raw": -3302.5161832539543,
      "elbo_relative": 324361.105950517,
      "e_log_p_nodes": -4329.571194389505,
      "e_log_p_bonds": -1139.806107851716,
      "e_log_p_tau": -0.40539301388149573,
      "h_nodes": 3086.9713460223525,
      "h_bonds": 60.0,
      "h_tau": -2.2694054756841524,
      "tau_mean": 0.40539301388149573,
      "bond_mean_avg": 1.0,
      "n_parameters": 2880,
      "dim_x0": 8,
      "dim_b0": 18,
      "dim_x1": 8,
      "dim_b1": 18,
      "dim_x2": 8
    },
    {
      "step": 4,
      "train_loss": 1.693417221572511,
      "train_quality": 0.9829959031538639,
      "val_loss": 2.858231490690899,
      "val_quality": 0.9729283927578327,
      "patience_counter": 3,
      "elbo_raw": -3131.6133282164155,
      "elbo_relative": 324532.00880555453,
      "e_log_p_nodes": -4288.657949492805,
      "e_log_p_bonds": -1139.806107851716,
      "e_log_p_tau": -0.4672556864359996,
      "h_nodes": 3179.751767358682,
      "h_bonds": 60.0,
      "h_tau": -2.1273858606289195,
      "tau_mean": 0.4672556864359996,
      "bond_mean_avg": 1.0,
      "n_parameters": 2880,
      "dim_x0": 8,
      "dim_b0": 18,
      "dim_x1": 8,
      "dim_b1": 18,
      "dim_x2": 8
    },
    {
      "step": 5,
      "train_loss": 1.1812313161071861,
      "train_quality": 0.9881389114029892,
      "val_loss": 1.8039383574911414,
      "val_quality": 0.9829140813604024,
      "patience_counter": 4,
      "elbo_raw": -3054.47840018025,
      "elbo_relative": 324609.1437335907,
      "e_log_p_nodes": -4299.034493639317,
      "e_log_p_bonds": -1139.806107851716,
      "e_log_p_tau": -0.6359031044376318,
      "h_nodes": 3186.522872386608,
      "h_bonds": 60.0,
      "h_tau": -1.8192162766777074,
      "tau_mean": 0.6359031044376318,
      "bond_mean_avg": 1.0,
      "n_parameters": 2880,
      "dim_x0": 8,
      "dim_b0": 18,
      "dim_x1": 8,
      "dim_b1": 18,
      "dim_x2": 8
    },
    {
      "step": 6,
      "train_loss": 0.941278075399014,
      "train_quality": 0.9905483519658749,
      "val_loss": 1.4268452275515584,
      "val_quality": 0.9864857014830875,
      "patience_counter": 5,
      "elbo_raw": -1631.6747524134717,
      "elbo_relative": 326031.9473813575,
      "e_log_p_nodes": -3059.161053910336,
      "e_log_p_bonds": -925.7165035758424,
      "e_log_p_tau": -0.8167058987403779,
      "h_nodes": 3156.3442815288063,
      "h_bonds": -6.541897913220403,
      "h_tau": -1.5689834239071843,
      "tau_mean": 0.8167058987403779,
      "bond_mean_avg": 2.9925103688290844,
      "n_parameters": 2880,
      "dim_x0": 8,
      "dim_b0": 18,
      "dim_x1": 8,
      "dim_b1": 18,
      "dim_x2": 8
    },
    {
      "step": 7,
      "train_loss": 1.7141171979892507,
      "train_quality": 0.9827880486457018,
      "val_loss": 2.629923516616305,
      "val_quality": 0.9750908011647558,
      "patience_counter": 6,
      "elbo_raw": -192.8572949682457,
      "elbo_relative": 327470.7648388027,
      "e_log_p_nodes": -3009.0483581140297,
      "e_log_p_bonds": -1095.7674818359849,
      "e_log_p_tau": -0.5157018378441376,
      "h_nodes": 4845.536979984152,
      "h_bonds": -16.524309418418767,
      "h_tau": -2.0287337120621487,
      "tau_mean": 0.5157018378441376,
      "bond_mean_avg": 3.9986491729841545,
      "n_parameters": 2880,
      "dim_x0": 8,
      "dim_b0": 18,
      "dim_x1": 8,
      "dim_b1": 18,
      "dim_x2": 8
    },
    {
      "step": 8,
      "train_loss": 402.34771767294734,
      "train_quality": -3.0400909297352987,
      "val_loss": 437.80446453872764,
      "val_quality": -3.1466447177079067,
      "patience_counter": 7,
      "elbo_raw": -8641.238690556162,
      "elbo_relative": 328505.4104278228,
      "e_log_p_nodes": -369.00112996870274,
      "e_log_p_bonds": -1275.8951731262227,
      "e_log_p_tau": -0.056754085643056965,
      "h_nodes": 266.3923837173053,
      "h_bonds": -69.31892888932934,
      "h_tau": -4.235534829417702,
      "tau_mean": 0.056754085643056965,
      "bond_mean_avg": 3.928020136577387,
      "n_parameters": 296,
      "dim_x0": 8,
      "dim_b0": 18,
      "dim_x1": 8,
      "dim_b1": 1,
      "dim_x2": 8
    },
    {
      "step": 9,
      "train_loss": 175.41970914159705,
      "train_quality": -0.7614405268625244,
      "val_loss": 197.5837941021325,
      "val_quality": -0.8714057586907482,
      "patience_counter": 8,
      "elbo_raw": -3209.9781921878953,
      "elbo_relative": 333936.67092619103,
      "e_log_p_nodes": -594.5558302017984,
      "e_log_p_bonds": -1005.1299979801039,