{
  "experiment_name": "kfold_energy_efficiency",
  "run_name": "energy_efficiency-MPO2-L3-d18-seed42-fold1",
  "config": {
    "params": {
      "model": "MPO2",
      "L": 3,
      "bond_dim": 18,
      "init_strength": 0.01,
      "bond_prior_alpha": 1.0,
      "added_bias": false,
      "n_epochs": 100,
      "batch_size": 256,
      "patience": 100,
      "min_delta": 0.0001,
      "warmup_epochs": 5,
      "trim_every": 3,
      "trimming_threshold": 0.3,
      "trim_method": "relevance",
      "soft_trim_relaxation": 2
    },
    "fold": 1,
    "seed": 42
  },
  "hparams": {
    "seed": 42,
    "fold": 1,
    "dataset": "energy_efficiency",
    "n_features": 8,
    "n_train": 522,
    "n_val": 92,
    "n_test": 154,
    "L": 3,
    "bond_dim": 18,
    "model": "MPO2",
    "init_strength": 0.01,
    "bond_prior_alpha": 1.0,
    "added_bias": false,
    "n_epochs": 100,
    "batch_size": 256,
    "patience": 100,
    "min_delta": 0.0001,
    "warmup_epochs": 5,
    "trim_every": 3,
    "trimming_threshold": 0.3,
    "trim_method": "relevance",
    "soft_trim_relaxation": 2
  },
  "metrics_log": [
    {
      "step": 0,
      "train_loss": 1896.248044555795,
      "train_quality": -17.81952877801146,
      "val_loss": 1445.6494247855321,
      "val_quality": -12.454968665280385,
      "patience_counter": 0,
      "elbo_raw": -506877.94813485816,
      "elbo_relative": 0.0,
      "e_log_p_nodes": -2930.855938215664,
      "e_log_p_bonds": -1139.806107851716,
      "e_log_p_tau": -1.0,
      "h_nodes": -1129.609703260243,
      "h_bonds": 60.0,
      "h_tau": 1.0,
      "tau_mean": 1.0,
      "bond_mean_avg": 1.0,
      "n_parameters": 2880,
      "dim_x0": 8,
      "dim_b0": 18,
      "dim_x1": 8,
      "dim_b1": 18,
      "dim_x2": 8
    },
    {
      "step": 1,
      "train_loss": 0.5373886241632551,
      "train_quality": 0.9946666256524549,
      "val_loss": 0.6557695698464204,
      "val_quality": 0.9938966122334694,
      "patience_counter": 0,
      "elbo_raw": -3733.2808008543634,
      "elbo_relative": 503144.6673340038,
      "e_log_p_nodes": -4253.782253300156,
      "e_log_p_bonds": -1139.806107851716,
      "e_log_p_tau": -1.442142405734197,
      "h_nodes": 2247.9323972656175,
      "h_bonds": 60.0,
      "h_tau": -1.0003774082190375,
      "tau_mean": 1.442142405734197,
      "bond_mean_avg": 1.0,
      "n_parameters": 2880,
      "dim_x0": 8,
      "dim_b0": 18,
      "dim_x1": 8,
      "dim_b1": 18,
      "dim_x2": 8
    },
    {
      "step": 2,
      "train_loss": 1.3238598432906354,
      "train_quality": 0.9868612028419003,
      "val_loss": 1.8141348557615893,
      "val_quality": 0.9831154585472986,
      "patience_counter": 1,
      "elbo_raw": -3318.39732466246,
      "elbo_relative": 503559.5508101957,
      "e_log_p_nodes": -4282.744646354952,
      "e_log_p_bonds": -1139.806107851716,
      "e_log_p_tau": -0.6951215857281963,
      "h_nodes": 2882.9854207642697,
      "h_bonds": 60.0,
      "h_tau": -1.7301757031402758,
      "tau_mean": 0.6951215857281963,
      "bond_mean_avg": 1.0,
      "n_parameters": 2880,
      "dim_x0": 8,
      "dim_b0": 18,
      "dim_x1": 8,
      "dim_b1": 18,
      "dim_x2": 8
    },
    {
      "step": 3,
      "train_loss": 1.627469957657305,
      "train_quality": 0.9838479898284322,
      "val_loss": 1.9254236128368496,
      "val_quality": 0.9820796702617205,
      "patience_counter": 2,
      "elbo_raw": -3226.084441086181,
      "elbo_relative": 503651.863693772,
      "e_log_p_nodes": -4310.199163119893,
      "e_log_p_bonds": -1139.806107851716,
      "e_log_p_tau": -0.5317383500518813,
      "h_nodes": 3072.951870530878,
      "h_bonds": 60.0,
      "h_tau": -1.998110931751853,
      "tau_mean": 0.5317383500518813,
      "bond_mean_avg": 1.0,
      "n_parameters": 2880,
      "dim_x0": 8,
      "dim_b0": 18,
      "dim_x1": 8,
      "dim_b1": 18,
      "dim_x2": 8
    },
    {
      "step": 4,
      "train_loss": 1.514984593334533,
      "train_quality": 0.984964363583994,
      "val_loss": 1.724286658464644,
      "val_quality": 0.9839516949532597,
      "patience_counter": 3,
      "elbo_raw": -3169.5760989283626,
      "elbo_relative": 503708.3720359298,
      "e_log_p_nodes": -4323.80607597646,
      "e_log_p_bonds": -1139.806107851716,
      "e_log_p_tau": -0.5398781963300001,
      "h_nodes": 3139.0868151304435,
      "h_bonds": 60.0,
      "h_tau": -1.982918925134527,
      "tau_mean": 0.5398781963300001,
      "bond_mean_avg": 1.0,
      "n_parameters": 2880,
      "dim_x0": 8,
      "dim_b0": 18,
      "dim_x1": 8,
      "dim_b1": 18,
      "dim_x2": 8
    },
    {
      "step": 5,
      "train_loss": 1.1592367044786147,
      "train_quality": 0.9884950238534996,
      "val_loss": 1.3212205721304486,
      "val_quality": 0.987703117302747,
      "patience_counter": 4,
      "elbo_raw": -3111.9725787072985,
      "elbo_relative": 503765.97555615084,
      "e_log_p_nodes": -4336.3569728758275,
      "e_log_p_bonds": -1139.806107851716,
      "e_log_p_tau": -0.672274360236079,
      "h_nodes": 3151.778562103307,
      "h_bonds": 60.0,
      "h_tau": -1.7635959455353714,
      "tau_mean": 0.672274360236079,
      "bond_mean_avg": 1.0,
      "n_parameters": 2880,
      "dim_x0": 8,
      "dim_b0": 18,
      "dim_x1": 8,
      "dim_b1": 18,
      "dim_x2": 8
    },
    {
      "step": 6,
      "train_loss": 0.9223767154021077,
      "train_quality": 0.990845767678171,
      "val_loss": 1.0781781785622628,
      "val_quality": 0.9899651648875408,
      "patience_counter": 5,
      "elbo_raw": -1648.197349665671,
      "elbo_relative": 505229.7507851925,
      "e_log_p_nodes": -3067.998981294792,
      "e_log_p_bonds": -930.947747515423,
      "e_log_p_tau": -0.839319426597341,
      "h_nodes": 3147.234634589157,
      "h_bonds": -7.04149109784337,
      "h_tau": -1.5416711198870416,
      "tau_mean": 0.839319426597341,
      "bond_mean_avg": 2.989622487134019,
      "n_parameters": 2880,
      "dim_x0": 8,
      "dim_b0": 18,
      "dim_x1": 8,
      "dim_b1": 18,
      "dim_x2": 8
    },
    {
      "step": 7,
      "train_loss": 1.6869166476829278,
      "train_quality": 0.9832580044112255,
      "val_loss": 2.0936838282852652,
      "val_quality": 0.9805136364172374,
      "patience_counter": 6,
      "elbo_raw": -214.64475007034343,
      "elbo_relative": 506663.3033847878,
      "e_log_p_nodes": -3010.3699601267426,
      "e_log_p_bonds": -1101.64683502128,
      "e_log_p_tau": -0.525183915001132,
      "h_nodes": 4826.851144444269,
      "h_bonds": -17.19847307434,
      "h_tau": -2.0105139613642677,
      "tau_mean": 0.525183915001132,
      "bond_mean_avg": 3.9392720140453625,
      "n_parameters": 2880,
      "dim_x0": 8,
      "dim_b0": 18,
      "dim_x1": 8,
      "dim_b1": 18,
      "dim_x2": 8
    },
    {
      "step": 8,
      "train_loss": 423.84892755614146,
      "train_quality": -3.2065367516519503,
      "val_loss": 440.3515511956173,
      "val_quality": -3.0984461526165843,
      "patience_counter": 7,
      "elbo_raw": -10871.974433851301,
      "elbo_relative": 507784.51911941945,
      "e_log_p_nodes": -370.5829424344971,
      "e_log_p_bonds": -1274.9016555304015,
      "e_log_p_tau": -0.07454911217237928,
      "h_nodes": 252.04640441792463,
      "h_bonds": -69.3800828478847,
      "h_tau": -3.96280434491473,
      "tau_mean": 0.07454911217237928,
      "bond_mean_avg": 4.25812570982735,
      "n_parameters": 296,
      "dim_x0": 8,
      "dim_b0": 18,
      "dim_x1": 8,
      "dim_b1": 1,
      "dim_x2": 8
    },
    {
      "step": 9,
      "train_loss": 93.64108281511372,
      "train_quality": 0.07064845345377313,
      "val_loss": 92.68319058129369,
      "val_quality": 0.13737770465718446,
      "patience_counter": 8,
      "elbo_raw": -3073.07060080871,
      "elbo_relative": 515583.42295246205,
      "e_log_p_nodes": -596.816840392485,
      "e_log_p_bonds": -1012.0007566242707,
      "e_log_p_tau": -0.01071401552370523,