{
  "experiment_name": "kfold_energy_efficiency",
  "run_name": "energy_efficiency-MPO2-L3-d18-seed47659-fold1",
  "config": {
    "params": {
      "model": "MPO2",
      "L": 3,
      "bond_dim": 18,
      "init_strength": 0.01,
      "bond_prior_alpha": 1.0,
      "added_bias": false,
      "n_epochs": 100,
      "batch_size": 256,
      "patience": 100,
      "min_delta": 0.0001,
      "warmup_epochs": 5,
      "trim_every": 3,
      "trimming_threshold": 0.3,
      "trim_method": "relevance",
      "soft_trim_relaxation": 2
    },
    "fold": 1,
    "seed": 47659
  },
  "hparams": {
    "seed": 47659,
    "fold": 1,
    "dataset": "energy_efficiency",
    "n_features": 8,
    "n_train": 522,
    "n_val": 92,
    "n_test": 154,
    "L": 3,
    "bond_dim": 18,
    "model": "MPO2",
    "init_strength": 0.01,
    "bond_prior_alpha": 1.0,
    "added_bias": false,
    "n_epochs": 100,
    "batch_size": 256,
    "patience": 100,
    "min_delta": 0.0001,
    "warmup_epochs": 5,
    "trim_every": 3,
    "trimming_threshold": 0.3,
    "trim_method": "relevance",
    "soft_trim_relaxation": 2
  },
  "metrics_log": [
    {
      "step": 0,
      "train_loss": 2242.6848676479717,
      "train_quality": -21.168248155233226,
      "val_loss": 2487.3632702962195,
      "val_quality": -25.951388505818436,
      "patience_counter": 0,
      "elbo_raw": -597289.6463568541,
      "elbo_relative": 0.0,
      "e_log_p_nodes": -2930.855938215664,
      "e_log_p_bonds": -1139.806107851716,
      "e_log_p_tau": -1.0,
      "h_nodes": -1129.609703260243,
      "h_bonds": 60.0,
      "h_tau": 1.0,
      "tau_mean": 1.0,
      "bond_mean_avg": 1.0,
      "n_parameters": 2880,
      "dim_x0": 8,
      "dim_b0": 18,
      "dim_x1": 8,
      "dim_b1": 18,
      "dim_x2": 8
    },
    {
      "step": 1,
      "train_loss": 0.5470974627800381,
      "train_quality": 0.9945921103339294,
      "val_loss": 0.5381862146848554,
      "val_quality": 0.9941685776526241,
      "patience_counter": 0,
      "elbo_raw": -3826.7569983434487,
      "elbo_relative": 593462.8893585107,
      "e_log_p_nodes": -4337.256204732613,
      "e_log_p_bonds": -1139.806107851716,
      "e_log_p_tau": -1.4199954641232628,
      "h_nodes": 2241.9849187031928,
      "h_bonds": 60.0,
      "h_tau": -1.015853520587143,
      "tau_mean": 1.4199954641232628,
      "bond_mean_avg": 1.0,
      "n_parameters": 2880,
      "dim_x0": 8,
      "dim_b0": 18,
      "dim_x1": 8,
      "dim_b1": 18,
      "dim_x2": 8
    },
    {
      "step": 2,
      "train_loss": 0.8505698635255564,
      "train_quality": 0.9915923792593417,
      "val_loss": 0.8971330341893793,
      "val_quality": 0.9902792723384702,
      "patience_counter": 1,
      "elbo_raw": -3267.41301884137,
      "elbo_relative": 594022.2333380127,
      "e_log_p_nodes": -4327.890815671738,
      "e_log_p_bonds": -1139.806107851716,
      "e_log_p_tau": -1.0329356097587854,
      "h_nodes": 2875.3446828286833,
      "h_bonds": 60.0,
      "h_tau": -1.3341023429654797,
      "tau_mean": 1.0329356097587854,
      "bond_mean_avg": 1.0,
      "n_parameters": 2880,
      "dim_x0": 8,
      "dim_b0": 18,
      "dim_x1": 8,
      "dim_b1": 18,
      "dim_x2": 8
    },
    {
      "step": 3,
      "train_loss": 0.9989789791629421,
      "train_quality": 0.99012540092841,
      "val_loss": 1.1342348725180034,
      "val_quality": 0.9877101969498651,
      "patience_counter": 2,
      "elbo_raw": -3177.783539995221,
      "elbo_relative": 594111.8628168589,
      "e_log_p_nodes": -4327.092594166355,
      "e_log_p_bonds": -1139.806107851716,
      "e_log_p_tau": -0.8603442694020101,
      "h_nodes": 3012.0767380522266,
      "h_bonds": 60.0,
      "h_tau": -1.5169298544963112,
      "tau_mean": 0.8603442694020101,
      "bond_mean_avg": 1.0,
      "n_parameters": 2880,
      "dim_x0": 8,
      "dim_b0": 18,
      "dim_x1": 8,
      "dim_b1": 18,
      "dim_x2": 8
    },
    {
      "step": 4,
      "train_loss": 0.9757056947130891,
      "train_quality": 0.990355450166497,
      "val_loss": 1.078120543712188,
      "val_quality": 0.9883182139188575,
      "patience_counter": 3,
      "elbo_raw": -3116.0753424149207,
      "elbo_relative": 594173.5710144392,
      "e_log_p_nodes": -4313.651857095364,
      "e_log_p_bonds": -1139.806107851716,
      "e_log_p_tau": -0.8517407435126065,
      "h_nodes": 3062.977375978709,
      "h_bonds": 60.0,
      "h_tau": -1.5269802880268344,
      "tau_mean": 0.8517407435126065,
      "bond_mean_avg": 1.0,
      "n_parameters": 2880,
      "dim_x0": 8,
      "dim_b0": 18,
      "dim_x1": 8,
      "dim_b1": 18,
      "dim_x2": 8
    },
    {
      "step": 5,
      "train_loss": 0.8781619666680963,
      "train_quality": 0.9913196398306274,
      "val_loss": 0.8524471966446443,
      "val_quality": 0.9907634578946205,
      "patience_counter": 4,
      "elbo_raw": -3072.4587858848918,
      "elbo_relative": 594217.1875709692,
      "e_log_p_nodes": -4316.784834086531,
      "e_log_p_bonds": -1139.806107851716,
      "e_log_p_tau": -0.9247419764383107,
      "h_nodes": 3088.1820018399617,
      "h_bonds": 60.0,
      "h_tau": -1.4447477226888168,
      "tau_mean": 0.9247419764383107,
      "bond_mean_avg": 1.0,
      "n_parameters": 2880,
      "dim_x0": 8,
      "dim_b0": 18,
      "dim_x1": 8,
      "dim_b1": 18,
      "dim_x2": 8
    },
    {
      "step": 6,
      "train_loss": 0.7865530731941165,
      "train_quality": 0.9922251654856372,
      "val_loss": 0.7724576916433661,
      "val_quality": 0.9916301701482837,
      "patience_counter": 5,
      "elbo_raw": -1636.2798854983312,
      "elbo_relative": 595653.3664713558,
      "e_log_p_nodes": -3069.004121383231,
      "e_log_p_bonds": -920.7654088501622,
      "e_log_p_tau": -1.025220405323262,
      "h_nodes": 3096.3468300203463,
      "h_bonds": -5.83211182616315,
      "h_tau": -1.34159957885754,
      "tau_mean": 1.025220405323262,
      "bond_mean_avg": 3.0060406569284455,
      "n_parameters": 2880,
      "dim_x0": 8,
      "dim_b0": 18,
      "dim_x1": 8,
      "dim_b1": 18,
      "dim_x2": 8
    },
    {
      "step": 7,
      "train_loss": 1.4276284505886807,
      "train_quality": 0.9858883331213127,
      "val_loss": 1.5244769700944236,
      "val_quality": 0.9834817971384233,
      "patience_counter": 6,
      "elbo_raw": -202.25384657210725,
      "elbo_relative": 597087.392510282,
      "e_log_p_nodes": -3003.271968478475,
      "e_log_p_bonds": -1098.212038243593,
      "e_log_p_tau": -0.6232535240595273,
      "h_nodes": 4783.743608191367,
      "h_bonds": -17.088543517074484,
      "h_tau": -1.8393091001830726,
      "tau_mean": 0.6232535240595273,
      "bond_mean_avg": 3.9474062683971964,
      "n_parameters": 2880,
      "dim_x0": 8,
      "dim_b0": 18,
      "dim_x1": 8,
      "dim_b1": 18,
      "dim_x2": 8
    },
    {
      "step": 8,
      "train_loss": 610.9386901694892,
      "train_quality": -5.0389405068372985,
      "val_loss": 491.903366854074,
      "val_quality": -4.329932666339263,
      "patience_counter": 7,
      "elbo_raw": -14062.847689845623,
      "elbo_relative": 598192.3807183801,
      "e_log_p_nodes": -369.30913317399495,
      "e_log_p_bonds": -1277.5568438337639,
      "e_log_p_tau": -0.07167333035483299,
      "h_nodes": 254.55451925925243,
      "h_bonds": -69.46461758793598,
      "h_tau": -4.0021437600655645,
      "tau_mean": 0.07167333035483299,
      "bond_mean_avg": 4.293053363271925,
      "n_parameters": 296,
      "dim_x0": 8,
      "dim_b0": 18,
      "dim_x1": 8,
      "dim_b1": 1,
      "dim_x2": 8
    },
    {
      "step": 9,
      "train_loss": 179.34508025818414,
      "train_quality": -0.772770798936746,
      "val_loss": 167.4340048716085,
      "val_quality": -0.8142017968458684,
      "patience_counter": 8,
      "elbo_raw": -3253.5851176536585,
      "elbo_relative": 609001.643290572,
      "e_log_p_nodes": -518.8947525266381,
      "e_log_p_bonds": -1094.3382930485814,