{
  "experiment_name": "kfold_energy_efficiency",
  "run_name": "energy_efficiency-MPO2-L3-d18-seed47659-fold3",
  "config": {
    "params": {
      "model": "MPO2",
      "L": 3,
      "bond_dim": 18,
      "init_strength": 0.01,
      "bond_prior_alpha": 1.0,
      "added_bias": false,
      "n_epochs": 100,
      "batch_size": 256,
      "patience": 100,
      "min_delta": 0.0001,
      "warmup_epochs": 5,
      "trim_every": 3,
      "trimming_threshold": 0.3,
      "trim_method": "relevance",
      "soft_trim_relaxation": 2
    },
    "fold": 3,
    "seed": 47659
  },
  "hparams": {
    "seed": 47659,
    "fold": 3,
    "dataset": "energy_efficiency",
    "n_features": 8,
    "n_train": 523,
    "n_val": 92,
    "n_test": 153,
    "L": 3,
    "bond_dim": 18,
    "model": "MPO2",
    "init_strength": 0.01,
    "bond_prior_alpha": 1.0,
    "added_bias": false,
    "n_epochs": 100,
    "batch_size": 256,
    "patience": 100,
    "min_delta": 0.0001,
    "warmup_epochs": 5,
    "trim_every": 3,
    "trimming_threshold": 0.3,
    "trim_method": "relevance",
    "soft_trim_relaxation": 2
  },
  "metrics_log": [
    {
      "step": 0,
      "train_loss": 2134.751814522551,
      "train_quality": -19.47671474531964,
      "val_loss": 2364.8061300059876,
      "val_quality": -24.745874728638704,
      "patience_counter": 0,
      "elbo_raw": -570230.7714805009,
      "elbo_relative": 0.0,
      "e_log_p_nodes": -2930.855938215664,
      "e_log_p_bonds": -1139.806107851716,
      "e_log_p_tau": -1.0,
      "h_nodes": -1129.609703260243,
      "h_bonds": 60.0,
      "h_tau": 1.0,
      "tau_mean": 1.0,
      "bond_mean_avg": 1.0,
      "n_parameters": 2880,
      "dim_x0": 8,
      "dim_b0": 18,
      "dim_x1": 8,
      "dim_b1": 18,
      "dim_x2": 8
    },
    {
      "step": 1,
      "train_loss": 0.557211189879165,
      "train_quality": 0.9946551844994648,
      "val_loss": 0.5737500614449216,
      "val_quality": 0.993753527183443,
      "patience_counter": 0,
      "elbo_raw": -3797.9911996581136,
      "elbo_relative": 566432.7802808428,
      "e_log_p_nodes": -4304.110625829068,
      "e_log_p_bonds": -1139.806107851716,
      "e_log_p_tau": -1.403895901053586,
      "h_nodes": 2241.8429718412317,
      "h_bonds": 60.0,
      "h_tau": -1.028206900760324,
      "tau_mean": 1.403895901053586,
      "bond_mean_avg": 1.0,
      "n_parameters": 2880,
      "dim_x0": 8,
      "dim_b0": 18,
      "dim_x1": 8,
      "dim_b1": 18,
      "dim_x2": 8
    },
    {
      "step": 2,
      "train_loss": 0.8813125911316922,
      "train_quality": 0.9915463772381904,
      "val_loss": 1.1428560790276274,
      "val_quality": 0.98755761452486,
      "patience_counter": 1,
      "elbo_raw": -3307.874255106348,
      "elbo_relative": 566922.8972253946,
      "e_log_p_nodes": -4348.089577274272,
      "e_log_p_bonds": -1139.806107851716,
      "e_log_p_tau": -1.000120907720712,
      "h_nodes": 2864.9605950180176,
      "h_bonds": 60.0,
      "h_tau": -1.3673371586544363,
      "tau_mean": 1.000120907720712,
      "bond_mean_avg": 1.0,
      "n_parameters": 2880,
      "dim_x0": 8,
      "dim_b0": 18,
      "dim_x1": 8,
      "dim_b1": 18,
      "dim_x2": 8
    },
    {
      "step": 3,
      "train_loss": 0.9605646607905588,
      "train_quality": 0.990786184876558,
      "val_loss": 1.2651458985746047,
      "val_quality": 0.9862262333453651,
      "patience_counter": 2,
      "elbo_raw": -3155.8177238039534,
      "elbo_relative": 567074.953756697,
      "e_log_p_nodes": -4314.759716575913,
      "e_log_p_bonds": -1139.806107851716,
      "e_log_p_tau": -0.885444624256991,
      "h_nodes": 3015.6561218610227,
      "h_bonds": 60.0,
      "h_tau": -1.4891234189110492,
      "tau_mean": 0.885444624256991,
      "bond_mean_avg": 1.0,
      "n_parameters": 2880,
      "dim_x0": 8,
      "dim_b0": 18,
      "dim_x1": 8,
      "dim_b1": 18,
      "dim_x2": 8
    },
    {
      "step": 4,
      "train_loss": 1.0229224698385506,
      "train_quality": 0.9901880436503357,
      "val_loss": 1.1913902803304728,
      "val_quality": 0.9870292179468309,
      "patience_counter": 3,
      "elbo_raw": -3120.5091423585122,
      "elbo_relative": 567110.2623381424,
      "e_log_p_nodes": -4303.467572319938,
      "e_log_p_bonds": -1139.806107851716,
      "e_log_p_tau": -0.8246252042637787,
      "h_nodes": 3058.352267195072,
      "h_bonds": 60.0,
      "h_tau": -1.5602843528004087,
      "tau_mean": 0.8246252042637787,
      "bond_mean_avg": 1.0,
      "n_parameters": 2880,
      "dim_x0": 8,
      "dim_b0": 18,
      "dim_x1": 8,
      "dim_b1": 18,
      "dim_x2": 8
    },
    {
      "step": 5,
      "train_loss": 0.9514069008408883,
      "train_quality": 0.990874026862179,
      "val_loss": 1.1147539416113987,
      "val_quality": 0.9878635652327615,
      "patience_counter": 4,
      "elbo_raw": -3086.625257243267,
      "elbo_relative": 567144.1462232576,
      "e_log_p_nodes": -4306.842869059243,
      "e_log_p_bonds": -1139.806107851716,
      "e_log_p_tau": -0.863686833997752,
      "h_nodes": 3083.4625982123434,
      "h_bonds": 60.0,
      "h_tau": -1.5140030955999464,
      "tau_mean": 0.863686833997752,
      "bond_mean_avg": 1.0,
      "n_parameters": 2880,
      "dim_x0": 8,
      "dim_b0": 18,
      "dim_x1": 8,
      "dim_b1": 18,
      "dim_x2": 8
    },
    {
      "step": 6,
      "train_loss": 0.8203250444087059,
      "train_quality": 0.9921313747956431,
      "val_loss": 0.9095446682799254,
      "val_quality": 0.9900976985840371,
      "patience_counter": 5,
      "elbo_raw": -1660.7263089740713,
      "elbo_relative": 568570.0451715268,
      "e_log_p_nodes": -3086.910834484211,
      "e_log_p_bonds": -913.2422509362458,
      "e_log_p_tau": -0.9806508882234958,
      "h_nodes": 3094.474782597252,
      "h_bonds": -4.948217226314469,
      "h_tau": -1.386996815191651,
      "tau_mean": 0.9806508882234958,
      "bond_mean_avg": 2.978569527071165,
      "n_parameters": 2880,
      "dim_x0": 8,
      "dim_b0": 18,
      "dim_x1": 8,
      "dim_b1": 18,
      "dim_x2": 8
    },
    {
      "step": 7,
      "train_loss": 1.6174431556388442,
      "train_quality": 0.9844853524004645,
      "val_loss": 1.6465685026713905,
      "val_quality": 0.9820736482944619,
      "patience_counter": 6,
      "elbo_raw": -286.26050299257713,
      "elbo_relative": 569944.5109775084,
      "e_log_p_nodes": -3005.3047945713074,
      "e_log_p_bonds": -1091.546340832982,
      "e_log_p_tau": -0.5560378899031694,
      "h_nodes": 4725.0715578950185,
      "h_bonds": -15.443897256536445,
      "h_tau": -1.9543768988119155,
      "tau_mean": 0.5560378899031694,
      "bond_mean_avg": 4.015544468774804,
      "n_parameters": 2880,
      "dim_x0": 8,
      "dim_b0": 18,
      "dim_x1": 8,
      "dim_b1": 18,
      "dim_x2": 8
    },
    {
      "step": 8,
      "train_loss": 821.516648280071,
      "train_quality": -6.880055166564843,
      "val_loss": 862.8848750000037,
      "val_quality": -8.394311700693583,
      "patience_counter": 7,
      "elbo_raw": -17716.000126354804,
      "elbo_relative": 571088.0083613185,
      "e_log_p_nodes": -370.5691544070058,
      "e_log_p_bonds": -1270.4003215125986,
      "e_log_p_tau": -0.0702767653631085,
      "h_nodes": 270.6807650006603,
      "h_bonds": -68.60190572368134,
      "h_tau": -4.022772100787279,
      "tau_mean": 0.0702767653631085,
      "bond_mean_avg": 4.050916902208344,
      "n_parameters": 296,
      "dim_x0": 8,
      "dim_b0": 18,
      "dim_x1": 8,
      "dim_b1": 1,
      "dim_x2": 8
    },
    {
      "step": 9,
      "train_loss": 255.4173398255932,
      "train_quality": -1.4499841026188727,
      "val_loss": 274.7743423135387,
      "val_quality": -1.991495034660851,
      "patience_counter": 8,
      "elbo_raw": -3335.9508245555617,
      "elbo_relative": 585468.0576631178,
      "e_log_p_nodes": -431.9029042256882,
      "e_log_p_bonds": -1191.4977792407028,
      "e_log_p_tau": -0.003928673023930148,