{
  "experiment_name": "kfold_energy_efficiency",
  "run_name": "energy_efficiency-MPO2-L3-d18-seed19540-fold4",
  "config": {
    "params": {
      "model": "MPO2",
      "L": 3,
      "bond_dim": 18,
      "init_strength": 0.01,
      "bond_prior_alpha": 1.0,
      "added_bias": false,
      "n_epochs": 100,
      "batch_size": 256,
      "patience": 100,
      "min_delta": 0.0001,
      "warmup_epochs": 5,
      "trim_every": 3,
      "trimming_threshold": 0.3,
      "trim_method": "relevance",
      "soft_trim_relaxation": 2
    },
    "fold": 4,
    "seed": 19540
  },
  "hparams": {
    "seed": 19540,
    "fold": 4,
    "dataset": "energy_efficiency",
    "n_features": 8,
    "n_train": 523,
    "n_val": 92,
    "n_test": 153,
    "L": 3,
    "bond_dim": 18,
    "model": "MPO2",
    "init_strength": 0.01,
    "bond_prior_alpha": 1.0,
    "added_bias": false,
    "n_epochs": 100,
    "batch_size": 256,
    "patience": 100,
    "min_delta": 0.0001,
    "warmup_epochs": 5,
    "trim_every": 3,
    "trimming_threshold": 0.3,
    "trim_method": "relevance",
    "soft_trim_relaxation": 2
  },
  "metrics_log": [
    {
      "step": 0,
      "train_loss": 2085.0715058820774,
      "train_quality": -19.39760354396502,
      "val_loss": 2310.398045599245,
      "val_quality": -22.28977853025474,
      "patience_counter": 0,
      "elbo_raw": -557097.7289386409,
      "elbo_relative": 0.0,
      "e_log_p_nodes": -2930.8559382156636,
      "e_log_p_bonds": -1139.806107851716,
      "e_log_p_tau": -1.0,
      "h_nodes": -1129.609703260243,
      "h_bonds": 60.0,
      "h_tau": 1.0,
      "tau_mean": 1.0,
      "bond_mean_avg": 1.0,
      "n_parameters": 2880,
      "dim_x0": 8,
      "dim_b0": 18,
      "dim_x1": 8,
      "dim_b1": 18,
      "dim_x2": 8
    },
    {
      "step": 1,
      "train_loss": 0.5403643431891136,
      "train_quality": 0.9947137843423726,
      "val_loss": 0.5525002484056271,
      "val_quality": 0.9944305664351701,
      "patience_counter": 0,
      "elbo_raw": -3944.8721244960734,
      "elbo_relative": 553152.8568141449,
      "e_log_p_nodes": -4464.001990346394,
      "e_log_p_bonds": -1139.806107851716,
      "e_log_p_tau": -1.4566101526893684,
      "h_nodes": 2245.1774134879324,
      "h_bonds": 60.0,
      "h_tau": -0.9913461361602458,
      "tau_mean": 1.4566101526893684,
      "bond_mean_avg": 1.0,
      "n_parameters": 2880,
      "dim_x0": 8,
      "dim_b0": 18,
      "dim_x1": 8,
      "dim_b1": 18,
      "dim_x2": 8
    },
    {
      "step": 2,
      "train_loss": 1.2735657065011035,
      "train_quality": 0.9875411043241851,
      "val_loss": 1.4116242199566253,
      "val_quality": 0.985770237508054,
      "patience_counter": 1,
      "elbo_raw": -3536.9987601491866,
      "elbo_relative": 553560.7301784917,
      "e_log_p_nodes": -4468.3335329567635,
      "e_log_p_bonds": -1139.806107851716,
      "e_log_p_tau": -0.7231063876430881,
      "h_nodes": 2841.2140018326754,
      "h_bonds": 60.0,
      "h_tau": -1.6916569792140308,
      "tau_mean": 0.7231063876430881,
      "bond_mean_avg": 1.0,
      "n_parameters": 2880,
      "dim_x0": 8,
      "dim_b0": 18,
      "dim_x1": 8,
      "dim_b1": 18,
      "dim_x2": 8
    },
    {
      "step": 3,
      "train_loss": 1.5008944921486893,
      "train_quality": 0.9853172177904669,
      "val_loss": 1.4199126262516368,
      "val_quality": 0.9856866869063093,
      "patience_counter": 2,
      "elbo_raw": -3357.9286455400006,
      "elbo_relative": 553739.8002931009,
      "e_log_p_nodes": -4423.1519567678915,
      "e_log_p_bonds": -1139.806107851716,
      "e_log_p_tau": -0.577801697702404,
      "h_nodes": 3033.9880292156563,
      "h_bonds": 60.0,
      "h_tau": -1.9159826118025194,
      "tau_mean": 0.577801697702404,
      "bond_mean_avg": 1.0,
      "n_parameters": 2880,
      "dim_x0": 8,
      "dim_b0": 18,
      "dim_x1": 8,
      "dim_b1": 18,
      "dim_x2": 8
    },
    {
      "step": 4,
      "train_loss": 1.2469573232116014,
      "train_quality": 0.9878014058302744,
      "val_loss": 1.1363694879046236,
      "val_quality": 0.9885449203213063,
      "patience_counter": 3,
      "elbo_raw": -3226.2472412133534,
      "elbo_relative": 553871.4816974276,
      "e_log_p_nodes": -4390.114875674495,
      "e_log_p_bonds": -1139.806107851716,
      "e_log_p_tau": -0.6492535882297158,
      "h_nodes": 3102.026715608442,
      "h_bonds": 60.0,
      "h_tau": -1.7993899607904495,
      "tau_mean": 0.6492535882297158,
      "bond_mean_avg": 1.0,
      "n_parameters": 2880,
      "dim_x0": 8,
      "dim_b0": 18,
      "dim_x1": 8,
      "dim_b1": 18,
      "dim_x2": 8
    },
    {
      "step": 5,
      "train_loss": 0.9689720766715012,
      "train_quality": 0.9905208487050153,
      "val_loss": 0.9051215292181544,
      "val_quality": 0.9908759964549794,
      "patience_counter": 4,
      "elbo_raw": -3172.9785032037726,
      "elbo_relative": 553924.7504354372,
      "e_log_p_nodes": -4397.9368058050795,
      "e_log_p_bonds": -1139.806107851716,
      "e_log_p_tau": -0.8137523637798032,
      "h_nodes": 3103.836363802206,
      "h_bonds": 60.0,
      "h_tau": -1.5735572397313717,
      "tau_mean": 0.8137523637798032,
      "bond_mean_avg": 1.0,
      "n_parameters": 2880,
      "dim_x0": 8,
      "dim_b0": 18,
      "dim_x1": 8,
      "dim_b1": 18,
      "dim_x2": 8
    },
    {
      "step": 6,
      "train_loss": 0.7639677076562758,
      "train_quality": 0.9925263424409169,
      "val_loss": 0.7287218067456647,
      "val_quality": 0.9926541794295572,
      "patience_counter": 5,
      "elbo_raw": -1654.9354025953144,
      "elbo_relative": 555442.7935360456,
      "e_log_p_nodes": -3068.282294710037,
      "e_log_p_bonds": -931.047339407774,
      "e_log_p_tau": -1.028666947148606,
      "h_nodes": 3089.649257694201,
      "h_bonds": -7.703379726109063,
      "h_tau": -1.339194321127934,
      "tau_mean": 1.028666947148606,
      "bond_mean_avg": 2.854212680198508,
      "n_parameters": 2880,
      "dim_x0": 8,
      "dim_b0": 18,
      "dim_x1": 8,
      "dim_b1": 18,
      "dim_x2": 8
    },
    {
      "step": 7,
      "train_loss": 1.6211957454819634,
      "train_quality": 0.9841403481893949,
      "val_loss": 1.5741699584334243,
      "val_quality": 0.9841317084860216,
      "patience_counter": 6,
      "elbo_raw": -210.73070577902763,
      "elbo_relative": 556886.9982328619,
      "e_log_p_nodes": -3008.6113837218127,
      "e_log_p_bonds": -1103.3984743208262,
      "e_log_p_tau": -0.5574328318469051,
      "h_nodes": 4818.009506787962,
      "h_bonds": -18.35096798182702,
      "h_tau": -1.9518713229647346,
      "tau_mean": 0.5574328318469051,
      "bond_mean_avg": 3.8003453733300825,
      "n_parameters": 2880,
      "dim_x0": 8,
      "dim_b0": 18,
      "dim_x1": 8,
      "dim_b1": 18,
      "dim_x2": 8
    },
    {
      "step": 8,
      "train_loss": 474.3002117492235,
      "train_quality": -3.639930886200731,
      "val_loss": 396.56456474294924,
      "val_quality": -2.997536659712093,
      "patience_counter": 7,
      "elbo_raw": -9091.021060352989,
      "elbo_relative": 557956.3356239138,
      "e_log_p_nodes": -370.7099614188749,
      "e_log_p_bonds": -1273.2505055455397,
      "e_log_p_tau": -0.05136116020018939,
      "h_nodes": 254.3728281762947,
      "h_bonds": -69.08857341884837,
      "h_tau": -4.336331089354417,
      "tau_mean": 0.05136116020018939,
      "bond_mean_avg": 4.137592602128176,
      "n_parameters": 296,
      "dim_x0": 8,
      "dim_b0": 18,
      "dim_x1": 8,
      "dim_b1": 1,
      "dim_x2": 8
    },
    {
      "step": 9,
      "train_loss": 317.41803825367583,
      "train_quality": -2.1052015644243216,
      "val_loss": 312.5884833554548,
      "val_quality": -2.1510226397237657,
      "patience_counter": 8,
      "elbo_raw": -3378.4447548379608,
      "elbo_relative": 563668.9119294288,
      "e_log_p_nodes": -623.4653744009105,
      "e_log_p_bonds": -981.7631237919134,