{
  "experiment_name": "kfold_energy_efficiency",
  "run_name": "energy_efficiency-MPO2-L3-d18-seed42806-fold3",
  "config": {
    "params": {
      "model": "MPO2",
      "L": 3,
      "bond_dim": 18,
      "init_strength": 0.01,
      "bond_prior_alpha": 1.0,
      "added_bias": false,
      "n_epochs": 100,
      "batch_size": 256,
      "patience": 100,
      "min_delta": 0.0001,
      "warmup_epochs": 5,
      "trim_every": 3,
      "trimming_threshold": 0.3,
      "trim_method": "relevance",
      "soft_trim_relaxation": 2
    },
    "fold": 3,
    "seed": 42806
  },
  "hparams": {
    "seed": 42806,
    "fold": 3,
    "dataset": "energy_efficiency",
    "n_features": 8,
    "n_train": 523,
    "n_val": 92,
    "n_test": 153,
    "L": 3,
    "bond_dim": 18,
    "model": "MPO2",
    "init_strength": 0.01,
    "bond_prior_alpha": 1.0,
    "added_bias": false,
    "n_epochs": 100,
    "batch_size": 256,
    "patience": 100,
    "min_delta": 0.0001,
    "warmup_epochs": 5,
    "trim_every": 3,
    "trimming_threshold": 0.3,
    "trim_method": "relevance",
    "soft_trim_relaxation": 2
  },
  "metrics_log": [
    {
      "step": 0,
      "train_loss": 1272.1526347898546,
      "train_quality": -11.370913169361504,
      "val_loss": 1170.6687626863197,
      "val_quality": -10.542612574786405,
      "patience_counter": 0,
      "elbo_raw": -344639.07383235876,
      "elbo_relative": 0.0,
      "e_log_p_nodes": -2930.855938215664,
      "e_log_p_bonds": -1139.806107851716,
      "e_log_p_tau": -1.0,
      "h_nodes": -1129.609703260243,
      "h_bonds": 60.0,
      "h_tau": 1.0,
      "tau_mean": 1.0,
      "bond_mean_avg": 1.0,
      "n_parameters": 2880,
      "dim_x0": 8,
      "dim_b0": 18,
      "dim_x1": 8,
      "dim_b1": 18,
      "dim_x2": 8
    },
    {
      "step": 1,
      "train_loss": 0.6229967196263321,
      "train_quality": 0.9939417345745092,
      "val_loss": 0.9947955635157076,
      "val_quality": 0.9901914699129502,
      "patience_counter": 0,
      "elbo_raw": -3946.2077163438016,
      "elbo_relative": 340692.86611601495,
      "e_log_p_nodes": -4436.24346260226,
      "e_log_p_bonds": -1139.806107851716,
      "e_log_p_tau": -1.2926349743164272,
      "h_nodes": 2247.433558029093,
      "h_bonds": 60.0,
      "h_tau": -1.1107753082467298,
      "tau_mean": 1.2926349743164272,
      "bond_mean_avg": 1.0,
      "n_parameters": 2880,
      "dim_x0": 8,
      "dim_b0": 18,
      "dim_x1": 8,
      "dim_b1": 18,
      "dim_x2": 8
    },
    {
      "step": 2,
      "train_loss": 1.652692984942953,
      "train_quality": 0.9839285626164509,
      "val_loss": 2.2165918570527627,
      "val_quality": 0.9781447478075044,
      "patience_counter": 1,
      "elbo_raw": -3561.4928211361803,
      "elbo_relative": 341077.58101122256,
      "e_log_p_nodes": -4459.417793256277,
      "e_log_p_bonds": -1139.806107851716,
      "e_log_p_tau": -0.563019524615528,
      "h_nodes": 2873.4926603599765,
      "h_bonds": 60.0,
      "h_tau": -1.9418990309088713,
      "tau_mean": 0.563019524615528,
      "bond_mean_avg": 1.0,
      "n_parameters": 2880,
      "dim_x0": 8,
      "dim_b0": 18,
      "dim_x1": 8,
      "dim_b1": 18,
      "dim_x2": 8
    },
    {
      "step": 3,
      "train_loss": 2.985002064853629,
      "train_quality": 0.9709726644863106,
      "val_loss": 3.099963157656883,
      "val_quality": 0.9694348436847011,
      "patience_counter": 2,
      "elbo_raw": -3428.5144491184437,
      "elbo_relative": 341210.5593832403,
      "e_log_p_nodes": -4364.26106358224,
      "e_log_p_bonds": -1139.806107851716,
      "e_log_p_tau": -0.3047574847096744,
      "h_nodes": 3072.4363251698974,
      "h_bonds": 60.0,
      "h_tau": -2.555697009825735,
      "tau_mean": 0.3047574847096744,
      "bond_mean_avg": 1.0,
      "n_parameters": 2880,
      "dim_x0": 8,
      "dim_b0": 18,
      "dim_x1": 8,
      "dim_b1": 18,
      "dim_x2": 8
    },
    {
      "step": 4,
      "train_loss": 2.7682483323589953,
      "train_quality": 0.9730804631344414,
      "val_loss": 3.1407819364950833,
      "val_quality": 0.9690323768512784,
      "patience_counter": 3,
      "elbo_raw": -3267.2051322608577,
      "elbo_relative": 341371.8687000979,
      "e_log_p_nodes": -4308.974719997358,
      "e_log_p_bonds": -1139.806107851716,
      "e_log_p_tau": -0.29910602486359766,
      "h_nodes": 3183.372822570285,
      "h_bonds": 60.0,
      "h_tau": -2.574415229306851,
      "tau_mean": 0.29910602486359766,
      "bond_mean_avg": 1.0,
      "n_parameters": 2880,
      "dim_x0": 8,
      "dim_b0": 18,
      "dim_x1": 8,
      "dim_b1": 18,
      "dim_x2": 8
    },
    {
      "step": 5,
      "train_loss": 1.6727745873338642,
      "train_quality": 0.9837332812070619,
      "val_loss": 2.2527572949228127,
      "val_quality": 0.9777881621948725,
      "patience_counter": 4,
      "elbo_raw": -3118.6717027346003,
      "elbo_relative": 341520.40212962416,
      "e_log_p_nodes": -4281.514564242519,
      "e_log_p_bonds": -1139.806107851716,
      "e_log_p_tau": -0.44209624768668204,
      "h_nodes": 3201.879631363493,
      "h_bonds": 60.0,
      "h_tau": -2.1836857247287753,
      "tau_mean": 0.44209624768668204,
      "bond_mean_avg": 1.0,
      "n_parameters": 2880,
      "dim_x0": 8,
      "dim_b0": 18,
      "dim_x1": 8,
      "dim_b1": 18,
      "dim_x2": 8
    },
    {
      "step": 6,
      "train_loss": 1.0906877027167856,
      "train_quality": 0.9893937232874351,
      "val_loss": 1.759730010733373,
      "val_quality": 0.9826493348096941,
      "patience_counter": 5,
      "elbo_raw": -1677.4615876330595,
      "elbo_relative": 342961.6122447257,
      "e_log_p_nodes": -3079.0807474719104,
      "e_log_p_bonds": -915.049147154353,
      "e_log_p_tau": -0.6724873785956983,
      "h_nodes": 3171.114222305419,
      "h_bonds": -5.322453179074053,
      "h_tau": -1.7642299946360254,
      "tau_mean": 0.6724873785956983,
      "bond_mean_avg": 2.959479570186336,
      "n_parameters": 2880,
      "dim_x0": 8,
      "dim_b0": 18,
      "dim_x1": 8,
      "dim_b1": 18,
      "dim_x2": 8
    },
    {
      "step": 7,
      "train_loss": 1.9838331544369296,
      "train_quality": 0.9807084252118113,
      "val_loss": 2.6653760864681644,
      "val_quality": 0.973719804856153,
      "patience_counter": 6,
      "elbo_raw": -309.00262650321656,
      "elbo_relative": 344330.0712058555,
      "e_log_p_nodes": -3005.267564824834,
      "e_log_p_bonds": -1085.6227874636318,
      "e_log_p_tau": -0.4449718702010261,
      "h_nodes": 4754.9596171220255,
      "h_bonds": -15.543162615836096,
      "h_tau": -2.177202270911721,
      "tau_mean": 0.4449718702010261,
      "bond_mean_avg": 3.9165068664991374,
      "n_parameters": 2880,
      "dim_x0": 8,
      "dim_b0": 18,
      "dim_x1": 8,
      "dim_b1": 18,
      "dim_x2": 8
    },
    {
      "step": 8,
      "train_loss": 380.63923800146495,
      "train_quality": -2.701485838565198,
      "val_loss": 357.51910086464744,
      "val_quality": -2.525082927725097,
      "patience_counter": 7,
      "elbo_raw": -9092.36441326825,
      "elbo_relative": 345454.1876886569,
      "e_log_p_nodes": -369.1032686671395,
      "e_log_p_bonds": -1260.1119713565008,
      "e_log_p_tau": -0.06492528273134295,
      "h_nodes": 267.7557966339949,
      "h_bonds": -67.65140690944183,
      "h_tau": -4.101976225771523,
      "tau_mean": 0.06492528273134295,
      "bond_mean_avg": 4.472129366120915,
      "n_parameters": 296,
      "dim_x0": 8,
      "dim_b0": 18,
      "dim_x1": 8,
      "dim_b1": 1,
      "dim_x2": 8
    },
    {
      "step": 9,
      "train_loss": 105.33319578125875,
      "train_quality": -0.024301473915950167,
      "val_loss": 104.06063978636496,
      "val_quality": -0.02602178141508804,
      "patience_counter": 8,
      "elbo_raw": -3074.9592197226216,
      "elbo_relative": 351471.59288220253,
      "e_log_p_nodes": -561.9599087494481,
      "e_log_p_bonds": -1009.840203733622,