{
  "experiment_name": "kfold_energy_efficiency",
  "run_name": "energy_efficiency-MPO2-L3-d18-seed42806-fold4",
  "config": {
    "params": {
      "model": "MPO2",
      "L": 3,
      "bond_dim": 18,
      "init_strength": 0.01,
      "bond_prior_alpha": 1.0,
      "added_bias": false,
      "n_epochs": 100,
      "batch_size": 256,
      "patience": 100,
      "min_delta": 0.0001,
      "warmup_epochs": 5,
      "trim_every": 3,
      "trimming_threshold": 0.3,
      "trim_method": "relevance",
      "soft_trim_relaxation": 2
    },
    "fold": 4,
    "seed": 42806
  },
  "hparams": {
    "seed": 42806,
    "fold": 4,
    "dataset": "energy_efficiency",
    "n_features": 8,
    "n_train": 523,
    "n_val": 92,
    "n_test": 153,
    "L": 3,
    "bond_dim": 18,
    "model": "MPO2",
    "init_strength": 0.01,
    "bond_prior_alpha": 1.0,
    "added_bias": false,
    "n_epochs": 100,
    "batch_size": 256,
    "patience": 100,
    "min_delta": 0.0001,
    "warmup_epochs": 5,
    "trim_every": 3,
    "trimming_threshold": 0.3,
    "trim_method": "relevance",
    "soft_trim_relaxation": 2
  },
  "metrics_log": [
    {
      "step": 0,
      "train_loss": 1111.9523856282879,
      "train_quality": -10.339956422875092,
      "val_loss": 890.5284064338158,
      "val_quality": -7.532807550791086,
      "patience_counter": 0,
      "elbo_raw": -302730.0356948431,
      "elbo_relative": 0.0,
      "e_log_p_nodes": -2930.855938215664,
      "e_log_p_bonds": -1139.806107851716,
      "e_log_p_tau": -1.0,
      "h_nodes": -1129.609703260243,
      "h_bonds": 60.0,
      "h_tau": 1.0,
      "tau_mean": 1.0,
      "bond_mean_avg": 1.0,
      "n_parameters": 2880,
      "dim_x0": 8,
      "dim_b0": 18,
      "dim_x1": 8,
      "dim_b1": 18,
      "dim_x2": 8
    },
    {
      "step": 1,
      "train_loss": 0.66812906351451,
      "train_quality": 0.9931862599846576,
      "val_loss": 0.618740346817079,
      "val_quality": 0.9940713937195531,
      "patience_counter": 0,
      "elbo_raw": -3889.2272881225967,
      "elbo_relative": 298840.8084067205,
      "e_log_p_nodes": -4362.826882047667,
      "e_log_p_bonds": -1139.806107851716,
      "e_log_p_tau": -1.2222723796728325,
      "h_nodes": 2245.68970636487,
      "h_bonds": 60.0,
      "h_tau": -1.1667463265321203,
      "tau_mean": 1.2222723796728325,
      "bond_mean_avg": 1.0,
      "n_parameters": 2880,
      "dim_x0": 8,
      "dim_b0": 18,
      "dim_x1": 8,
      "dim_b1": 18,
      "dim_x2": 8
    },
    {
      "step": 2,
      "train_loss": 1.4001803830352753,
      "train_quality": 0.9857206255114844,
      "val_loss": 1.7613523044091879,
      "val_quality": 0.9831231882845245,
      "patience_counter": 1,
      "elbo_raw": -3417.2336500307047,
      "elbo_relative": 299312.8020448124,
      "e_log_p_nodes": -4372.914493687199,
      "e_log_p_bonds": -1139.806107851716,
      "e_log_p_tau": -0.6519615650119047,
      "h_nodes": 2892.7473226288257,
      "h_bonds": 60.0,
      "h_tau": -1.7952277272277115,
      "tau_mean": 0.6519615650119047,
      "bond_mean_avg": 1.0,
      "n_parameters": 2880,
      "dim_x0": 8,
      "dim_b0": 18,
      "dim_x1": 8,
      "dim_b1": 18,
      "dim_x2": 8
    },
    {
      "step": 3,
      "train_loss": 1.4203006259293338,
      "train_quality": 0.9855154344614132,
      "val_loss": 1.659402284403927,
      "val_quality": 0.9841000463995708,
      "patience_counter": 2,
      "elbo_raw": -3151.895532852627,
      "elbo_relative": 299578.1401619905,
      "e_log_p_nodes": -4283.94763583387,
      "e_log_p_bonds": -1139.806107851716,
      "e_log_p_tau": -0.5926781987856339,
      "h_nodes": 3094.143771325839,
      "h_bonds": 60.0,
      "h_tau": -1.8905617528134826,
      "tau_mean": 0.5926781987856339,
      "bond_mean_avg": 1.0,
      "n_parameters": 2880,
      "dim_x0": 8,
      "dim_b0": 18,
      "dim_x1": 8,
      "dim_b1": 18,
      "dim_x2": 8
    },
    {
      "step": 4,
      "train_loss": 1.0095226415699672,
      "train_quality": 0.9897046466096291,
      "val_loss": 1.1657535113032138,
      "val_quality": 0.9888300583207185,
      "patience_counter": 3,
      "elbo_raw": -3024.7905476680407,
      "elbo_relative": 299705.24514717504,
      "e_log_p_nodes": -4264.994552715781,
      "e_log_p_bonds": -1139.806107851716,
      "e_log_p_tau": -0.7656385273883908,
      "h_nodes": 3135.0802642296317,
      "h_bonds": 60.0,
      "h_tau": -1.6345031760458824,
      "tau_mean": 0.7656385273883908,
      "bond_mean_avg": 1.0,
      "n_parameters": 2880,
      "dim_x0": 8,
      "dim_b0": 18,
      "dim_x1": 8,
      "dim_b1": 18,
      "dim_x2": 8
    },
    {
      "step": 5,
      "train_loss": 0.725916414046242,
      "train_quality": 0.9925969307604094,
      "val_loss": 0.8181747374175241,
      "val_quality": 0.9921604661604676,
      "patience_counter": 4,
      "elbo_raw": -2968.900274509332,
      "elbo_relative": 299761.13542033377,
      "e_log_p_nodes": -4276.149721433118,
      "e_log_p_bonds": -1139.806107851716,
      "e_log_p_tau": -1.0455799059288118,
      "h_nodes": 3120.326395536676,
      "h_bonds": 60.0,
      "h_tau": -1.3228863936653852,
      "tau_mean": 1.0455799059288118,
      "bond_mean_avg": 1.0,
      "n_parameters": 2880,
      "dim_x0": 8,
      "dim_b0": 18,
      "dim_x1": 8,
      "dim_b1": 18,
      "dim_x2": 8
    },
    {
      "step": 6,
      "train_loss": 0.5983116096014064,
      "train_quality": 0.9938982750809545,
      "val_loss": 0.6887163592307498,
      "val_quality": 0.9934009020847172,
      "patience_counter": 5,
      "elbo_raw": -1579.60270282302,
      "elbo_relative": 301150.4329920201,
      "e_log_p_nodes": -3064.0695859022317,
      "e_log_p_bonds": -925.7663691449297,
      "e_log_p_tau": -1.3035126987710133,
      "h_nodes": 3092.141427865898,
      "h_bonds": -6.516326582968787,
      "h_tau": -1.1023953626656748,
      "tau_mean": 1.3035126987710133,
      "bond_mean_avg": 2.988848341690081,
      "n_parameters": 2880,
      "dim_x0": 8,
      "dim_b0": 18,
      "dim_x1": 8,
      "dim_b1": 18,
      "dim_x2": 8
    },
    {
      "step": 7,
      "train_loss": 1.7114235659011217,
      "train_quality": 0.982546493078987,
      "val_loss": 2.057217235752886,
      "val_quality": 0.9802882888001907,
      "patience_counter": 6,
      "elbo_raw": -274.4729512738695,
      "elbo_relative": 302455.56274356926,
      "e_log_p_nodes": -3010.981602447641,
      "e_log_p_bonds": -1098.869598914412,
      "e_log_p_tau": -0.5413104751384451,
      "h_nodes": 4758.4692790553045,
      "h_bonds": -17.007565021391066,
      "h_tau": -1.981220332615976,
      "tau_mean": 0.5413104751384451,
      "bond_mean_avg": 3.938007483957186,
      "n_parameters": 2880,
      "dim_x0": 8,
      "dim_b0": 18,
      "dim_x1": 8,
      "dim_b1": 18,
      "dim_x2": 8
    },
    {
      "step": 8,
      "train_loss": 226.3686059499751,
      "train_quality": -1.3085611939483002,
      "val_loss": 214.5024035214297,
      "val_quality": -1.0553052717993454,
      "patience_counter": 7,
      "elbo_raw": -4926.394221954087,
      "elbo_relative": 303437.4448765172,
      "e_log_p_nodes": -370.4734998024665,
      "e_log_p_bonds": -1274.9887376871316,
      "e_log_p_tau": -0.03607472532316535,
      "h_nodes": 278.6791043195499,
      "h_bonds": -69.4021533196558,
      "h_tau": -4.68962084746704,
      "tau_mean": 0.03607472532316535,
      "bond_mean_avg": 4.019523996041416,
      "n_parameters": 296,
      "dim_x0": 8,
      "dim_b0": 18,
      "dim_x1": 8,
      "dim_b1": 1,
      "dim_x2": 8
    },
    {
      "step": 9,
      "train_loss": 364.33486611653393,
      "train_quality": -2.7155741185456206,
      "val_loss": 364.04019003243997,
      "val_quality": -2.4881367734686464,
      "patience_counter": 8,
      "elbo_raw": -3342.4440263998963,
      "elbo_relative": 305021.39507207146,
      "e_log_p_nodes": -599.4127791367259,
      "e_log_p_bonds": -975.314674997717,