{
  "experiment_name": "kfold_energy_efficiency",
  "run_name": "energy_efficiency-MPO2-L3-d18-seed19540-fold3",
  "config": {
    "params": {
      "model": "MPO2",
      "L": 3,
      "bond_dim": 18,
      "init_strength": 0.01,
      "bond_prior_alpha": 1.0,
      "added_bias": false,
      "n_epochs": 100,
      "batch_size": 256,
      "patience": 100,
      "min_delta": 0.0001,
      "warmup_epochs": 5,
      "trim_every": 3,
      "trimming_threshold": 0.3,
      "trim_method": "relevance",
      "soft_trim_relaxation": 2
    },
    "fold": 3,
    "seed": 19540
  },
  "hparams": {
    "seed": 19540,
    "fold": 3,
    "dataset": "energy_efficiency",
    "n_features": 8,
    "n_train": 523,
    "n_val": 92,
    "n_test": 153,
    "L": 3,
    "bond_dim": 18,
    "model": "MPO2",
    "init_strength": 0.01,
    "bond_prior_alpha": 1.0,
    "added_bias": false,
    "n_epochs": 100,
    "batch_size": 256,
    "patience": 100,
    "min_delta": 0.0001,
    "warmup_epochs": 5,
    "trim_every": 3,
    "trimming_threshold": 0.3,
    "trim_method": "relevance",
    "soft_trim_relaxation": 2
  },
  "metrics_log": [
    {
      "step": 0,
      "train_loss": 2090.771616785126,
      "train_quality": -19.158978014064225,
      "val_loss": 2193.8791810276844,
      "val_quality": -22.381503002205022,
      "patience_counter": 0,
      "elbo_raw": -558635.1705959507,
      "elbo_relative": 0.0,
      "e_log_p_nodes": -2930.8559382156636,
      "e_log_p_bonds": -1139.806107851716,
      "e_log_p_tau": -1.0,
      "h_nodes": -1129.609703260243,
      "h_bonds": 60.0,
      "h_tau": 1.0,
      "tau_mean": 1.0,
      "bond_mean_avg": 1.0,
      "n_parameters": 2880,
      "dim_x0": 8,
      "dim_b0": 18,
      "dim_x1": 8,
      "dim_b1": 18,
      "dim_x2": 8
    },
    {
      "step": 1,
      "train_loss": 0.5566981786874158,
      "train_quality": 0.9946323805744572,
      "val_loss": 0.8147230324343708,
      "val_quality": 0.9913170017776884,
      "patience_counter": 0,
      "elbo_raw": -3720.1934386161565,
      "elbo_relative": 554914.9771573346,
      "e_log_p_nodes": -4223.688759909528,
      "e_log_p_bonds": -1139.806107851716,
      "e_log_p_tau": -1.4185600490090697,
      "h_nodes": 2236.4911677703985,
      "h_bonds": 60.0,
      "h_tau": -1.017815751943317,
      "tau_mean": 1.4185600490090697,
      "bond_mean_avg": 1.0,
      "n_parameters": 2880,
      "dim_x0": 8,
      "dim_b0": 18,
      "dim_x1": 8,
      "dim_b1": 18,
      "dim_x2": 8
    },
    {
      "step": 2,
      "train_loss": 1.271752570941544,
      "train_quality": 0.9877379088604803,
      "val_loss": 2.24611312339455,
      "val_quality": 0.9760618081469095,
      "patience_counter": 1,
      "elbo_raw": -3412.4499528057277,
      "elbo_relative": 555222.7206431449,
      "e_log_p_nodes": -4346.8971337265175,
      "e_log_p_bonds": -1139.806107851716,
      "e_log_p_tau": -0.7222448476918224,
      "h_nodes": 2844.639339159639,
      "h_bonds": 60.0,
      "h_tau": -1.6928491324183597,
      "tau_mean": 0.7222448476918224,
      "bond_mean_avg": 1.0,
      "n_parameters": 2880,
      "dim_x0": 8,
      "dim_b0": 18,
      "dim_x1": 8,
      "dim_b1": 18,
      "dim_x2": 8
    },
    {
      "step": 3,
      "train_loss": 1.7485917165058,
      "train_quality": 0.9831402809921358,
      "val_loss": 2.627520711854524,
      "val_quality": 0.97199691580837,
      "patience_counter": 2,
      "elbo_raw": -3291.39651949937,
      "elbo_relative": 555343.7740764513,
      "e_log_p_nodes": -4315.7284902740885,
      "e_log_p_bonds": -1139.806107851716,
      "e_log_p_tau": -0.5043623037744699,
      "h_nodes": 3028.7798353155763,
      "h_bonds": 60.0,
      "h_tau": -2.051918471535373,
      "tau_mean": 0.5043623037744699,
      "bond_mean_avg": 1.0,
      "n_parameters": 2880,
      "dim_x0": 8,
      "dim_b0": 18,
      "dim_x1": 8,
      "dim_b1": 18,
      "dim_x2": 8
    },
    {
      "step": 4,
      "train_loss": 1.4677736615559869,
      "train_quality": 0.9858478961856069,
      "val_loss": 2.16199402816439,
      "val_quality": 0.976958316439014,
      "patience_counter": 3,
      "elbo_raw": -3144.2554309998377,
      "elbo_relative": 555490.9151649509,
      "e_log_p_nodes": -4277.949870353267,
      "e_log_p_bonds": -1139.806107851716,
      "e_log_p_tau": -0.5501009666012302,
      "h_nodes": 3115.3553931640176,
      "h_bonds": 60.0,
      "h_tau": -1.9651115010312878,
      "tau_mean": 0.5501009666012302,
      "bond_mean_avg": 1.0,
      "n_parameters": 2880,
      "dim_x0": 8,
      "dim_b0": 18,
      "dim_x1": 8,
      "dim_b1": 18,
      "dim_x2": 8
    },
    {
      "step": 5,
      "train_loss": 1.002938854139217,
      "train_quality": 0.9903297796145082,
      "val_loss": 1.439094961199522,
      "val_quality": 0.9846626908871149,
      "patience_counter": 4,
      "elbo_raw": -3043.402061924431,
      "elbo_relative": 555591.7685340262,
      "e_log_p_nodes": -4284.041093851836,
      "e_log_p_bonds": -1139.806107851716,
      "e_log_p_tau": -0.7553321334134756,
      "h_nodes": 3139.0728653134224,
      "h_bonds": 60.0,
      "h_tau": -1.6480557737263553,
      "tau_mean": 0.7553321334134756,
      "bond_mean_avg": 1.0,
      "n_parameters": 2880,
      "dim_x0": 8,
      "dim_b0": 18,
      "dim_x1": 8,
      "dim_b1": 18,
      "dim_x2": 8
    },
    {
      "step": 6,
      "train_loss": 0.7752269486910996,
      "train_quality": 0.9925253514591881,
      "val_loss": 1.0878122646912964,
      "val_quality": 0.9884065239541584,
      "patience_counter": 5,
      "elbo_raw": -1628.2519400591318,
      "elbo_relative": 557006.9186558916,
      "e_log_p_nodes": -3068.670233424359,
      "e_log_p_bonds": -926.4737505268973,
      "e_log_p_tau": -0.9892026574331177,
      "h_nodes": 3121.3428676281274,
      "h_bonds": -6.630250833972674,
      "h_tau": -1.3783141159581191,
      "tau_mean": 0.9892026574331177,
      "bond_mean_avg": 2.9709417552502617,
      "n_parameters": 2880,
      "dim_x0": 8,
      "dim_b0": 18,
      "dim_x1": 8,
      "dim_b1": 18,
      "dim_x2": 8
    },
    {
      "step": 7,
      "train_loss": 1.1102959855950496,
      "train_quality": 0.9892946545748833,
      "val_loss": 1.6385365227092,
      "val_quality": 0.9825371210245947,
      "patience_counter": 6,
      "elbo_raw": -170.05441370457265,
      "elbo_relative": 558465.1161822461,
      "e_log_p_nodes": -3007.4166073238807,
      "e_log_p_bonds": -1096.6982356810427,
      "e_log_p_tau": -0.7714362705330988,
      "h_nodes": 4764.127703397375,
      "h_bonds": -16.977307659825584,
      "h_tau": -1.6269592742805798,
      "tau_mean": 0.7714362705330988,
      "bond_mean_avg": 3.896259029880086,
      "n_parameters": 2880,
      "dim_x0": 8,
      "dim_b0": 18,
      "dim_x1": 8,
      "dim_b1": 18,
      "dim_x2": 8
    },
    {
      "step": 8,
      "train_loss": 775.36988720991,
      "train_quality": -6.47602673747146,
      "val_loss": 740.6492656066479,
      "val_quality": -6.893549096559958,
      "patience_counter": 7,
      "elbo_raw": -27262.127860471355,
      "elbo_relative": 559595.6365792003,
      "e_log_p_nodes": -372.5532683452397,
      "e_log_p_bonds": -1274.7053269438775,
      "e_log_p_tau": -0.12205254393202283,
      "h_nodes": 237.32906213847141,
      "h_bonds": -69.8715902413365,
      "h_tau": -3.4707616980672356,
      "tau_mean": 0.12205254393202283,
      "bond_mean_avg": 3.74285230247595,
      "n_parameters": 296,
      "dim_x0": 8,
      "dim_b0": 18,
      "dim_x1": 8,
      "dim_b1": 1,
      "dim_x2": 8
    },
    {
      "step": 9,
      "train_loss": 139.8856614430878,
      "train_quality": -0.3487613620133876,
      "val_loss": 165.72636122404143,
      "val_quality": -0.7662464943440024,
      "patience_counter": 8,
      "elbo_raw": -3267.0425448908913,
      "elbo_relative": 583590.7218947808,
      "e_log_p_nodes": -448.57804243318776,
      "e_log_p_bonds": -1194.306507620132,
      "e_log_p_tau": -0.007174390448089259,