{
  "experiment_name": "kfold_energy_efficiency",
  "run_name": "energy_efficiency-MPO2-L3-d18-seed9536-fold4",
  "config": {
    "params": {
      "model": "MPO2",
      "L": 3,
      "bond_dim": 18,
      "init_strength": 0.01,
      "bond_prior_alpha": 1.0,
      "added_bias": false,
      "n_epochs": 100,
      "batch_size": 256,
      "patience": 100,
      "min_delta": 0.0001,
      "warmup_epochs": 5,
      "trim_every": 3,
      "trimming_threshold": 0.3,
      "trim_method": "relevance",
      "soft_trim_relaxation": 2
    },
    "fold": 4,
    "seed": 9536
  },
  "hparams": {
    "seed": 9536,
    "fold": 4,
    "dataset": "energy_efficiency",
    "n_features": 8,
    "n_train": 523,
    "n_val": 92,
    "n_test": 153,
    "L": 3,
    "bond_dim": 18,
    "model": "MPO2",
    "init_strength": 0.01,
    "bond_prior_alpha": 1.0,
    "added_bias": false,
    "n_epochs": 100,
    "batch_size": 256,
    "patience": 100,
    "min_delta": 0.0001,
    "warmup_epochs": 5,
    "trim_every": 3,
    "trimming_threshold": 0.3,
    "trim_method": "relevance",
    "soft_trim_relaxation": 2
  },
  "metrics_log": [
    {
      "step": 0,
      "train_loss": 1662.3180543831897,
      "train_quality": -15.297190532944537,
      "val_loss": 1770.1495854110287,
      "val_quality": -16.216479942463668,
      "patience_counter": 0,
      "elbo_raw": -446452.1318254425,
      "elbo_relative": 0.0,
      "e_log_p_nodes": -2930.855938215664,
      "e_log_p_bonds": -1139.806107851716,
      "e_log_p_tau": -1.0,
      "h_nodes": -1129.609703260243,
      "h_bonds": 60.0,
      "h_tau": 1.0,
      "tau_mean": 1.0,
      "bond_mean_avg": 1.0,
      "n_parameters": 2880,
      "dim_x0": 8,
      "dim_b0": 18,
      "dim_x1": 8,
      "dim_b1": 18,
      "dim_x2": 8
    },
    {
      "step": 1,
      "train_loss": 0.6542381065659062,
      "train_quality": 0.9935859187425033,
      "val_loss": 0.7100797131722498,
      "val_quality": 0.9930937626739936,
      "patience_counter": 0,
      "elbo_raw": -3769.398995597788,
      "elbo_relative": 442682.7328298447,
      "e_log_p_nodes": -4239.447190027405,
      "e_log_p_bonds": -1139.806107851716,
      "e_log_p_tau": -1.243239813517109,
      "h_nodes": 2237.673502008882,
      "h_bonds": 60.0,
      "h_tau": -1.149737333917983,
      "tau_mean": 1.243239813517109,
      "bond_mean_avg": 1.0,
      "n_parameters": 2880,
      "dim_x0": 8,
      "dim_b0": 18,
      "dim_x1": 8,
      "dim_b1": 18,
      "dim_x2": 8
    },
    {
      "step": 2,
      "train_loss": 2.091642569207815,
      "train_quality": 0.9794937572943309,
      "val_loss": 2.8166327993355136,
      "val_quality": 0.9726054213187948,
      "patience_counter": 1,
      "elbo_raw": -3515.223451512425,
      "elbo_relative": 442936.9083739301,
      "e_log_p_nodes": -4346.857990122669,
      "e_log_p_bonds": -1139.806107851716,
      "e_log_p_tau": -0.45052567971074814,
      "h_nodes": 2865.7133340869646,
      "h_bonds": 60.0,
      "h_tau": -2.1647982599370152,
      "tau_mean": 0.45052567971074814,
      "bond_mean_avg": 1.0,
      "n_parameters": 2880,
      "dim_x0": 8,
      "dim_b0": 18,
      "dim_x1": 8,
      "dim_b1": 18,
      "dim_x2": 8
    },
    {
      "step": 3,
      "train_loss": 3.568985069363004,
      "train_quality": 0.9650100475469928,
      "val_loss": 4.9191690828800265,
      "val_quality": 0.9521561473973816,
      "patience_counter": 2,
      "elbo_raw": -3370.6018044058,
      "elbo_relative": 443081.5300210367,
      "e_log_p_nodes": -4281.206994084739,
      "e_log_p_bonds": -1139.806107851716,
      "e_log_p_tau": -0.2532062049493988,
      "h_nodes": 3095.9393494800643,
      "h_bonds": 60.0,
      "h_tau": -2.7410091419594664,
      "tau_mean": 0.2532062049493988,
      "bond_mean_avg": 1.0,
      "n_parameters": 2880,
      "dim_x0": 8,
      "dim_b0": 18,
      "dim_x1": 8,
      "dim_b1": 18,
      "dim_x2": 8
    },
    {
      "step": 4,
      "train_loss": 3.0685662696503018,
      "train_quality": 0.9699161005755822,
      "val_loss": 3.782984615967681,
      "val_quality": 0.9632066807798432,
      "patience_counter": 3,
      "elbo_raw": -3193.2106283228068,
      "elbo_relative": 443258.9211971197,
      "e_log_p_nodes": -4221.680654109971,
      "e_log_p_bonds": -1139.806107851716,
      "e_log_p_tau": -0.2641591693876189,
      "h_nodes": 3202.68786333919,
      "h_bonds": 60.0,
      "h_tau": -2.698661502234927,
      "tau_mean": 0.2641591693876189,
      "bond_mean_avg": 1.0,
      "n_parameters": 2880,
      "dim_x0": 8,
      "dim_b0": 18,
      "dim_x1": 8,
      "dim_b1": 18,
      "dim_x2": 8
    },
    {
      "step": 5,
      "train_loss": 1.9118705208708453,
      "train_quality": 0.9812562234580834,
      "val_loss": 2.2033468509779905,
      "val_quality": 0.9785702422107199,
      "patience_counter": 4,
      "elbo_raw": -3061.973379874738,
      "elbo_relative": 443390.15844556777,
      "e_log_p_nodes": -4210.826464366037,
      "e_log_p_bonds": -1139.806107851716,
      "e_log_p_tau": -0.38318557963376565,
      "h_nodes": 3225.429514767919,
      "h_bonds": 60.0,
      "h_tau": -2.326693924095707,
      "tau_mean": 0.38318557963376565,
      "bond_mean_avg": 1.0,
      "n_parameters": 2880,
      "dim_x0": 8,
      "dim_b0": 18,
      "dim_x1": 8,
      "dim_b1": 18,
      "dim_x2": 8
    },
    {
      "step": 6,
      "train_loss": 1.1723876630455496,
      "train_quality": 0.9885060352483409,
      "val_loss": 1.3677045037998488,
      "val_quality": 0.9866977020750369,
      "patience_counter": 5,
      "elbo_raw": -1675.3226526396347,
      "elbo_relative": 444776.80917280284,
      "e_log_p_nodes": -3075.0963241569957,
      "e_log_p_bonds": -922.4205289107525,
      "e_log_p_tau": -0.6073109122364255,
      "h_nodes": 3204.251914938255,
      "h_bonds": -6.174335661610655,
      "h_tau": -1.8661724668615989,
      "tau_mean": 0.6073109122364255,
      "bond_mean_avg": 2.957617202524066,
      "n_parameters": 2880,
      "dim_x0": 8,
      "dim_b0": 18,
      "dim_x1": 8,
      "dim_b1": 18,
      "dim_x2": 8
    },
    {
      "step": 7,
      "train_loss": 1.9608012584040588,
      "train_quality": 0.9807765116782626,
      "val_loss": 2.2897377050660594,
      "val_quality": 0.9777300045161895,
      "patience_counter": 6,
      "elbo_raw": -326.82442941477075,
      "elbo_relative": 446125.3073960277,
      "e_log_p_nodes": -3010.0196929734557,
      "e_log_p_bonds": -1089.6473462369481,
      "e_log_p_tau": -0.44139402160233976,
      "h_nodes": 4748.429138546675,
      "h_bonds": -15.938673445726778,
      "h_tau": -2.1852753884897993,
      "tau_mean": 0.44139402160233976,
      "bond_mean_avg": 3.8990296763216485,
      "n_parameters": 2880,
      "dim_x0": 8,
      "dim_b0": 18,
      "dim_x1": 8,
      "dim_b1": 18,
      "dim_x2": 8
    },
    {
      "step": 8,
      "train_loss": 447.6139829454848,
      "train_quality": -3.388360185367497,
      "val_loss": 394.1196886482659,
      "val_quality": -2.8332092216756557,
      "patience_counter": 7,
      "elbo_raw": -9391.73392758866,
      "elbo_relative": 447177.93187889195,
      "e_log_p_nodes": -371.6808726777422,
      "e_log_p_bonds": -1262.2612423958944,
      "e_log_p_tau": -0.057470293428146614,
      "h_nodes": 270.3815098418988,
      "h_bonds": -68.55641722035514,
      "h_tau": -4.22394515977976,
      "tau_mean": 0.057470293428146614,
      "bond_mean_avg": 3.8382052897732692,
      "n_parameters": 296,
      "dim_x0": 8,
      "dim_b0": 18,
      "dim_x1": 8,
      "dim_b1": 1,
      "dim_x2": 8
    },
    {
      "step": 9,
      "train_loss": 389.4966824087467,
      "train_quality": -2.8185843126876664,
      "val_loss": 365.35604877786034,
      "val_quality": -2.5534539778350074,
      "patience_counter": 8,
      "elbo_raw": -3309.9652874779304,
      "elbo_relative": 453259.7005190027,
      "e_log_p_nodes": -522.614848578539,
      "e_log_p_bonds": -974.0727596980113,