{
  "experiment_name": "kfold_energy_efficiency",
  "run_name": "energy_efficiency-MPO2-L3-d18-seed9536-fold3",
  "config": {
    "params": {
      "model": "MPO2",
      "L": 3,
      "bond_dim": 18,
      "init_strength": 0.01,
      "bond_prior_alpha": 1.0,
      "added_bias": false,
      "n_epochs": 100,
      "batch_size": 256,
      "patience": 100,
      "min_delta": 0.0001,
      "warmup_epochs": 5,
      "trim_every": 3,
      "trimming_threshold": 0.3,
      "trim_method": "relevance",
      "soft_trim_relaxation": 2
    },
    "fold": 3,
    "seed": 9536
  },
  "hparams": {
    "seed": 9536,
    "fold": 3,
    "dataset": "energy_efficiency",
    "n_features": 8,
    "n_train": 523,
    "n_val": 92,
    "n_test": 153,
    "L": 3,
    "bond_dim": 18,
    "model": "MPO2",
    "init_strength": 0.01,
    "bond_prior_alpha": 1.0,
    "added_bias": false,
    "n_epochs": 100,
    "batch_size": 256,
    "patience": 100,
    "min_delta": 0.0001,
    "warmup_epochs": 5,
    "trim_every": 3,
    "trimming_threshold": 0.3,
    "trim_method": "relevance",
    "soft_trim_relaxation": 2
  },
  "metrics_log": [
    {
      "step": 0,
      "train_loss": 1718.1657900292273,
      "train_quality": -15.720033876833291,
      "val_loss": 1790.1217939918126,
      "val_quality": -14.750685115735687,
      "patience_counter": 0,
      "elbo_raw": -461270.57191626827,
      "elbo_relative": 0.0,
      "e_log_p_nodes": -2930.855938215664,
      "e_log_p_bonds": -1139.806107851716,
      "e_log_p_tau": -1.0,
      "h_nodes": -1129.609703260243,
      "h_bonds": 60.0,
      "h_tau": 1.0,
      "tau_mean": 1.0,
      "bond_mean_avg": 1.0,
      "n_parameters": 2880,
      "dim_x0": 8,
      "dim_b0": 18,
      "dim_x1": 8,
      "dim_b1": 18,
      "dim_x2": 8
    },
    {
      "step": 1,
      "train_loss": 0.632194575008573,
      "train_quality": 0.993847907592949,
      "val_loss": 0.7726459090602752,
      "val_quality": 0.9932017461267636,
      "patience_counter": 0,
      "elbo_raw": -3697.8511085913287,
      "elbo_relative": 457572.72080767696,
      "e_log_p_nodes": -4179.0096938734005,
      "e_log_p_bonds": -1139.806107851716,
      "e_log_p_tau": -1.278698375435958,
      "h_nodes": 2241.401881454801,
      "h_bonds": 60.0,
      "h_tau": -1.1216153927132382,
      "tau_mean": 1.278698375435958,
      "bond_mean_avg": 1.0,
      "n_parameters": 2880,
      "dim_x0": 8,
      "dim_b0": 18,
      "dim_x1": 8,
      "dim_b1": 18,
      "dim_x2": 8
    },
    {
      "step": 2,
      "train_loss": 1.823754706540034,
      "train_quality": 0.9822524458039262,
      "val_loss": 1.7330455484438383,
      "val_quality": 0.9847515097484528,
      "patience_counter": 1,
      "elbo_raw": -3456.63120435851,
      "elbo_relative": 457813.94071190973,
      "e_log_p_nodes": -4315.253203023549,
      "e_log_p_bonds": -1139.806107851716,
      "e_log_p_tau": -0.5132476702240639,
      "h_nodes": 2858.485642353634,
      "h_bonds": 60.0,
      "h_tau": -2.03445482142115,
      "tau_mean": 0.5132476702240639,
      "bond_mean_avg": 1.0,
      "n_parameters": 2880,
      "dim_x0": 8,
      "dim_b0": 18,
      "dim_x1": 8,
      "dim_b1": 18,
      "dim_x2": 8
    },
    {
      "step": 3,
      "train_loss": 2.917400433312987,
      "train_quality": 0.9716098211474391,
      "val_loss": 2.687313314478739,
      "val_quality": 0.9763552256803192,
      "patience_counter": 2,
      "elbo_raw": -3343.4809670673267,
      "elbo_relative": 457927.09094920097,
      "e_log_p_nodes": -4284.749990439618,
      "e_log_p_bonds": -1139.806107851716,
      "e_log_p_tau": -0.3072493651989279,
      "h_nodes": 3075.821074122682,
      "h_bonds": 60.0,
      "h_tau": -2.54755365567803,
      "tau_mean": 0.3072493651989279,
      "bond_mean_avg": 1.0,
      "n_parameters": 2880,
      "dim_x0": 8,
      "dim_b0": 18,
      "dim_x1": 8,
      "dim_b1": 18,
      "dim_x2": 8
    },
    {
      "step": 4,
      "train_loss": 2.6679390374002905,
      "train_quality": 0.9740374116714895,
      "val_loss": 2.4753358250404527,
      "val_quality": 0.9782203449693936,
      "patience_counter": 3,
      "elbo_raw": -3235.014397799897,
      "elbo_relative": 458035.55751846835,
      "e_log_p_nodes": -4271.2240903718875,
      "e_log_p_bonds": -1139.806107851716,
      "e_log_p_tau": -0.3078929437900716,
      "h_nodes": 3170.2125012090933,
      "h_bonds": 60.0,
      "h_tau": -2.5454612005937634,
      "tau_mean": 0.3078929437900716,
      "bond_mean_avg": 1.0,
      "n_parameters": 2880,
      "dim_x0": 8,
      "dim_b0": 18,
      "dim_x1": 8,
      "dim_b1": 18,
      "dim_x2": 8
    },
    {
      "step": 5,
      "train_loss": 1.5941642131119984,
      "train_quality": 0.9844866660696262,
      "val_loss": 1.1336908815052817,
      "val_quality": 0.9900250317307449,
      "patience_counter": 4,
      "elbo_raw": -3060.596587060106,
      "elbo_relative": 458209.9753292082,
      "e_log_p_nodes": -4231.3752526897915,
      "e_log_p_bonds": -1139.806107851716,
      "e_log_p_tau": -0.4581974690345918,
      "h_nodes": 3200.4250791120544,
      "h_bonds": 60.0,
      "h_tau": -2.147913091757573,
      "tau_mean": 0.4581974690345918,
      "bond_mean_avg": 1.0,
      "n_parameters": 2880,
      "dim_x0": 8,
      "dim_b0": 18,
      "dim_x1": 8,
      "dim_b1": 18,
      "dim_x2": 8
    },
    {
      "step": 6,
      "train_loss": 1.0774825440842328,
      "train_quality": 0.989514664566521,
      "val_loss": 0.8560360662753472,
      "val_quality": 0.9924680239228026,
      "patience_counter": 5,
      "elbo_raw": -1668.635920749808,
      "elbo_relative": 459601.93599551846,
      "e_log_p_nodes": -3075.3868705642276,
      "e_log_p_bonds": -920.0136216308102,
      "e_log_p_tau": -0.678516803832132,
      "h_nodes": 3179.4619507603397,
      "h_bonds": -5.916972417170506,
      "h_tau": -1.7553040929312829,
      "tau_mean": 0.678516803832132,
      "bond_mean_avg": 2.9554691380074445,
      "n_parameters": 2880,
      "dim_x0": 8,
      "dim_b0": 18,
      "dim_x1": 8,
      "dim_b1": 18,
      "dim_x2": 8
    },
    {
      "step": 7,
      "train_loss": 1.8563940220366584,
      "train_quality": 0.9819348219378319,
      "val_loss": 1.5907304448961013,
      "val_quality": 0.986003692918736,
      "patience_counter": 6,
      "elbo_raw": -311.1724861261573,
      "elbo_relative": 460959.39943014213,
      "e_log_p_nodes": -3007.1294065554034,
      "e_log_p_bonds": -1090.4605233540537,
      "e_log_p_tau": -0.4697413735773663,
      "h_nodes": 4745.876327778927,
      "h_bonds": -16.150067448613484,
      "h_tau": -2.123031063782264,
      "tau_mean": 0.4697413735773663,
      "bond_mean_avg": 3.8971796152595934,
      "n_parameters": 2880,
      "dim_x0": 8,
      "dim_b0": 18,
      "dim_x1": 8,
      "dim_b1": 18,
      "dim_x2": 8
    },
    {
      "step": 8,
      "train_loss": 445.98800723668097,
      "train_quality": -3.3400553269843822,
      "val_loss": 480.88103268633193,
      "val_quality": -3.231111955283449,
      "patience_counter": 7,
      "elbo_raw": -10992.917023493028,
      "elbo_relative": 462091.8826332691,
      "e_log_p_nodes": -370.85823599415437,
      "e_log_p_bonds": -1266.2357593005718,
      "e_log_p_tau": -0.07175331835089192,
      "h_nodes": 255.77208873956428,
      "h_bonds": -68.79906540092037,
      "h_tau": -4.001979235685212,
      "tau_mean": 0.07175331835089192,
      "bond_mean_avg": 4.0663919873813095,
      "n_parameters": 296,
      "dim_x0": 8,
      "dim_b0": 18,
      "dim_x1": 8,
      "dim_b1": 1,
      "dim_x2": 8
    },
    {
      "step": 9,
      "train_loss": 216.89509883410548,
      "train_quality": -1.110677224090033,
      "val_loss": 239.88152269884188,
      "val_quality": -1.1106375788472977,
      "patience_counter": 8,
      "elbo_raw": -3265.2608670230998,
      "elbo_relative": 469819.5387897391,
      "e_log_p_nodes": -484.56737060174373,
      "e_log_p_bonds": -1092.490872516335,