{
  "fold": 4,
  "seed": 42806,
  "model": "CPD",
  "dataset": "concrete",
  "params": {
    "model": "CPD",
    "L": 3,
    "bond_dim": 100,
    "init_strength": 0.1,
    "bond_prior_alpha": 5.0,
    "added_bias": true,
    "n_epochs": 100,
    "batch_size": 256,
    "patience": 100,
    "min_delta": 0.0001,
    "warmup_epochs": 5,
    "trim_every": 3,
    "trimming_threshold": 0.3,
    "trim_method": "relevance",
    "soft_trim_relaxation": 2
  },
  "n_features": 9,
  "n_train": 701,
  "n_val": 123,
  "n_test": 206,
  "train_loss": 24.71790344515813,
  "train_quality": 0.9094905018498793,
  "val_loss": 33.373918331772046,
  "val_quality": 0.8677217155176069,
  "test_loss": 41.28076174035494,
  "test_quality": 0.8666893443422246,
  "best_epoch": 1,
  "n_parameters": 2700,
  "elbo_raw": -11542.943025805409,
  "elbo_relative": 26754847.194432646,
  "tau_mean": 0.04011736580060324,
  "success": true,
  "singular": false,
  "recovered_from_run": true,
  "run_id": "concrete-CPD-L3-d100-seed42806-fold4"
}