{
  "fold": 2,
  "seed": 42806,
  "model": "CPD",
  "dataset": "concrete",
  "params": {
    "model": "CPD",
    "L": 3,
    "bond_dim": 100,
    "init_strength": 0.1,
    "bond_prior_alpha": 5.0,
    "added_bias": true,
    "n_epochs": 100,
    "batch_size": 256,
    "patience": 100,
    "min_delta": 0.0001,
    "warmup_epochs": 5,
    "trim_every": 3,
    "trimming_threshold": 0.3,
    "trim_method": "relevance",
    "soft_trim_relaxation": 2
  },
  "n_features": 9,
  "n_train": 701,
  "n_val": 123,
  "n_test": 206,
  "train_loss": 24.388550795798185,
  "train_quality": 0.9123324539835754,
  "val_loss": 34.288466976339684,
  "val_quality": 0.8764344550754484,
  "test_loss": 51.08607016911243,
  "test_quality": 0.8176235251349655,
  "best_epoch": 1,
  "n_parameters": 2700,
  "elbo_raw": -11602.251419703105,
  "elbo_relative": 23983399.91150696,
  "tau_mean": 0.0406562854361523,
  "success": true,
  "singular": false,
  "recovered_from_run": true,
  "run_id": "concrete-CPD-L3-d100-seed42806-fold2"
}