{
  "fold": 4,
  "seed": 42,
  "model": "CPD",
  "dataset": "concrete",
  "params": {
    "model": "CPD",
    "L": 3,
    "bond_dim": 100,
    "init_strength": 0.1,
    "bond_prior_alpha": 5.0,
    "added_bias": true,
    "n_epochs": 100,
    "batch_size": 256,
    "patience": 100,
    "min_delta": 0.0001,
    "warmup_epochs": 5,
    "trim_every": 3,
    "trimming_threshold": 0.3,
    "trim_method": "relevance",
    "soft_trim_relaxation": 2
  },
  "n_features": 9,
  "n_train": 701,
  "n_val": 123,
  "n_test": 206,
  "train_loss": 24.363447454428808,
  "train_quality": 0.9162220228154916,
  "val_loss": 40.320911016919304,
  "val_quality": 0.8550635795830155,
  "test_loss": 39.03985886005636,
  "test_quality": 0.8345187224365869,
  "best_epoch": 1,
  "n_parameters": 2700,
  "elbo_raw": -11553.428154779653,
  "elbo_relative": 21465673.269423362,
  "tau_mean": 0.04069719715437754,
  "success": true,
  "singular": false,
  "recovered_from_run": true,
  "run_id": "concrete-CPD-L3-d100-seed42-fold4"
}