{
  "fold": 3,
  "seed": 47659,
  "model": "CPD",
  "dataset": "concrete",
  "params": {
    "model": "CPD",
    "L": 3,
    "bond_dim": 100,
    "init_strength": 0.1,
    "bond_prior_alpha": 5.0,
    "added_bias": true,
    "n_epochs": 100,
    "batch_size": 256,
    "patience": 100,
    "min_delta": 0.0001,
    "warmup_epochs": 5,
    "trim_every": 3,
    "trimming_threshold": 0.3,
    "trim_method": "relevance",
    "soft_trim_relaxation": 2
  },
  "n_features": 9,
  "n_train": 701,
  "n_val": 123,
  "n_test": 206,
  "train_loss": 24.331775563799564,
  "train_quality": 0.9135963315161217,
  "val_loss": 37.64548101799992,
  "val_quality": 0.8647616021044068,
  "test_loss": 46.600797001349065,
  "test_quality": 0.8263538875024848,
  "best_epoch": 1,
  "n_parameters": 2700,
  "elbo_raw": -11068.407600341754,
  "elbo_relative": 82213090.35973676,
  "tau_mean": 0.040752152093553276,
  "success": true,
  "singular": false,
  "recovered_from_run": true,
  "run_id": "concrete-CPD-L3-d100-seed47659-fold3"
}