{
  "fold": 0,
  "seed": 47659,
  "model": "CPD",
  "dataset": "concrete",
  "params": {
    "model": "CPD",
    "L": 3,
    "bond_dim": 100,
    "init_strength": 0.1,
    "bond_prior_alpha": 5.0,
    "added_bias": true,
    "n_epochs": 100,
    "batch_size": 256,
    "patience": 100,
    "min_delta": 0.0001,
    "warmup_epochs": 5,
    "trim_every": 3,
    "trimming_threshold": 0.3,
    "trim_method": "relevance",
    "soft_trim_relaxation": 2
  },
  "n_features": 9,
  "n_train": 701,
  "n_val": 123,
  "n_test": 206,
  "train_loss": 24.926246418169473,
  "train_quality": 0.9101342717070493,
  "val_loss": 49.1858737483105,
  "val_quality": 0.8229833753491458,
  "test_loss": 26.529061614486615,
  "test_quality": 0.903633695486433,
  "best_epoch": 1,
  "n_parameters": 2700,
  "elbo_raw": -11280.26444356484,
  "elbo_relative": 74246145.93003166,
  "tau_mean": 0.03979070899064393,
  "success": true,
  "singular": false,
  "recovered_from_run": true,
  "run_id": "concrete-CPD-L3-d100-seed47659-fold0"
}