{
  "fold": 4,
  "seed": 19540,
  "model": "CPD",
  "dataset": "concrete",
  "params": {
    "model": "CPD",
    "L": 3,
    "bond_dim": 100,
    "init_strength": 0.1,
    "bond_prior_alpha": 5.0,
    "added_bias": true,
    "n_epochs": 100,
    "batch_size": 256,
    "patience": 100,
    "min_delta": 0.0001,
    "warmup_epochs": 5,
    "trim_every": 3,
    "trimming_threshold": 0.3,
    "trim_method": "relevance",
    "soft_trim_relaxation": 2
  },
  "n_features": 9,
  "n_train": 701,
  "n_val": 123,
  "n_test": 206,
  "train_loss": 25.640603522207762,
  "train_quality": 0.9080957566473823,
  "val_loss": 32.714771924316686,
  "val_quality": 0.8895116827622119,
  "test_loss": 37.901066716776455,
  "test_quality": 0.8571295235188771,
  "best_epoch": 1,
  "n_parameters": 2700,
  "elbo_raw": -11585.48044356722,
  "elbo_relative": 83140782.80719799,
  "tau_mean": 0.038688098425765295,
  "success": true,
  "singular": false,
  "recovered_from_run": true,
  "run_id": "concrete-CPD-L3-d100-seed19540-fold4"
}