{
  "fold": 4,
  "seed": 47659,
  "model": "CPD",
  "dataset": "concrete",
  "params": {
    "model": "CPD",
    "L": 3,
    "bond_dim": 100,
    "init_strength": 0.1,
    "bond_prior_alpha": 5.0,
    "added_bias": true,
    "n_epochs": 100,
    "batch_size": 256,
    "patience": 100,
    "min_delta": 0.0001,
    "warmup_epochs": 5,
    "trim_every": 3,
    "trimming_threshold": 0.3,
    "trim_method": "relevance",
    "soft_trim_relaxation": 2
  },
  "n_features": 9,
  "n_train": 701,
  "n_val": 123,
  "n_test": 206,
  "train_loss": 23.412039997068696,
  "train_quality": 0.914879186413138,
  "val_loss": 52.05798746284939,
  "val_quality": 0.8294054175332665,
  "test_loss": 42.10229265575,
  "test_quality": 0.8392555085233935,
  "best_epoch": 1,
  "n_parameters": 2700,
  "elbo_raw": -11052.650435455167,
  "elbo_relative": 76031330.50137086,
  "tau_mean": 0.04232940608097166,
  "success": true,
  "singular": false,
  "recovered_from_run": true,
  "run_id": "concrete-CPD-L3-d100-seed47659-fold4"
}