{
  "fold": 1,
  "seed": 42806,
  "model": "CPD",
  "dataset": "concrete",
  "params": {
    "model": "CPD",
    "L": 3,
    "bond_dim": 100,
    "init_strength": 0.1,
    "bond_prior_alpha": 5.0,
    "added_bias": true,
    "n_epochs": 100,
    "batch_size": 256,
    "patience": 100,
    "min_delta": 0.0001,
    "warmup_epochs": 5,
    "trim_every": 3,
    "trimming_threshold": 0.3,
    "trim_method": "relevance",
    "soft_trim_relaxation": 2
  },
  "n_features": 9,
  "n_train": 701,
  "n_val": 123,
  "n_test": 206,
  "train_loss": 25.71192105950757,
  "train_quality": 0.9093178057292169,
  "val_loss": 31.909432138148414,
  "val_quality": 0.8835273285747962,
  "test_loss": 39.19958168816056,
  "test_quality": 0.8479383649386812,
  "best_epoch": 1,
  "n_parameters": 2700,
  "elbo_raw": -11690.654847477694,
  "elbo_relative": 26072105.801787186,
  "tau_mean": 0.03858639169489435,
  "success": true,
  "singular": false,
  "recovered_from_run": true,
  "run_id": "concrete-CPD-L3-d100-seed42806-fold1"
}