{
  "fold": 3,
  "seed": 9536,
  "model": "CPD",
  "dataset": "concrete",
  "params": {
    "model": "CPD",
    "L": 3,
    "bond_dim": 100,
    "init_strength": 0.1,
    "bond_prior_alpha": 5.0,
    "added_bias": true,
    "n_epochs": 100,
    "batch_size": 256,
    "patience": 100,
    "min_delta": 0.0001,
    "warmup_epochs": 5,
    "trim_every": 3,
    "trimming_threshold": 0.3,
    "trim_method": "relevance",
    "soft_trim_relaxation": 2
  },
  "n_features": 9,
  "n_train": 701,
  "n_val": 123,
  "n_test": 206,
  "train_loss": 24.01141147336619,
  "train_quality": 0.9125751733041241,
  "val_loss": 35.97814109976446,
  "val_quality": 0.864033887957459,
  "test_loss": 46.78154761445125,
  "test_quality": 0.8443975656343372,
  "best_epoch": 1,
  "n_parameters": 2700,
  "elbo_raw": -11167.312123039663,
  "elbo_relative": 64923746.06956597,
  "tau_mean": 0.04127902603093958,
  "success": true,
  "singular": false,
  "recovered_from_run": true,
  "run_id": "concrete-CPD-L3-d100-seed9536-fold3"
}