{
  "fold": 3,
  "seed": 19540,
  "model": "CPD",
  "dataset": "concrete",
  "params": {
    "model": "CPD",
    "L": 3,
    "bond_dim": 100,
    "init_strength": 0.1,
    "bond_prior_alpha": 5.0,
    "added_bias": true,
    "n_epochs": 100,
    "batch_size": 256,
    "patience": 100,
    "min_delta": 0.0001,
    "warmup_epochs": 5,
    "trim_every": 3,
    "trimming_threshold": 0.3,
    "trim_method": "relevance",
    "soft_trim_relaxation": 2
  },
  "n_features": 9,
  "n_train": 701,
  "n_val": 123,
  "n_test": 206,
  "train_loss": 26.219070700261714,
  "train_quality": 0.9040838991127657,
  "val_loss": 48.3181021619306,
  "val_quality": 0.8112926258421129,
  "test_loss": 31.457346275786524,
  "test_quality": 0.8978226922391975,
  "best_epoch": 1,
  "n_parameters": 2700,
  "elbo_raw": -11417.332363896556,
  "elbo_relative": 78351147.09009041,
  "tau_mean": 0.03784084261813954,
  "success": true,
  "singular": false,
  "recovered_from_run": true,
  "run_id": "concrete-CPD-L3-d100-seed19540-fold3"
}