{
  "fold": 2,
  "seed": 9536,
  "model": "CPD",
  "dataset": "concrete",
  "params": {
    "model": "CPD",
    "L": 3,
    "bond_dim": 100,
    "init_strength": 0.1,
    "bond_prior_alpha": 5.0,
    "added_bias": true,
    "n_epochs": 100,
    "batch_size": 256,
    "patience": 100,
    "min_delta": 0.0001,
    "warmup_epochs": 5,
    "trim_every": 3,
    "trimming_threshold": 0.3,
    "trim_method": "relevance",
    "soft_trim_relaxation": 2
  },
  "n_features": 9,
  "n_train": 701,
  "n_val": 123,
  "n_test": 206,
  "train_loss": 26.41494571311038,
  "train_quality": 0.9056649285303591,
  "val_loss": 38.76159233829657,
  "val_quality": 0.8650723124116996,
  "test_loss": 33.425818080664065,
  "test_quality": 0.874063496021474,
  "best_epoch": 1,
  "n_parameters": 2700,
  "elbo_raw": -11151.549784513409,
  "elbo_relative": 64525180.293823995,
  "tau_mean": 0.03756608289873178,
  "success": true,
  "singular": false,
  "recovered_from_run": true,
  "run_id": "concrete-CPD-L3-d100-seed9536-fold2"
}