{
  "fold": 2,
  "seed": 42,
  "model": "CPD",
  "dataset": "concrete",
  "params": {
    "model": "CPD",
    "L": 3,
    "bond_dim": 100,
    "init_strength": 0.1,
    "bond_prior_alpha": 5.0,
    "added_bias": true,
    "n_epochs": 100,
    "batch_size": 256,
    "patience": 100,
    "min_delta": 0.0001,
    "warmup_epochs": 5,
    "trim_every": 3,
    "trimming_threshold": 0.3,
    "trim_method": "relevance",
    "soft_trim_relaxation": 2
  },
  "n_features": 9,
  "n_train": 701,
  "n_val": 123,
  "n_test": 206,
  "train_loss": 23.704519510803923,
  "train_quality": 0.9131283146257136,
  "val_loss": 49.55912163240997,
  "val_quality": 0.8372310495171735,
  "test_loss": 42.520324732402905,
  "test_quality": 0.8498303413754933,
  "best_epoch": 1,
  "n_parameters": 2700,
  "elbo_raw": -11166.464775386485,
  "elbo_relative": 22267111.684274133,
  "tau_mean": 0.04180969168641818,
  "success": true,
  "singular": false,
  "recovered_from_run": true,
  "run_id": "concrete-CPD-L3-d100-seed42-fold2"
}