{
  "fold": 1,
  "seed": 9536,
  "model": "CPD",
  "dataset": "concrete",
  "params": {
    "model": "CPD",
    "L": 3,
    "bond_dim": 100,
    "init_strength": 0.1,
    "bond_prior_alpha": 5.0,
    "added_bias": true,
    "n_epochs": 100,
    "batch_size": 256,
    "patience": 100,
    "min_delta": 0.0001,
    "warmup_epochs": 5,
    "trim_every": 3,
    "trimming_threshold": 0.3,
    "trim_method": "relevance",
    "soft_trim_relaxation": 2
  },
  "n_features": 9,
  "n_train": 701,
  "n_val": 123,
  "n_test": 206,
  "train_loss": 26.77360126657767,
  "train_quality": 0.9078853671220746,
  "val_loss": 43.30444892988649,
  "val_quality": 0.8584322588215735,
  "test_loss": 37.19921489687259,
  "test_quality": 0.8295368501188864,
  "best_epoch": 1,
  "n_parameters": 2700,
  "elbo_raw": -11246.363805204886,
  "elbo_relative": 71902189.49505001,
  "tau_mean": 0.03706546143986671,
  "success": true,
  "singular": false,
  "recovered_from_run": true,
  "run_id": "concrete-CPD-L3-d100-seed9536-fold1"
}