{
  "fold": 3,
  "seed": 42806,
  "model": "CPD",
  "dataset": "concrete",
  "params": {
    "model": "CPD",
    "L": 3,
    "bond_dim": 100,
    "init_strength": 0.1,
    "bond_prior_alpha": 5.0,
    "added_bias": true,
    "n_epochs": 100,
    "batch_size": 256,
    "patience": 100,
    "min_delta": 0.0001,
    "warmup_epochs": 5,
    "trim_every": 3,
    "trimming_threshold": 0.3,
    "trim_method": "relevance",
    "soft_trim_relaxation": 2
  },
  "n_features": 9,
  "n_train": 701,
  "n_val": 123,
  "n_test": 206,
  "train_loss": 25.865096278343522,
  "train_quality": 0.9057865541028921,
  "val_loss": 41.691399821621026,
  "val_quality": 0.8537801518395489,
  "test_loss": 33.75859016968436,
  "test_quality": 0.8828170191131472,
  "best_epoch": 1,
  "n_parameters": 2700,
  "elbo_raw": -11675.046130040702,
  "elbo_relative": 28125276.808467124,
  "tau_mean": 0.0383602221372098,
  "success": true,
  "singular": false,
  "recovered_from_run": true,
  "run_id": "concrete-CPD-L3-d100-seed42806-fold3"
}