{
  "fold": 2,
  "seed": 19540,
  "model": "CPD",
  "dataset": "concrete",
  "params": {
    "model": "CPD",
    "L": 3,
    "bond_dim": 100,
    "init_strength": 0.1,
    "bond_prior_alpha": 5.0,
    "added_bias": true,
    "n_epochs": 100,
    "batch_size": 256,
    "patience": 100,
    "min_delta": 0.0001,
    "warmup_epochs": 5,
    "trim_every": 3,
    "trimming_threshold": 0.3,
    "trim_method": "relevance",
    "soft_trim_relaxation": 2
  },
  "n_features": 9,
  "n_train": 701,
  "n_val": 123,
  "n_test": 206,
  "train_loss": 25.42701496896659,
  "train_quality": 0.9108303884076865,
  "val_loss": 74.23199288085094,
  "val_quality": 0.7593008075375067,
  "test_loss": 42.024975976941114,
  "test_quality": 0.8237016052734222,
  "best_epoch": 1,
  "n_parameters": 2700,
  "elbo_raw": -11292.166728718292,
  "elbo_relative": 79923440.29318771,
  "tau_mean": 0.03900971688716042,
  "success": true,
  "singular": false,
  "recovered_from_run": true,
  "run_id": "concrete-CPD-L3-d100-seed19540-fold2"
}