{
  "fold": 0,
  "seed": 19540,
  "model": "CPD",
  "dataset": "concrete",
  "params": {
    "model": "CPD",
    "L": 3,
    "bond_dim": 100,
    "init_strength": 0.1,
    "bond_prior_alpha": 5.0,
    "added_bias": true,
    "n_epochs": 100,
    "batch_size": 256,
    "patience": 100,
    "min_delta": 0.0001,
    "warmup_epochs": 5,
    "trim_every": 3,
    "trimming_threshold": 0.3,
    "trim_method": "relevance",
    "soft_trim_relaxation": 2
  },
  "n_features": 9,
  "n_train": 701,
  "n_val": 123,
  "n_test": 206,
  "train_loss": 24.535224210081253,
  "train_quality": 0.9099759035341166,
  "val_loss": 36.24038599356517,
  "val_quality": 0.8872403966199124,
  "test_loss": 49.86569385986796,
  "test_quality": 0.8172598798109284,
  "best_epoch": 1,
  "n_parameters": 2700,
  "elbo_raw": -11220.464683123588,
  "elbo_relative": 80126195.21401276,
  "tau_mean": 0.040409645107239565,
  "success": true,
  "singular": false,
  "recovered_from_run": true,
  "run_id": "concrete-CPD-L3-d100-seed19540-fold0"
}