{
  "fold": 1,
  "seed": 19540,
  "model": "CPD",
  "dataset": "concrete",
  "params": {
    "model": "CPD",
    "L": 3,
    "bond_dim": 100,
    "init_strength": 0.1,
    "bond_prior_alpha": 5.0,
    "added_bias": true,
    "n_epochs": 100,
    "batch_size": 256,
    "patience": 100,
    "min_delta": 0.0001,
    "warmup_epochs": 5,
    "trim_every": 3,
    "trimming_threshold": 0.3,
    "trim_method": "relevance",
    "soft_trim_relaxation": 2
  },
  "n_features": 9,
  "n_train": 701,
  "n_val": 123,
  "n_test": 206,
  "train_loss": 24.967496925444372,
  "train_quality": 0.9072530927424804,
  "val_loss": 39.3256796077102,
  "val_quality": 0.8628193761760798,
  "test_loss": 38.637690305989764,
  "test_quality": 0.8727670001967802,
  "best_epoch": 1,
  "n_parameters": 2700,
  "elbo_raw": -11432.069998769273,
  "elbo_relative": 79597985.14064047,
  "tau_mean": 0.03971347367565654,
  "success": true,
  "singular": false,
  "recovered_from_run": true,
  "run_id": "concrete-CPD-L3-d100-seed19540-fold1"
}