{
  "fold": 4,
  "seed": 9536,
  "model": "CPD",
  "dataset": "concrete",
  "params": {
    "model": "CPD",
    "L": 3,
    "bond_dim": 100,
    "init_strength": 0.1,
    "bond_prior_alpha": 5.0,
    "added_bias": true,
    "n_epochs": 100,
    "batch_size": 256,
    "patience": 100,
    "min_delta": 0.0001,
    "warmup_epochs": 5,
    "trim_every": 3,
    "trimming_threshold": 0.3,
    "trim_method": "relevance",
    "soft_trim_relaxation": 2
  },
  "n_features": 9,
  "n_train": 701,
  "n_val": 123,
  "n_test": 206,
  "train_loss": 25.197140129794743,
  "train_quality": 0.9056842427938284,
  "val_loss": 37.45137557827194,
  "val_quality": 0.8687599726429589,
  "test_loss": 34.37447278296384,
  "test_quality": 0.8905493532402419,
  "best_epoch": 1,
  "n_parameters": 2700,
  "elbo_raw": -11424.648724354887,
  "elbo_relative": 79933328.39671431,
  "tau_mean": 0.03935971080868852,
  "success": true,
  "singular": false,
  "recovered_from_run": true,
  "run_id": "concrete-CPD-L3-d100-seed9536-fold4"
}