{
  "fold": 2,
  "seed": 47659,
  "model": "CPD",
  "dataset": "concrete",
  "params": {
    "model": "CPD",
    "L": 3,
    "bond_dim": 100,
    "init_strength": 0.1,
    "bond_prior_alpha": 5.0,
    "added_bias": true,
    "n_epochs": 100,
    "batch_size": 256,
    "patience": 100,
    "min_delta": 0.0001,
    "warmup_epochs": 5,
    "trim_every": 3,
    "trimming_threshold": 0.3,
    "trim_method": "relevance",
    "soft_trim_relaxation": 2
  },
  "n_features": 9,
  "n_train": 701,
  "n_val": 123,
  "n_test": 206,
  "train_loss": 24.20188453709066,
  "train_quality": 0.912294096640413,
  "val_loss": 38.58644858253978,
  "val_quality": 0.83338128028172,
  "test_loss": 37.73082717074575,
  "test_quality": 0.875635475198091,
  "best_epoch": 1,
  "n_parameters": 2700,
  "elbo_raw": -11253.231036110334,
  "elbo_relative": 84953434.67046024,
  "tau_mean": 0.040968553412232794,
  "success": true,
  "singular": false,
  "recovered_from_run": true,
  "run_id": "concrete-CPD-L3-d100-seed47659-fold2"
}