{
  "fold": 1,
  "seed": 47659,
  "model": "CPD",
  "dataset": "concrete",
  "params": {
    "model": "CPD",
    "L": 3,
    "bond_dim": 100,
    "init_strength": 0.1,
    "bond_prior_alpha": 5.0,
    "added_bias": true,
    "n_epochs": 100,
    "batch_size": 256,
    "patience": 100,
    "min_delta": 0.0001,
    "warmup_epochs": 5,
    "trim_every": 3,
    "trimming_threshold": 0.3,
    "trim_method": "relevance",
    "soft_trim_relaxation": 2
  },
  "n_features": 9,
  "n_train": 701,
  "n_val": 123,
  "n_test": 206,
  "train_loss": 24.632119897705003,
  "train_quality": 0.9125254316476542,
  "val_loss": 43.533395905276535,
  "val_quality": 0.8441167999862013,
  "test_loss": 35.56452063758128,
  "test_quality": 0.8669660968972752,
  "best_epoch": 1,
  "n_parameters": 2700,
  "elbo_raw": -11203.124628671096,
  "elbo_relative": 90760992.73565741,
  "tau_mean": 0.04025992707605035,
  "success": true,
  "singular": false,
  "recovered_from_run": true,
  "run_id": "concrete-CPD-L3-d100-seed47659-fold1"
}