{
  "fold": 0,
  "seed": 42806,
  "model": "CPD",
  "dataset": "concrete",
  "params": {
    "model": "CPD",
    "L": 3,
    "bond_dim": 100,
    "init_strength": 0.1,
    "bond_prior_alpha": 5.0,
    "added_bias": true,
    "n_epochs": 100,
    "batch_size": 256,
    "patience": 100,
    "min_delta": 0.0001,
    "warmup_epochs": 5,
    "trim_every": 3,
    "trimming_threshold": 0.3,
    "trim_method": "relevance",
    "soft_trim_relaxation": 2
  },
  "n_features": 9,
  "n_train": 701,
  "n_val": 123,
  "n_test": 206,
  "train_loss": 25.260656926460033,
  "train_quality": 0.9124082917541602,
  "val_loss": 52.173390583036955,
  "val_quality": 0.7970615974150675,
  "test_loss": 28.037032424603247,
  "test_quality": 0.8892023272543905,
  "best_epoch": 1,
  "n_parameters": 2700,
  "elbo_raw": -11788.161613954988,
  "elbo_relative": 26004948.880915474,
  "tau_mean": 0.039271004747273706,
  "success": true,
  "singular": false,
  "recovered_from_run": true,
  "run_id": "concrete-CPD-L3-d100-seed42806-fold0"
}