{
  "experiment_name": "kfold_student_perf",
  "run_name": "student_perf-MPO2-L3-d18-seed9536-fold0",
  "config": {
    "params": {
      "model": "MPO2",
      "L": 3,
      "bond_dim": 18,
      "init_strength": 0.1,
      "bond_prior_alpha": 5.0,
      "added_bias": false,
      "n_epochs": 100,
      "batch_size": 256,
      "patience": 100,
      "min_delta": 0.0001,
      "warmup_epochs": 5,
      "trim_every": 3,
      "trimming_threshold": 0.3,
      "trim_method": "relevance",
      "soft_trim_relaxation": 2
    },
    "fold": 0,
    "seed": 9536
  },
  "hparams": {
    "seed": 9536,
    "fold": 0,
    "dataset": "student_perf",
    "n_features": 50,
    "n_train": 442,
    "n_val": 77,
    "n_test": 130,
    "L": 3,
    "bond_dim": 18,
    "model": "MPO2",
    "init_strength": 0.1,
    "bond_prior_alpha": 5.0,
    "added_bias": false,
    "n_epochs": 100,
    "batch_size": 256,
    "patience": 100,
    "min_delta": 0.0001,
    "warmup_epochs": 5,
    "trim_every": 3,
    "trimming_threshold": 0.3,
    "trim_method": "relevance",
    "soft_trim_relaxation": 2
  },
  "metrics_log": [
    {
      "step": 0,
      "train_loss": 13748.217901344748,
      "train_quality": -1778.5759361174503,
      "val_loss": 12462.912670933343,
      "val_quality": -1582.7071718882908,
      "patience_counter": 0,
      "elbo_raw": -3260776.4284026874,
      "elbo_relative": 0.0,
      "e_log_p_nodes": -186228.41717643914,
      "e_log_p_bonds": -789.8989343403199,
      "e_log_p_tau": -1.0,
      "h_nodes": -12557.805036621448,
      "h_bonds": 400.56646713145835,
      "h_tau": 1.0,
      "tau_mean": 1.0,
      "bond_mean_avg": 5.0,
      "n_parameters": 18000,
      "dim_x0": 50,
      "dim_b0": 18,
      "dim_x1": 50,
      "dim_b1": 18,
      "dim_x2": 50
    },
    {
      "step": 1,
      "train_loss": 2.0596426548853506,
      "train_quality": 0.7333988643519742,
      "val_loss": 8.673379100174406,
      "val_quality": -0.10215750107021537,
      "test_quality": -0.5252381359317349,
      "patience_counter": 0,
      "elbo_raw": -45861.35680607041,
      "elbo_relative": 3214915.071596617,
      "e_log_p_nodes": -26119.283839707485,
      "e_log_p_bonds": -789.8989343403199,
      "e_log_p_tau": -0.4598456863220979,
      "h_nodes": -18550.32381070485,
      "h_bonds": 400.56646713145835,
      "h_tau": -2.0607676614220054,
      "tau_mean": 0.4598456863220979,
      "bond_mean_avg": 5.0,
      "n_parameters": 18000,
      "dim_x0": 50,
      "dim_b0": 18,
      "dim_x1": 50,
      "dim_b1": 18,
      "dim_x2": 50
    }
  ],
  "summary": {}
}