{
  "experiment_name": "kfold_student_perf",
  "run_name": "student_perf-MPO2-L3-d18-seed19540-fold3",
  "config": {
    "params": {
      "model": "MPO2",
      "L": 3,
      "bond_dim": 18,
      "init_strength": 0.1,
      "bond_prior_alpha": 5.0,
      "added_bias": false,
      "n_epochs": 100,
      "batch_size": 256,
      "patience": 100,
      "min_delta": 0.0001,
      "warmup_epochs": 5,
      "trim_every": 3,
      "trimming_threshold": 0.3,
      "trim_method": "relevance",
      "soft_trim_relaxation": 2
    },
    "fold": 3,
    "seed": 19540
  },
  "hparams": {
    "seed": 19540,
    "fold": 3,
    "dataset": "student_perf",
    "n_features": 50,
    "n_train": 442,
    "n_val": 77,
    "n_test": 130,
    "L": 3,
    "bond_dim": 18,
    "model": "MPO2",
    "init_strength": 0.1,
    "bond_prior_alpha": 5.0,
    "added_bias": false,
    "n_epochs": 100,
    "batch_size": 256,
    "patience": 100,
    "min_delta": 0.0001,
    "warmup_epochs": 5,
    "trim_every": 3,
    "trimming_threshold": 0.3,
    "trim_method": "relevance",
    "soft_trim_relaxation": 2
  },
  "metrics_log": [
    {
      "step": 0,
      "train_loss": 21024.331584474123,
      "train_quality": -2883.6899491377308,
      "val_loss": 13458.83961165525,
      "val_quality": -1440.011630625254,
      "patience_counter": 0,
      "elbo_raw": -4868823.017903709,
      "elbo_relative": 0.0,
      "e_log_p_nodes": -186275.37253497753,
      "e_log_p_bonds": -789.8989343403199,
      "e_log_p_tau": -1.0,
      "h_nodes": -12557.805036621448,
      "h_bonds": 400.56646713145835,
      "h_tau": 1.0,
      "tau_mean": 1.0,
      "bond_mean_avg": 5.0,
      "n_parameters": 18000,
      "dim_x0": 50,
      "dim_b0": 18,
      "dim_x1": 50,
      "dim_b1": 18,
      "dim_x2": 50
    },
    {
      "step": 1,
      "train_loss": 2.174518237993207,
      "train_quality": 0.7016404121980274,
      "val_loss": 13.623036256370359,
      "val_quality": -0.4585918441927901,
      "test_quality": -0.07253209274250327,
      "patience_counter": 0,
      "elbo_raw": -45874.347198469,
      "elbo_relative": 4822948.67070524,
      "e_log_p_nodes": -26148.363563481464,
      "e_log_p_bonds": -789.8989343403199,
      "e_log_p_tau": -0.4359671006923441,
      "h_nodes": -18522.39650243418,
      "h_bonds": 400.56646713145835,
      "h_tau": -2.114091846732663,
      "tau_mean": 0.4359671006923441,
      "bond_mean_avg": 5.0,
      "n_parameters": 18000,
      "dim_x0": 50,
      "dim_b0": 18,
      "dim_x1": 50,
      "dim_b1": 18,
      "dim_x2": 50
    }
  ],
  "summary": {}
}