{
  "experiment_name": "kfold_student_perf",
  "run_name": "student_perf-MPO2-L3-d18-seed42806-fold4",
  "config": {
    "params": {
      "model": "MPO2",
      "L": 3,
      "bond_dim": 18,
      "init_strength": 0.1,
      "bond_prior_alpha": 5.0,
      "added_bias": false,
      "n_epochs": 100,
      "batch_size": 256,
      "patience": 100,
      "min_delta": 0.0001,
      "warmup_epochs": 5,
      "trim_every": 3,
      "trimming_threshold": 0.3,
      "trim_method": "relevance",
      "soft_trim_relaxation": 2
    },
    "fold": 4,
    "seed": 42806
  },
  "hparams": {
    "seed": 42806,
    "fold": 4,
    "dataset": "student_perf",
    "n_features": 50,
    "n_train": 442,
    "n_val": 78,
    "n_test": 129,
    "L": 3,
    "bond_dim": 18,
    "model": "MPO2",
    "init_strength": 0.1,
    "bond_prior_alpha": 5.0,
    "added_bias": false,
    "n_epochs": 100,
    "batch_size": 256,
    "patience": 100,
    "min_delta": 0.0001,
    "warmup_epochs": 5,
    "trim_every": 3,
    "trimming_threshold": 0.3,
    "trim_method": "relevance",
    "soft_trim_relaxation": 2
  },
  "metrics_log": [
    {
      "step": 0,
      "train_loss": 22148.29670920481,
      "train_quality": -3140.582297785266,
      "val_loss": 19566.598131358918,
      "val_quality": -2408.732253014863,
      "patience_counter": 0,
      "elbo_raw": -5117124.071707204,
      "elbo_relative": 0.0,
      "e_log_p_nodes": -186242.50601230387,
      "e_log_p_bonds": -789.8989343403199,
      "e_log_p_tau": -1.0,
      "h_nodes": -12557.805036621448,
      "h_bonds": 400.56646713145835,
      "h_tau": 1.0,
      "tau_mean": 1.0,
      "bond_mean_avg": 5.0,
      "n_parameters": 18000,
      "dim_x0": 50,
      "dim_b0": 18,
      "dim_x1": 50,
      "dim_b1": 18,
      "dim_x2": 50
    },
    {
      "step": 1,
      "train_loss": 1.9358721111225157,
      "train_quality": 0.7254099656091777,
      "val_loss": 9.424532419353584,
      "val_quality": -0.16068207605811624,
      "test_quality": -0.045368373338989354,
      "patience_counter": 0,
      "elbo_raw": -45783.187814429446,
      "elbo_relative": 5071340.883892775,
      "e_log_p_nodes": -26043.085739966155,
      "e_log_p_bonds": -789.8989343403199,
      "e_log_p_tau": -0.48674327612356694,
      "h_nodes": -18560.972661395386,
      "h_bonds": 400.56646713145835,
      "h_tau": -2.003921799769387,
      "tau_mean": 0.48674327612356694,
      "bond_mean_avg": 5.0,
      "n_parameters": 18000,
      "dim_x0": 50,
      "dim_b0": 18,
      "dim_x1": 50,
      "dim_b1": 18,
      "dim_x2": 50
    }
  ],
  "summary": {}
}