{
  "experiment_name": "kfold_student_perf",
  "run_name": "student_perf-MPO2-L3-d18-seed9536-fold2",
  "config": {
    "params": {
      "model": "MPO2",
      "L": 3,
      "bond_dim": 18,
      "init_strength": 0.1,
      "bond_prior_alpha": 5.0,
      "added_bias": false,
      "n_epochs": 100,
      "batch_size": 256,
      "patience": 100,
      "min_delta": 0.0001,
      "warmup_epochs": 5,
      "trim_every": 3,
      "trimming_threshold": 0.3,
      "trim_method": "relevance",
      "soft_trim_relaxation": 2
    },
    "fold": 2,
    "seed": 9536
  },
  "hparams": {
    "seed": 9536,
    "fold": 2,
    "dataset": "student_perf",
    "n_features": 50,
    "n_train": 442,
    "n_val": 77,
    "n_test": 130,
    "L": 3,
    "bond_dim": 18,
    "model": "MPO2",
    "init_strength": 0.1,
    "bond_prior_alpha": 5.0,
    "added_bias": false,
    "n_epochs": 100,
    "batch_size": 256,
    "patience": 100,
    "min_delta": 0.0001,
    "warmup_epochs": 5,
    "trim_every": 3,
    "trimming_threshold": 0.3,
    "trim_method": "relevance",
    "soft_trim_relaxation": 2
  },
  "metrics_log": [
    {
      "step": 0,
      "train_loss": 10547.608562814528,
      "train_quality": -1421.668546828372,
      "val_loss": 7550.34040726164,
      "val_quality": -917.728569442483,
      "patience_counter": 0,
      "elbo_raw": -2552033.9067637627,
      "elbo_relative": 0.0,
      "e_log_p_nodes": -186228.41717643914,
      "e_log_p_bonds": -789.8989343403199,
      "e_log_p_tau": -1.0,
      "h_nodes": -12557.805036621448,
      "h_bonds": 400.56646713145835,
      "h_tau": 1.0,
      "tau_mean": 1.0,
      "bond_mean_avg": 5.0,
      "n_parameters": 18000,
      "dim_x0": 50,
      "dim_b0": 18,
      "dim_x1": 50,
      "dim_b1": 18,
      "dim_x2": 50
    },
    {
      "step": 1,
      "train_loss": 1.9672089676604114,
      "train_quality": 0.7346615295152386,
      "val_loss": 9.160840054350501,
      "val_quality": -0.11469483812018888,
      "test_quality": -0.5444644320306413,
      "patience_counter": 0,
      "elbo_raw": -45960.00553071616,
      "elbo_relative": 2506073.9012330463,
      "e_log_p_nodes": -26202.800778788307,
      "e_log_p_bonds": -789.8989343403199,
      "e_log_p_tau": -0.4813090076039828,
      "h_nodes": -18575.582910349025,
      "h_bonds": 400.56646713145835,
      "h_tau": -2.015149138818515,
      "tau_mean": 0.4813090076039828,
      "bond_mean_avg": 5.0,
      "n_parameters": 18000,
      "dim_x0": 50,
      "dim_b0": 18,
      "dim_x1": 50,
      "dim_b1": 18,
      "dim_x2": 50
    }
  ],
  "summary": {}
}