{
  "experiment_name": "kfold_student_perf",
  "run_name": "student_perf-MPO2-L3-d18-seed19540-fold0",
  "config": {
    "params": {
      "model": "MPO2",
      "L": 3,
      "bond_dim": 18,
      "init_strength": 0.1,
      "bond_prior_alpha": 5.0,
      "added_bias": false,
      "n_epochs": 100,
      "batch_size": 256,
      "patience": 100,
      "min_delta": 0.0001,
      "warmup_epochs": 5,
      "trim_every": 3,
      "trimming_threshold": 0.3,
      "trim_method": "relevance",
      "soft_trim_relaxation": 2
    },
    "fold": 0,
    "seed": 19540
  },
  "hparams": {
    "seed": 19540,
    "fold": 0,
    "dataset": "student_perf",
    "n_features": 50,
    "n_train": 442,
    "n_val": 77,
    "n_test": 130,
    "L": 3,
    "bond_dim": 18,
    "model": "MPO2",
    "init_strength": 0.1,
    "bond_prior_alpha": 5.0,
    "added_bias": false,
    "n_epochs": 100,
    "batch_size": 256,
    "patience": 100,
    "min_delta": 0.0001,
    "warmup_epochs": 5,
    "trim_every": 3,
    "trimming_threshold": 0.3,
    "trim_method": "relevance",
    "soft_trim_relaxation": 2
  },
  "metrics_log": [
    {
      "step": 0,
      "train_loss": 19051.703279575235,
      "train_quality": -2668.4903172325176,
      "val_loss": 13892.79865063057,
      "val_quality": -1331.681905248328,
      "patience_counter": 0,
      "elbo_raw": -4432152.611126062,
      "elbo_relative": 0.0,
      "e_log_p_nodes": -186275.37253497753,
      "e_log_p_bonds": -789.8989343403199,
      "e_log_p_tau": -1.0,
      "h_nodes": -12557.805036621448,
      "h_bonds": 400.56646713145835,
      "h_tau": 1.0,
      "tau_mean": 1.0,
      "bond_mean_avg": 5.0,
      "n_parameters": 18000,
      "dim_x0": 50,
      "dim_b0": 18,
      "dim_x1": 50,
      "dim_b1": 18,
      "dim_x2": 50
    },
    {
      "step": 1,
      "train_loss": 2.1450549978166893,
      "train_quality": 0.699438760798791,
      "val_loss": 9.82038031311179,
      "val_quality": 0.057969277820997145,
      "test_quality": -0.6193253279336324,
      "patience_counter": 0,
      "elbo_raw": -45945.54992774637,
      "elbo_relative": 4386207.0611983165,
      "e_log_p_nodes": -26201.654603934923,
      "e_log_p_bonds": -789.8989343403199,
      "e_log_p_tau": -0.4418352400095549,
      "h_nodes": -18543.27633447637,
      "h_bonds": 400.56646713145835,
      "h_tau": -2.1007215776810426,
      "tau_mean": 0.4418352400095549,
      "bond_mean_avg": 5.0,
      "n_parameters": 18000,
      "dim_x0": 50,
      "dim_b0": 18,
      "dim_x1": 50,
      "dim_b1": 18,
      "dim_x2": 50
    }
  ],
  "summary": {}
}