{
  "experiment_name": "kfold_student_perf",
  "run_name": "student_perf-MPO2-L3-d18-seed47659-fold4",
  "config": {
    "params": {
      "model": "MPO2",
      "L": 3,
      "bond_dim": 18,
      "init_strength": 0.1,
      "bond_prior_alpha": 5.0,
      "added_bias": false,
      "n_epochs": 100,
      "batch_size": 256,
      "patience": 100,
      "min_delta": 0.0001,
      "warmup_epochs": 5,
      "trim_every": 3,
      "trimming_threshold": 0.3,
      "trim_method": "relevance",
      "soft_trim_relaxation": 2
    },
    "fold": 4,
    "seed": 47659
  },
  "hparams": {
    "seed": 47659,
    "fold": 4,
    "dataset": "student_perf",
    "n_features": 50,
    "n_train": 442,
    "n_val": 78,
    "n_test": 129,
    "L": 3,
    "bond_dim": 18,
    "model": "MPO2",
    "init_strength": 0.1,
    "bond_prior_alpha": 5.0,
    "added_bias": false,
    "n_epochs": 100,
    "batch_size": 256,
    "patience": 100,
    "min_delta": 0.0001,
    "warmup_epochs": 5,
    "trim_every": 3,
    "trimming_threshold": 0.3,
    "trim_method": "relevance",
    "soft_trim_relaxation": 2
  },
  "metrics_log": [
    {
      "step": 0,
      "train_loss": 20042.048309752307,
      "train_quality": -2839.1469334542617,
      "val_loss": 19166.24834629237,
      "val_quality": -2234.5723722937573,
      "patience_counter": 0,
      "elbo_raw": -4651154.666135019,
      "elbo_relative": 0.0,
      "e_log_p_nodes": -185702.96922840708,
      "e_log_p_bonds": -789.8989343403199,
      "e_log_p_tau": -1.0,
      "h_nodes": -12557.805036621448,
      "h_bonds": 400.56646713145835,
      "h_tau": 1.0,
      "tau_mean": 1.0,
      "bond_mean_avg": 5.0,
      "n_parameters": 18000,
      "dim_x0": 50,
      "dim_b0": 18,
      "dim_x1": 50,
      "dim_b1": 18,
      "dim_x2": 50
    },
    {
      "step": 1,
      "train_loss": 1.680861234713338,
      "train_quality": 0.7618061383970274,
      "val_loss": 10.301118129263452,
      "val_quality": -0.2015337940651578,
      "test_quality": -0.0876662409065454,
      "patience_counter": 0,
      "elbo_raw": -45917.444459800856,
      "elbo_relative": 4605237.221675218,
      "e_log_p_nodes": -26168.66845824741,
      "e_log_p_bonds": -789.8989343403199,
      "e_log_p_tau": -0.5586445146694906,
      "h_nodes": -18600.232942876104,
      "h_bonds": 400.56646713145835,
      "h_tau": -1.8661452900655604,
      "tau_mean": 0.5586445146694906,
      "bond_mean_avg": 5.0,
      "n_parameters": 18000,
      "dim_x0": 50,
      "dim_b0": 18,
      "dim_x1": 50,
      "dim_b1": 18,
      "dim_x2": 50
    }
  ],
  "summary": {}
}