{
  "experiment_name": "kfold_student_perf",
  "run_name": "student_perf-MPO2-L3-d18-seed47659-fold3",
  "config": {
    "params": {
      "model": "MPO2",
      "L": 3,
      "bond_dim": 18,
      "init_strength": 0.1,
      "bond_prior_alpha": 5.0,
      "added_bias": false,
      "n_epochs": 100,
      "batch_size": 256,
      "patience": 100,
      "min_delta": 0.0001,
      "warmup_epochs": 5,
      "trim_every": 3,
      "trimming_threshold": 0.3,
      "trim_method": "relevance",
      "soft_trim_relaxation": 2
    },
    "fold": 3,
    "seed": 47659
  },
  "hparams": {
    "seed": 47659,
    "fold": 3,
    "dataset": "student_perf",
    "n_features": 50,
    "n_train": 442,
    "n_val": 77,
    "n_test": 130,
    "L": 3,
    "bond_dim": 18,
    "model": "MPO2",
    "init_strength": 0.1,
    "bond_prior_alpha": 5.0,
    "added_bias": false,
    "n_epochs": 100,
    "batch_size": 256,
    "patience": 100,
    "min_delta": 0.0001,
    "warmup_epochs": 5,
    "trim_every": 3,
    "trimming_threshold": 0.3,
    "trim_method": "relevance",
    "soft_trim_relaxation": 2
  },
  "metrics_log": [
    {
      "step": 0,
      "train_loss": 18118.556647750363,
      "train_quality": -2571.6589279074674,
      "val_loss": 47996.568543454094,
      "val_quality": -6583.867986258342,
      "patience_counter": 0,
      "elbo_raw": -4224751.7543230215,
      "elbo_relative": 0.0,
      "e_log_p_nodes": -185702.96922840708,
      "e_log_p_bonds": -789.8989343403199,
      "e_log_p_tau": -1.0,
      "h_nodes": -12557.805036621448,
      "h_bonds": 400.56646713145835,
      "h_tau": 1.0,
      "tau_mean": 1.0,
      "bond_mean_avg": 5.0,
      "n_parameters": 18000,
      "dim_x0": 50,
      "dim_b0": 18,
      "dim_x1": 50,
      "dim_b1": 18,
      "dim_x2": 50
    },
    {
      "step": 1,
      "train_loss": 1.9335699983260404,
      "train_quality": 0.7254518549332047,
      "val_loss": 13.45843779007727,
      "val_quality": -0.8464244182101182,
      "test_quality": -0.5177411259603624,
      "patience_counter": 0,
      "elbo_raw": -46079.75799180627,
      "elbo_relative": 4178671.9963312154,
      "e_log_p_nodes": -26313.810866604166,
      "e_log_p_bonds": -789.8989343403199,
      "e_log_p_tau": -0.48966426084661524,
      "h_nodes": -18588.14600667954,
      "h_bonds": 400.56646713145835,
      "h_tau": -1.9979386557924954,
      "tau_mean": 0.48966426084661524,
      "bond_mean_avg": 5.0,
      "n_parameters": 18000,
      "dim_x0": 50,
      "dim_b0": 18,
      "dim_x1": 50,
      "dim_b1": 18,
      "dim_x2": 50
    }
  ],
  "summary": {}
}