{
  "experiment_name": "kfold_student_perf",
  "run_name": "student_perf-MPO2-L3-d18-seed42-fold2",
  "config": {
    "params": {
      "model": "MPO2",
      "L": 3,
      "bond_dim": 18,
      "init_strength": 0.1,
      "bond_prior_alpha": 5.0,
      "added_bias": false,
      "n_epochs": 100,
      "batch_size": 256,
      "patience": 100,
      "min_delta": 0.0001,
      "warmup_epochs": 5,
      "trim_every": 3,
      "trimming_threshold": 0.3,
      "trim_method": "relevance",
      "soft_trim_relaxation": 2
    },
    "fold": 2,
    "seed": 42
  },
  "hparams": {
    "seed": 42,
    "fold": 2,
    "dataset": "student_perf",
    "n_features": 50,
    "n_train": 442,
    "n_val": 77,
    "n_test": 130,
    "L": 3,
    "bond_dim": 18,
    "model": "MPO2",
    "init_strength": 0.1,
    "bond_prior_alpha": 5.0,
    "added_bias": false,
    "n_epochs": 100,
    "batch_size": 256,
    "patience": 100,
    "min_delta": 0.0001,
    "warmup_epochs": 5,
    "trim_every": 3,
    "trimming_threshold": 0.3,
    "trim_method": "relevance",
    "soft_trim_relaxation": 2
  },
  "metrics_log": [
    {
      "step": 0,
      "train_loss": 26283.239881962756,
      "train_quality": -3825.3313146252754,
      "val_loss": 19076.37346960103,
      "val_quality": -1706.382076886426,
      "patience_counter": 0,
      "elbo_raw": -6030889.663726484,
      "elbo_relative": 0.0,
      "e_log_p_nodes": -185655.88050592208,
      "e_log_p_bonds": -789.8989343403199,
      "e_log_p_tau": -1.0,
      "h_nodes": -12557.805036621448,
      "h_bonds": 400.56646713145835,
      "h_tau": 1.0,
      "tau_mean": 1.0,
      "bond_mean_avg": 5.0,
      "n_parameters": 18000,
      "dim_x0": 50,
      "dim_b0": 18,
      "dim_x1": 50,
      "dim_b1": 18,
      "dim_x2": 50
    },
    {
      "step": 1,
      "train_loss": 1.9601320015987167,
      "train_quality": 0.7146426965549499,
      "val_loss": 14.458542773706533,
      "val_quality": -0.29407493667812856,
      "test_quality": -0.15446602716929791,
      "patience_counter": 0,
      "elbo_raw": -45843.55607761568,
      "elbo_relative": 5985046.107648869,
      "e_log_p_nodes": -26030.561975756267,
      "e_log_p_bonds": -789.8989343403199,
      "e_log_p_tau": -0.48173518280174815,
      "h_nodes": -18631.56873249729,
      "h_bonds": 400.56646713145835,
      "h_tau": -2.014264080313751,
      "tau_mean": 0.48173518280174815,
      "bond_mean_avg": 5.0,
      "n_parameters": 18000,
      "dim_x0": 50,
      "dim_b0": 18,
      "dim_x1": 50,
      "dim_b1": 18,
      "dim_x2": 50
    }
  ],
  "summary": {}
}