{
  "experiment_name": "kfold_student_perf",
  "run_name": "student_perf-MPO2-L3-d18-seed9536-fold3",
  "config": {
    "params": {
      "model": "MPO2",
      "L": 3,
      "bond_dim": 18,
      "init_strength": 0.1,
      "bond_prior_alpha": 5.0,
      "added_bias": false,
      "n_epochs": 100,
      "batch_size": 256,
      "patience": 100,
      "min_delta": 0.0001,
      "warmup_epochs": 5,
      "trim_every": 3,
      "trimming_threshold": 0.3,
      "trim_method": "relevance",
      "soft_trim_relaxation": 2
    },
    "fold": 3,
    "seed": 9536
  },
  "hparams": {
    "seed": 9536,
    "fold": 3,
    "dataset": "student_perf",
    "n_features": 50,
    "n_train": 442,
    "n_val": 77,
    "n_test": 130,
    "L": 3,
    "bond_dim": 18,
    "model": "MPO2",
    "init_strength": 0.1,
    "bond_prior_alpha": 5.0,
    "added_bias": false,
    "n_epochs": 100,
    "batch_size": 256,
    "patience": 100,
    "min_delta": 0.0001,
    "warmup_epochs": 5,
    "trim_every": 3,
    "trimming_threshold": 0.3,
    "trim_method": "relevance",
    "soft_trim_relaxation": 2
  },
  "metrics_log": [
    {
      "step": 0,
      "train_loss": 12983.7224755259,
      "train_quality": -1779.875034987461,
      "val_loss": 11328.205517197674,
      "val_quality": -1322.4469066298543,
      "patience_counter": 0,
      "elbo_raw": -3092140.3172877505,
      "elbo_relative": 0.0,
      "e_log_p_nodes": -186228.41717643914,
      "e_log_p_bonds": -789.8989343403199,
      "e_log_p_tau": -1.0,
      "h_nodes": -12557.805036621448,
      "h_bonds": 400.56646713145835,
      "h_tau": 1.0,
      "tau_mean": 1.0,
      "bond_mean_avg": 5.0,
      "n_parameters": 18000,
      "dim_x0": 50,
      "dim_b0": 18,
      "dim_x1": 50,
      "dim_b1": 18,
      "dim_x2": 50
    },
    {
      "step": 1,
      "train_loss": 1.7432599674438332,
      "train_quality": 0.7608907490616993,
      "val_loss": 9.365029883470951,
      "val_quality": -0.09409383604136656,
      "test_quality": -0.3794365257168262,
      "patience_counter": 0,
      "elbo_raw": -45776.91327273018,
      "elbo_relative": 3046363.4040150205,
      "e_log_p_nodes": -26062.169339408872,
      "e_log_p_bonds": -789.8989343403199,
      "e_log_p_tau": -0.5380859404113789,
      "h_nodes": -18557.877048415106,
      "h_bonds": 400.56646713145835,
      "h_tau": -1.9036403421607702,
      "tau_mean": 0.5380859404113789,
      "bond_mean_avg": 5.0,
      "n_parameters": 18000,
      "dim_x0": 50,
      "dim_b0": 18,
      "dim_x1": 50,
      "dim_b1": 18,
      "dim_x2": 50
    }
  ],
  "summary": {}
}