{
  "experiment_name": "kfold_student_perf",
  "run_name": "student_perf-MPO2-L3-d18-seed42-fold0",
  "config": {
    "params": {
      "model": "MPO2",
      "L": 3,
      "bond_dim": 18,
      "init_strength": 0.1,
      "bond_prior_alpha": 5.0,
      "added_bias": false,
      "n_epochs": 100,
      "batch_size": 256,
      "patience": 100,
      "min_delta": 0.0001,
      "warmup_epochs": 5,
      "trim_every": 3,
      "trimming_threshold": 0.3,
      "trim_method": "relevance",
      "soft_trim_relaxation": 2
    },
    "fold": 0,
    "seed": 42
  },
  "hparams": {
    "seed": 42,
    "fold": 0,
    "dataset": "student_perf",
    "n_features": 50,
    "n_train": 442,
    "n_val": 77,
    "n_test": 130,
    "L": 3,
    "bond_dim": 18,
    "model": "MPO2",
    "init_strength": 0.1,
    "bond_prior_alpha": 5.0,
    "added_bias": false,
    "n_epochs": 100,
    "batch_size": 256,
    "patience": 100,
    "min_delta": 0.0001,
    "warmup_epochs": 5,
    "trim_every": 3,
    "trimming_threshold": 0.3,
    "trim_method": "relevance",
    "soft_trim_relaxation": 2
  },
  "metrics_log": [
    {
      "step": 0,
      "train_loss": 22423.763987221806,
      "train_quality": -3213.7229769085493,
      "val_loss": 33396.4391268875,
      "val_quality": -4108.744449632967,
      "patience_counter": 0,
      "elbo_raw": -5176049.309062947,
      "elbo_relative": 0.0,
      "e_log_p_nodes": -185655.88050592208,
      "e_log_p_bonds": -789.8989343403199,
      "e_log_p_tau": -1.0,
      "h_nodes": -12557.805036621448,
      "h_bonds": 400.56646713145835,
      "h_tau": 1.0,
      "tau_mean": 1.0,
      "bond_mean_avg": 5.0,
      "n_parameters": 18000,
      "dim_x0": 50,
      "dim_b0": 18,
      "dim_x1": 50,
      "dim_b1": 18,
      "dim_x2": 50
    },
    {
      "step": 1,
      "train_loss": 1.863081369389436,
      "train_quality": 0.7329043201917633,
      "val_loss": 23.857226939492946,
      "val_quality": -1.9358550959787042,
      "test_quality": -0.47942788738894726,
      "patience_counter": 0,
      "elbo_raw": -45998.543855808864,
      "elbo_relative": 5130050.765207138,
      "e_log_p_nodes": -26186.593933932858,
      "e_log_p_bonds": -789.8989343403199,
      "e_log_p_tau": -0.5067707651363096,
      "h_nodes": -18641.77194829305,
      "h_bonds": 400.56646713145835,
      "h_tau": -1.963599868532583,
      "tau_mean": 0.5067707651363096,
      "bond_mean_avg": 5.0,
      "n_parameters": 18000,
      "dim_x0": 50,
      "dim_b0": 18,
      "dim_x1": 50,
      "dim_b1": 18,
      "dim_x2": 50
    }
  ],
  "summary": {}
}