{
  "experiment_name": "kfold_student_perf",
  "run_name": "student_perf-MPO2-L3-d18-seed42-fold3",
  "config": {
    "params": {
      "model": "MPO2",
      "L": 3,
      "bond_dim": 18,
      "init_strength": 0.1,
      "bond_prior_alpha": 5.0,
      "added_bias": false,
      "n_epochs": 100,
      "batch_size": 256,
      "patience": 100,
      "min_delta": 0.0001,
      "warmup_epochs": 5,
      "trim_every": 3,
      "trimming_threshold": 0.3,
      "trim_method": "relevance",
      "soft_trim_relaxation": 2
    },
    "fold": 3,
    "seed": 42
  },
  "hparams": {
    "seed": 42,
    "fold": 3,
    "dataset": "student_perf",
    "n_features": 50,
    "n_train": 442,
    "n_val": 77,
    "n_test": 130,
    "L": 3,
    "bond_dim": 18,
    "model": "MPO2",
    "init_strength": 0.1,
    "bond_prior_alpha": 5.0,
    "added_bias": false,
    "n_epochs": 100,
    "batch_size": 256,
    "patience": 100,
    "min_delta": 0.0001,
    "warmup_epochs": 5,
    "trim_every": 3,
    "trimming_threshold": 0.3,
    "trim_method": "relevance",
    "soft_trim_relaxation": 2
  },
  "metrics_log": [
    {
      "step": 0,
      "train_loss": 22942.916191817305,
      "train_quality": -3122.6353086569097,
      "val_loss": 15590.150848914825,
      "val_quality": -2017.6504560649907,
      "patience_counter": 0,
      "elbo_raw": -5291579.674774494,
      "elbo_relative": 0.0,
      "e_log_p_nodes": -185655.88050592208,
      "e_log_p_bonds": -789.8989343403199,
      "e_log_p_tau": -1.0,
      "h_nodes": -12557.805036621448,
      "h_bonds": 400.56646713145835,
      "h_tau": 1.0,
      "tau_mean": 1.0,
      "bond_mean_avg": 5.0,
      "n_parameters": 18000,
      "dim_x0": 50,
      "dim_b0": 18,
      "dim_x1": 50,
      "dim_b1": 18,
      "dim_x2": 50
    },
    {
      "step": 1,
      "train_loss": 2.0105072027644226,
      "train_quality": 0.7262731888850376,
      "val_loss": 9.240161632916205,
      "val_quality": -0.19643848703996825,
      "test_quality": -1.0995159012394997,
      "patience_counter": 0,
      "elbo_raw": -46094.1527003012,
      "elbo_relative": 5245485.522074193,
      "e_log_p_nodes": -26268.975647542116,
      "e_log_p_bonds": -789.8989343403199,
      "e_log_p_tau": -0.4717567105189828,
      "h_nodes": -18639.10494354023,
      "h_bonds": 400.56646713145835,
      "h_tau": -2.0351952212240576,
      "tau_mean": 0.4717567105189828,
      "bond_mean_avg": 5.0,
      "n_parameters": 18000,
      "dim_x0": 50,
      "dim_b0": 18,
      "dim_x1": 50,
      "dim_b1": 18,
      "dim_x2": 50
    }
  ],
  "summary": {}
}