{
  "experiment_name": "kfold_student_perf",
  "run_name": "student_perf-MPO2-L3-d18-seed42806-fold3",
  "config": {
    "params": {
      "model": "MPO2",
      "L": 3,
      "bond_dim": 18,
      "init_strength": 0.1,
      "bond_prior_alpha": 5.0,
      "added_bias": false,
      "n_epochs": 100,
      "batch_size": 256,
      "patience": 100,
      "min_delta": 0.0001,
      "warmup_epochs": 5,
      "trim_every": 3,
      "trimming_threshold": 0.3,
      "trim_method": "relevance",
      "soft_trim_relaxation": 2
    },
    "fold": 3,
    "seed": 42806
  },
  "hparams": {
    "seed": 42806,
    "fold": 3,
    "dataset": "student_perf",
    "n_features": 50,
    "n_train": 442,
    "n_val": 77,
    "n_test": 130,
    "L": 3,
    "bond_dim": 18,
    "model": "MPO2",
    "init_strength": 0.1,
    "bond_prior_alpha": 5.0,
    "added_bias": false,
    "n_epochs": 100,
    "batch_size": 256,
    "patience": 100,
    "min_delta": 0.0001,
    "warmup_epochs": 5,
    "trim_every": 3,
    "trimming_threshold": 0.3,
    "trim_method": "relevance",
    "soft_trim_relaxation": 2
  },
  "metrics_log": [
    {
      "step": 0,
      "train_loss": 21968.048678532,
      "train_quality": -2927.3956347553303,
      "val_loss": 10685.71348982946,
      "val_quality": -1259.9584284929317,
      "patience_counter": 0,
      "elbo_raw": -5077522.3517085835,
      "elbo_relative": 0.0,
      "e_log_p_nodes": -186242.50601230387,
      "e_log_p_bonds": -789.8989343403199,
      "e_log_p_tau": -1.0,
      "h_nodes": -12557.805036621448,
      "h_bonds": 400.56646713145835,
      "h_tau": 1.0,
      "tau_mean": 1.0,
      "bond_mean_avg": 5.0,
      "n_parameters": 18000,
      "dim_x0": 50,
      "dim_b0": 18,
      "dim_x1": 50,
      "dim_b1": 18,
      "dim_x2": 50
    },
    {
      "step": 1,
      "train_loss": 2.0556267437450186,
      "train_quality": 0.7259798322938036,
      "val_loss": 8.813915208355992,
      "val_quality": -0.04007848241267942,
      "test_quality": -0.028519684001724332,
      "patience_counter": 0,
      "elbo_raw": -45880.15144959699,
      "elbo_relative": 5031642.200258986,
      "e_log_p_nodes": -26119.087917785593,
      "e_log_p_bonds": -789.8989343403199,
      "e_log_p_tau": -0.46008810809589396,
      "h_nodes": -18569.431343014454,
      "h_bonds": 400.56646713145835,
      "h_tau": -2.0602406196264837,
      "tau_mean": 0.46008810809589396,
      "bond_mean_avg": 5.0,
      "n_parameters": 18000,
      "dim_x0": 50,
      "dim_b0": 18,
      "dim_x1": 50,
      "dim_b1": 18,
      "dim_x2": 50
    }
  ],
  "summary": {}
}