{
  "experiment_name": "kfold_student_perf",
  "run_name": "student_perf-MPO2-L3-d18-seed9536-fold1",
  "config": {
    "params": {
      "model": "MPO2",
      "L": 3,
      "bond_dim": 18,
      "init_strength": 0.1,
      "bond_prior_alpha": 5.0,
      "added_bias": false,
      "n_epochs": 100,
      "batch_size": 256,
      "patience": 100,
      "min_delta": 0.0001,
      "warmup_epochs": 5,
      "trim_every": 3,
      "trimming_threshold": 0.3,
      "trim_method": "relevance",
      "soft_trim_relaxation": 2
    },
    "fold": 1,
    "seed": 9536
  },
  "hparams": {
    "seed": 9536,
    "fold": 1,
    "dataset": "student_perf",
    "n_features": 50,
    "n_train": 442,
    "n_val": 77,
    "n_test": 130,
    "L": 3,
    "bond_dim": 18,
    "model": "MPO2",
    "init_strength": 0.1,
    "bond_prior_alpha": 5.0,
    "added_bias": false,
    "n_epochs": 100,
    "batch_size": 256,
    "patience": 100,
    "min_delta": 0.0001,
    "warmup_epochs": 5,
    "trim_every": 3,
    "trimming_threshold": 0.3,
    "trim_method": "relevance",
    "soft_trim_relaxation": 2
  },
  "metrics_log": [
    {
      "step": 0,
      "train_loss": 12672.899625423466,
      "train_quality": -1692.8516055906682,
      "val_loss": 7929.553153030179,
      "val_quality": -901.0399202670006,
      "patience_counter": 0,
      "elbo_raw": -3023153.9538774104,
      "elbo_relative": 0.0,
      "e_log_p_nodes": -186228.41717643914,
      "e_log_p_bonds": -789.8989343403199,
      "e_log_p_tau": -1.0,
      "h_nodes": -12557.805036621448,
      "h_bonds": 400.56646713145835,
      "h_tau": 1.0,
      "tau_mean": 1.0,
      "bond_mean_avg": 5.0,
      "n_parameters": 18000,
      "dim_x0": 50,
      "dim_b0": 18,
      "dim_x1": 50,
      "dim_b1": 18,
      "dim_x2": 50
    },
    {
      "step": 1,
      "train_loss": 1.876692898846876,
      "train_quality": 0.7491624352855106,
      "val_loss": 9.250696157438293,
      "val_quality": -0.05232880885364177,
      "test_quality": -0.4753039998964359,
      "patience_counter": 0,
      "elbo_raw": -45774.9348028685,
      "elbo_relative": 2977379.019074542,
      "e_log_p_nodes": -26036.961123446614,
      "e_log_p_bonds": -789.8989343403199,
      "e_log_p_tau": -0.5021613547863742,
      "h_nodes": -18565.767250942317,
      "h_bonds": 400.56646713145835,
      "h_tau": -1.9727371381836747,
      "tau_mean": 0.5021613547863742,
      "bond_mean_avg": 5.0,
      "n_parameters": 18000,
      "dim_x0": 50,
      "dim_b0": 18,
      "dim_x1": 50,
      "dim_b1": 18,
      "dim_x2": 50
    }
  ],
  "summary": {}
}