{
  "experiment_name": "kfold_student_perf",
  "run_name": "student_perf-MPO2-L3-d18-seed47659-fold0",
  "config": {
    "params": {
      "model": "MPO2",
      "L": 3,
      "bond_dim": 18,
      "init_strength": 0.1,
      "bond_prior_alpha": 5.0,
      "added_bias": false,
      "n_epochs": 100,
      "batch_size": 256,
      "patience": 100,
      "min_delta": 0.0001,
      "warmup_epochs": 5,
      "trim_every": 3,
      "trimming_threshold": 0.3,
      "trim_method": "relevance",
      "soft_trim_relaxation": 2
    },
    "fold": 0,
    "seed": 47659
  },
  "hparams": {
    "seed": 47659,
    "fold": 0,
    "dataset": "student_perf",
    "n_features": 50,
    "n_train": 442,
    "n_val": 77,
    "n_test": 130,
    "L": 3,
    "bond_dim": 18,
    "model": "MPO2",
    "init_strength": 0.1,
    "bond_prior_alpha": 5.0,
    "added_bias": false,
    "n_epochs": 100,
    "batch_size": 256,
    "patience": 100,
    "min_delta": 0.0001,
    "warmup_epochs": 5,
    "trim_every": 3,
    "trimming_threshold": 0.3,
    "trim_method": "relevance",
    "soft_trim_relaxation": 2
  },
  "metrics_log": [
    {
      "step": 0,
      "train_loss": 21337.485804893015,
      "train_quality": -2843.5671211251706,
      "val_loss": 14480.674027657706,
      "val_quality": -1532.196119682539,
      "patience_counter": 0,
      "elbo_raw": -4936470.7852455955,
      "elbo_relative": 0.0,
      "e_log_p_nodes": -185702.96922840708,
      "e_log_p_bonds": -789.8989343403199,
      "e_log_p_tau": -1.0,
      "h_nodes": -12557.805036621448,
      "h_bonds": 400.56646713145835,
      "h_tau": 1.0,
      "tau_mean": 1.0,
      "bond_mean_avg": 5.0,
      "n_parameters": 18000,
      "dim_x0": 50,
      "dim_b0": 18,
      "dim_x1": 50,
      "dim_b1": 18,
      "dim_x2": 50
    },
    {
      "step": 1,
      "train_loss": 1.8272290195432164,
      "train_quality": 0.7564063714307658,
      "val_loss": 13.098672563687048,
      "val_quality": -0.3868714888049709,
      "test_quality": -0.3572515984904254,
      "patience_counter": 0,
      "elbo_raw": -46029.85901922357,
      "elbo_relative": 4890440.926226372,
      "e_log_p_nodes": -26271.066118900966,
      "e_log_p_bonds": -789.8989343403199,
      "e_log_p_tau": -0.5164410295265714,
      "h_nodes": -18592.811243027318,
      "h_bonds": 400.56646713145835,
      "h_tau": -1.9446975212958932,
      "tau_mean": 0.5164410295265714,
      "bond_mean_avg": 5.0,
      "n_parameters": 18000,
      "dim_x0": 50,
      "dim_b0": 18,
      "dim_x1": 50,
      "dim_b1": 18,
      "dim_x2": 50
    }
  ],
  "summary": {}
}