{
  "experiment_name": "kfold_student_perf",
  "run_name": "student_perf-MPO2-L3-d18-seed47659-fold1",
  "config": {
    "params": {
      "model": "MPO2",
      "L": 3,
      "bond_dim": 18,
      "init_strength": 0.1,
      "bond_prior_alpha": 5.0,
      "added_bias": false,
      "n_epochs": 100,
      "batch_size": 256,
      "patience": 100,
      "min_delta": 0.0001,
      "warmup_epochs": 5,
      "trim_every": 3,
      "trimming_threshold": 0.3,
      "trim_method": "relevance",
      "soft_trim_relaxation": 2
    },
    "fold": 1,
    "seed": 47659
  },
  "hparams": {
    "seed": 47659,
    "fold": 1,
    "dataset": "student_perf",
    "n_features": 50,
    "n_train": 442,
    "n_val": 77,
    "n_test": 130,
    "L": 3,
    "bond_dim": 18,
    "model": "MPO2",
    "init_strength": 0.1,
    "bond_prior_alpha": 5.0,
    "added_bias": false,
    "n_epochs": 100,
    "batch_size": 256,
    "patience": 100,
    "min_delta": 0.0001,
    "warmup_epochs": 5,
    "trim_every": 3,
    "trimming_threshold": 0.3,
    "trim_method": "relevance",
    "soft_trim_relaxation": 2
  },
  "metrics_log": [
    {
      "step": 0,
      "train_loss": 19185.342874074962,
      "train_quality": -2556.5395253908428,
      "val_loss": 25825.711889016584,
      "val_quality": -3280.062950843837,
      "patience_counter": 0,
      "elbo_raw": -4461622.120718439,
      "elbo_relative": 0.0,
      "e_log_p_nodes": -185702.96922840708,
      "e_log_p_bonds": -789.8989343403199,
      "e_log_p_tau": -1.0,
      "h_nodes": -12557.805036621448,
      "h_bonds": 400.56646713145835,
      "h_tau": 1.0,
      "tau_mean": 1.0,
      "bond_mean_avg": 5.0,
      "n_parameters": 18000,
      "dim_x0": 50,
      "dim_b0": 18,
      "dim_x1": 50,
      "dim_b1": 18,
      "dim_x2": 50
    },
    {
      "step": 1,
      "train_loss": 2.034617338356323,
      "train_quality": 0.7287713701002747,
      "val_loss": 7.004326771482115,
      "val_quality": 0.11012570866294469,
      "test_quality": -0.2656631385216002,
      "patience_counter": 0,
      "elbo_raw": -46012.2839682599,
      "elbo_relative": 4415609.8367501795,
      "e_log_p_nodes": -26243.378491534877,
      "e_log_p_bonds": -789.8989343403199,
      "e_log_p_tau": -0.4664690350000949,
      "h_nodes": -18580.330991612118,
      "h_bonds": 400.56646713145835,
      "h_tau": -2.046466989300143,
      "tau_mean": 0.4664690350000949,
      "bond_mean_avg": 5.0,
      "n_parameters": 18000,
      "dim_x0": 50,
      "dim_b0": 18,
      "dim_x1": 50,
      "dim_b1": 18,
      "dim_x2": 50
    }
  ],
  "summary": {}
}