{
  "experiment_name": "kfold_student_perf",
  "run_name": "student_perf-MPO2-L3-d18-seed42806-fold0",
  "config": {
    "params": {
      "model": "MPO2",
      "L": 3,
      "bond_dim": 18,
      "init_strength": 0.1,
      "bond_prior_alpha": 5.0,
      "added_bias": false,
      "n_epochs": 100,
      "batch_size": 256,
      "patience": 100,
      "min_delta": 0.0001,
      "warmup_epochs": 5,
      "trim_every": 3,
      "trimming_threshold": 0.3,
      "trim_method": "relevance",
      "soft_trim_relaxation": 2
    },
    "fold": 0,
    "seed": 42806
  },
  "hparams": {
    "seed": 42806,
    "fold": 0,
    "dataset": "student_perf",
    "n_features": 50,
    "n_train": 442,
    "n_val": 77,
    "n_test": 130,
    "L": 3,
    "bond_dim": 18,
    "model": "MPO2",
    "init_strength": 0.1,
    "bond_prior_alpha": 5.0,
    "added_bias": false,
    "n_epochs": 100,
    "batch_size": 256,
    "patience": 100,
    "min_delta": 0.0001,
    "warmup_epochs": 5,
    "trim_every": 3,
    "trimming_threshold": 0.3,
    "trim_method": "relevance",
    "soft_trim_relaxation": 2
  },
  "metrics_log": [
    {
      "step": 0,
      "train_loss": 17399.945404011858,
      "train_quality": -2283.104394893724,
      "val_loss": 30905.13737523169,
      "val_quality": -3348.968179782602,
      "patience_counter": 0,
      "elbo_raw": -4066612.1510365936,
      "elbo_relative": 0.0,
      "e_log_p_nodes": -186242.50601230387,
      "e_log_p_bonds": -789.8989343403199,
      "e_log_p_tau": -1.0,
      "h_nodes": -12557.805036621448,
      "h_bonds": 400.56646713145835,
      "h_tau": 1.0,
      "tau_mean": 1.0,
      "bond_mean_avg": 5.0,
      "n_parameters": 18000,
      "dim_x0": 50,
      "dim_b0": 18,
      "dim_x1": 50,
      "dim_b1": 18,
      "dim_x2": 50
    },
    {
      "step": 1,
      "train_loss": 1.9958899217438455,
      "train_quality": 0.7379979743540981,
      "val_loss": 8.895268908752497,
      "val_quality": 0.03579565322326994,
      "test_quality": -0.5648487942143117,
      "patience_counter": 0,
      "elbo_raw": -45713.66074372921,
      "elbo_relative": 4020898.4902928644,
      "e_log_p_nodes": -25971.88014077414,
      "e_log_p_bonds": -789.8989343403199,
      "e_log_p_tau": -0.4727015153771652,
      "h_nodes": -18556.152678919163,
      "h_bonds": 400.56646713145835,
      "h_tau": -2.0331944865224614,
      "tau_mean": 0.4727015153771652,
      "bond_mean_avg": 5.0,
      "n_parameters": 18000,
      "dim_x0": 50,
      "dim_b0": 18,
      "dim_x1": 50,
      "dim_b1": 18,
      "dim_x2": 50
    }
  ],
  "summary": {}
}