{
  "experiment_name": "kfold_student_perf",
  "run_name": "student_perf-MPO2-L3-d18-seed9536-fold4",
  "config": {
    "params": {
      "model": "MPO2",
      "L": 3,
      "bond_dim": 18,
      "init_strength": 0.1,
      "bond_prior_alpha": 5.0,
      "added_bias": false,
      "n_epochs": 100,
      "batch_size": 256,
      "patience": 100,
      "min_delta": 0.0001,
      "warmup_epochs": 5,
      "trim_every": 3,
      "trimming_threshold": 0.3,
      "trim_method": "relevance",
      "soft_trim_relaxation": 2
    },
    "fold": 4,
    "seed": 9536
  },
  "hparams": {
    "seed": 9536,
    "fold": 4,
    "dataset": "student_perf",
    "n_features": 50,
    "n_train": 442,
    "n_val": 78,
    "n_test": 129,
    "L": 3,
    "bond_dim": 18,
    "model": "MPO2",
    "init_strength": 0.1,
    "bond_prior_alpha": 5.0,
    "added_bias": false,
    "n_epochs": 100,
    "batch_size": 256,
    "patience": 100,
    "min_delta": 0.0001,
    "warmup_epochs": 5,
    "trim_every": 3,
    "trimming_threshold": 0.3,
    "trim_method": "relevance",
    "soft_trim_relaxation": 2
  },
  "metrics_log": [
    {
      "step": 0,
      "train_loss": 13122.618526042816,
      "train_quality": -1806.42972845895,
      "val_loss": 9072.363708714676,
      "val_quality": -1449.5482183280733,
      "patience_counter": 0,
      "elbo_raw": -3121718.374093102,
      "elbo_relative": 0.0,
      "e_log_p_nodes": -186228.41717643914,
      "e_log_p_bonds": -789.8989343403199,
      "e_log_p_tau": -1.0,
      "h_nodes": -12557.805036621448,
      "h_bonds": 400.56646713145835,
      "h_tau": 1.0,
      "tau_mean": 1.0,
      "bond_mean_avg": 5.0,
      "n_parameters": 18000,
      "dim_x0": 50,
      "dim_b0": 18,
      "dim_x1": 50,
      "dim_b1": 18,
      "dim_x2": 50
    },
    {
      "step": 1,
      "train_loss": 1.93857006973452,
      "train_quality": 0.7329931394572431,
      "val_loss": 9.942962885670566,
      "val_quality": -0.5897452485130728,
      "test_quality": -0.4031644622555093,
      "patience_counter": 0,
      "elbo_raw": -46032.95984324959,
      "elbo_relative": 3075685.4142498523,
      "e_log_p_nodes": -26298.396038220195,
      "e_log_p_bonds": -789.8989343403199,
      "e_log_p_tau": -0.4878857823430886,
      "h_nodes": -18555.95489441602,
      "h_bonds": 400.56646713145835,
      "h_tau": -2.0015773042241563,
      "tau_mean": 0.4878857823430886,
      "bond_mean_avg": 5.0,
      "n_parameters": 18000,
      "dim_x0": 50,
      "dim_b0": 18,
      "dim_x1": 50,
      "dim_b1": 18,
      "dim_x2": 50
    }
  ],
  "summary": {}
}