{
  "experiment_name": "kfold_student_perf",
  "run_name": "student_perf-MPO2-L3-d18-seed19540-fold4",
  "config": {
    "params": {
      "model": "MPO2",
      "L": 3,
      "bond_dim": 18,
      "init_strength": 0.1,
      "bond_prior_alpha": 5.0,
      "added_bias": false,
      "n_epochs": 100,
      "batch_size": 256,
      "patience": 100,
      "min_delta": 0.0001,
      "warmup_epochs": 5,
      "trim_every": 3,
      "trimming_threshold": 0.3,
      "trim_method": "relevance",
      "soft_trim_relaxation": 2
    },
    "fold": 4,
    "seed": 19540
  },
  "hparams": {
    "seed": 19540,
    "fold": 4,
    "dataset": "student_perf",
    "n_features": 50,
    "n_train": 442,
    "n_val": 78,
    "n_test": 129,
    "L": 3,
    "bond_dim": 18,
    "model": "MPO2",
    "init_strength": 0.1,
    "bond_prior_alpha": 5.0,
    "added_bias": false,
    "n_epochs": 100,
    "batch_size": 256,
    "patience": 100,
    "min_delta": 0.0001,
    "warmup_epochs": 5,
    "trim_every": 3,
    "trimming_threshold": 0.3,
    "trim_method": "relevance",
    "soft_trim_relaxation": 2
  },
  "metrics_log": [
    {
      "step": 0,
      "train_loss": 19098.65139611041,
      "train_quality": -2729.071655337473,
      "val_loss": 24348.619315742366,
      "val_quality": -2886.2105698327023,
      "patience_counter": 0,
      "elbo_raw": -4441790.718906636,
      "elbo_relative": 0.0,
      "e_log_p_nodes": -186275.37253497753,
      "e_log_p_bonds": -789.8989343403199,
      "e_log_p_tau": -1.0,
      "h_nodes": -12557.805036621448,
      "h_bonds": 400.56646713145835,
      "h_tau": 1.0,
      "tau_mean": 1.0,
      "bond_mean_avg": 5.0,
      "n_parameters": 18000,
      "dim_x0": 50,
      "dim_b0": 18,
      "dim_x1": 50,
      "dim_b1": 18,
      "dim_x2": 50
    },
    {
      "step": 1,
      "train_loss": 2.3430679968748658,
      "train_quality": 0.6650683133522627,
      "val_loss": 11.920164517157918,
      "val_quality": -0.4134692625397336,
      "test_quality": -0.497979620945594,
      "patience_counter": 0,
      "elbo_raw": -46003.73373897822,
      "elbo_relative": 4395786.985167658,
      "e_log_p_nodes": -26259.64432156038,
      "e_log_p_bonds": -789.8989343403199,
      "e_log_p_tau": -0.40656428451048193,
      "h_nodes": -18525.00120098381,
      "h_bonds": 400.56646713145835,
      "h_tau": -2.183916572145108,
      "tau_mean": 0.40656428451048193,
      "bond_mean_avg": 5.0,
      "n_parameters": 18000,
      "dim_x0": 50,
      "dim_b0": 18,
      "dim_x1": 50,
      "dim_b1": 18,
      "dim_x2": 50
    }
  ],
  "summary": {}
}