{
  "experiment_name": "kfold_student_perf",
  "run_name": "student_perf-MPO2-L3-d18-seed42806-fold2",
  "config": {
    "params": {
      "model": "MPO2",
      "L": 3,
      "bond_dim": 18,
      "init_strength": 0.1,
      "bond_prior_alpha": 5.0,
      "added_bias": false,
      "n_epochs": 100,
      "batch_size": 256,
      "patience": 100,
      "min_delta": 0.0001,
      "warmup_epochs": 5,
      "trim_every": 3,
      "trimming_threshold": 0.3,
      "trim_method": "relevance",
      "soft_trim_relaxation": 2
    },
    "fold": 2,
    "seed": 42806
  },
  "hparams": {
    "seed": 42806,
    "fold": 2,
    "dataset": "student_perf",
    "n_features": 50,
    "n_train": 442,
    "n_val": 77,
    "n_test": 130,
    "L": 3,
    "bond_dim": 18,
    "model": "MPO2",
    "init_strength": 0.1,
    "bond_prior_alpha": 5.0,
    "added_bias": false,
    "n_epochs": 100,
    "batch_size": 256,
    "patience": 100,
    "min_delta": 0.0001,
    "warmup_epochs": 5,
    "trim_every": 3,
    "trimming_threshold": 0.3,
    "trim_method": "relevance",
    "soft_trim_relaxation": 2
  },
  "metrics_log": [
    {
      "step": 0,
      "train_loss": 19080.828985875178,
      "train_quality": -2654.226551785289,
      "val_loss": 28946.63922902224,
      "val_quality": -4351.199218665967,
      "patience_counter": 0,
      "elbo_raw": -4437299.207119384,
      "elbo_relative": 0.0,
      "e_log_p_nodes": -186242.50601230387,
      "e_log_p_bonds": -789.8989343403199,
      "e_log_p_tau": -1.0,
      "h_nodes": -12557.805036621448,
      "h_bonds": 400.56646713145835,
      "h_tau": 1.0,
      "tau_mean": 1.0,
      "bond_mean_avg": 5.0,
      "n_parameters": 18000,
      "dim_x0": 50,
      "dim_b0": 18,
      "dim_x1": 50,
      "dim_b1": 18,
      "dim_x2": 50
    },
    {
      "step": 1,
      "train_loss": 1.9446774146499892,
      "train_quality": 0.7293849701258677,
      "val_loss": 9.258220076109314,
      "val_quality": -0.3919964201260946,
      "test_quality": 0.02064978965093578,
      "patience_counter": 0,
      "elbo_raw": -45659.802962476315,
      "elbo_relative": 4391639.404156907,
      "e_log_p_nodes": -25927.6395202205,
      "e_log_p_bonds": -789.8989343403199,
      "e_log_p_tau": -0.4843009349337022,
      "h_nodes": -18551.9173350191,
      "h_bonds": 400.56646713145835,
      "h_tau": -2.0089521502152365,
      "tau_mean": 0.4843009349337022,
      "bond_mean_avg": 5.0,
      "n_parameters": 18000,
      "dim_x0": 50,
      "dim_b0": 18,
      "dim_x1": 50,
      "dim_b1": 18,
      "dim_x2": 50
    }
  ],
  "summary": {}
}