{
  "experiment_name": "kfold_student_perf",
  "run_name": "student_perf-MPO2-L3-d18-seed47659-fold2",
  "config": {
    "params": {
      "model": "MPO2",
      "L": 3,
      "bond_dim": 18,
      "init_strength": 0.1,
      "bond_prior_alpha": 5.0,
      "added_bias": false,
      "n_epochs": 100,
      "batch_size": 256,
      "patience": 100,
      "min_delta": 0.0001,
      "warmup_epochs": 5,
      "trim_every": 3,
      "trimming_threshold": 0.3,
      "trim_method": "relevance",
      "soft_trim_relaxation": 2
    },
    "fold": 2,
    "seed": 47659
  },
  "hparams": {
    "seed": 47659,
    "fold": 2,
    "dataset": "student_perf",
    "n_features": 50,
    "n_train": 442,
    "n_val": 77,
    "n_test": 130,
    "L": 3,
    "bond_dim": 18,
    "model": "MPO2",
    "init_strength": 0.1,
    "bond_prior_alpha": 5.0,
    "added_bias": false,
    "n_epochs": 100,
    "batch_size": 256,
    "patience": 100,
    "min_delta": 0.0001,
    "warmup_epochs": 5,
    "trim_every": 3,
    "trimming_threshold": 0.3,
    "trim_method": "relevance",
    "soft_trim_relaxation": 2
  },
  "metrics_log": [
    {
      "step": 0,
      "train_loss": 18505.22477343505,
      "train_quality": -2380.126428994981,
      "val_loss": 18955.329686199235,
      "val_quality": -2248.3425208044914,
      "patience_counter": 0,
      "elbo_raw": -4311143.8769736895,
      "elbo_relative": 0.0,
      "e_log_p_nodes": -185702.96922840708,
      "e_log_p_bonds": -789.8989343403199,
      "e_log_p_tau": -1.0,
      "h_nodes": -12557.805036621448,
      "h_bonds": 400.56646713145835,
      "h_tau": 1.0,
      "tau_mean": 1.0,
      "bond_mean_avg": 5.0,
      "n_parameters": 18000,
      "dim_x0": 50,
      "dim_b0": 18,
      "dim_x1": 50,
      "dim_b1": 18,
      "dim_x2": 50
    },
    {
      "step": 1,
      "train_loss": 1.8055903419841282,
      "train_quality": 0.7676689185959872,
      "val_loss": 15.522582965398993,
      "val_quality": -0.8419941238061588,
      "test_quality": -1.1627291543961693,
      "patience_counter": 0,
      "elbo_raw": -45992.42036360908,
      "elbo_relative": 4265151.456610081,
      "e_log_p_nodes": -26241.609251093996,
      "e_log_p_bonds": -789.8989343403199,
      "e_log_p_tau": -0.5222464832460482,
      "h_nodes": -18587.311184314654,
      "h_bonds": 400.56646713145835,
      "h_tau": -1.9335189635446568,
      "tau_mean": 0.5222464832460482,
      "bond_mean_avg": 5.0,
      "n_parameters": 18000,
      "dim_x0": 50,
      "dim_b0": 18,
      "dim_x1": 50,
      "dim_b1": 18,
      "dim_x2": 50
    }
  ],
  "summary": {}
}