{
  "experiment_name": "kfold_student_perf",
  "run_name": "student_perf-MPO2-L3-d18-seed19540-fold2",
  "config": {
    "params": {
      "model": "MPO2",
      "L": 3,
      "bond_dim": 18,
      "init_strength": 0.1,
      "bond_prior_alpha": 5.0,
      "added_bias": false,
      "n_epochs": 100,
      "batch_size": 256,
      "patience": 100,
      "min_delta": 0.0001,
      "warmup_epochs": 5,
      "trim_every": 3,
      "trimming_threshold": 0.3,
      "trim_method": "relevance",
      "soft_trim_relaxation": 2
    },
    "fold": 2,
    "seed": 19540
  },
  "hparams": {
    "seed": 19540,
    "fold": 2,
    "dataset": "student_perf",
    "n_features": 50,
    "n_train": 442,
    "n_val": 77,
    "n_test": 130,
    "L": 3,
    "bond_dim": 18,
    "model": "MPO2",
    "init_strength": 0.1,
    "bond_prior_alpha": 5.0,
    "added_bias": false,
    "n_epochs": 100,
    "batch_size": 256,
    "patience": 100,
    "min_delta": 0.0001,
    "warmup_epochs": 5,
    "trim_every": 3,
    "trimming_threshold": 0.3,
    "trim_method": "relevance",
    "soft_trim_relaxation": 2
  },
  "metrics_log": [
    {
      "step": 0,
      "train_loss": 18269.84967049026,
      "train_quality": -2461.399965109335,
      "val_loss": 27101.796661393844,
      "val_quality": -3009.3516880625825,
      "patience_counter": 0,
      "elbo_raw": -4259918.715486244,
      "elbo_relative": 0.0,
      "e_log_p_nodes": -186275.37253497753,
      "e_log_p_bonds": -789.8989343403199,
      "e_log_p_tau": -1.0,
      "h_nodes": -12557.805036621448,
      "h_bonds": 400.56646713145835,
      "h_tau": 1.0,
      "tau_mean": 1.0,
      "bond_mean_avg": 5.0,
      "n_parameters": 18000,
      "dim_x0": 50,
      "dim_b0": 18,
      "dim_x1": 50,
      "dim_b1": 18,
      "dim_x2": 50
    },
    {
      "step": 1,
      "train_loss": 2.1298720270779525,
      "train_quality": 0.7129370575152979,
      "val_loss": 11.664579757723574,
      "val_quality": -0.29565164269068256,
      "test_quality": -0.6248314632628234,
      "patience_counter": 0,
      "elbo_raw": -45824.338010172214,
      "elbo_relative": 4214094.377476072,
      "e_log_p_nodes": -26103.323423127196,
      "e_log_p_bonds": -789.8989343403199,
      "e_log_p_tau": -0.44461142258274855,
      "h_nodes": -18521.786153953075,
      "h_bonds": 400.56646713145835,
      "h_tau": -2.094457937088009,
      "tau_mean": 0.44461142258274855,
      "bond_mean_avg": 5.0,
      "n_parameters": 18000,
      "dim_x0": 50,
      "dim_b0": 18,
      "dim_x1": 50,
      "dim_b1": 18,
      "dim_x2": 50
    }
  ],
  "summary": {}
}