{
  "abalone": {
    "BTT": {
      "L": 3,
      "bond_dim": 18,
      "added_bias": false,
      "init_strength": 0.01,
      "bond_prior_alpha": 1.0,
      "mean": 0.5362409342509243,
      "std": 0.006678599296682417,
      "n_runs": 18
    },
    "CPD": {
      "L": 3,
      "bond_dim": 100,
      "added_bias": true,
      "init_strength": 0.1,
      "bond_prior_alpha": 5.0,
      "mean": 0.5306428891865361,
      "std": 0.002246698374291155,
      "n_runs": 5
    },
    "LMPO2": {
      "L": 3,
      "bond_dim": 18,
      "added_bias": false,
      "init_strength": 0.01,
      "bond_prior_alpha": 1.0,
      "mean": 0.5319239973169468,
      "std": 0.011319647212805335,
      "n_runs": 19
    },
    "MPO2": {
      "L": 3,
      "bond_dim": 18,
      "added_bias": false,
      "init_strength": 0.01,
      "bond_prior_alpha": 1.0,
      "mean": 0.5351705932676125,
      "std": 0.004190545964848841,
      "n_runs": 31
    }
  },
  "ai4i": {
    "CPD": {
      "L": 4,
      "bond_dim": 64,
      "added_bias": true,
      "init_strength": 0.01,
      "bond_prior_alpha": 1.0,
      "mean": 0.3624349320180854,
      "std": 0.011708529100688082,
      "n_runs": 10
    },
    "LMPO2": {
      "L": 4,
      "bond_dim": 6,
      "added_bias": true,
      "init_strength": 0.01,
      "bond_prior_alpha": 1.0,
      "mean": 0.3816226043904448,
      "std": 0.006831968339548048,
      "n_runs": 5
    },
    "MPO2": {
      "L": 4,
      "bond_dim": 18,
      "added_bias": false,
      "init_strength": 0.01,
      "bond_prior_alpha": 1.0,
      "mean": 0.38794205240800106,
      "std": 0.02123941719817976,
      "n_runs": 31
    }
  },
  "appliances": {
    "CPD": {
      "L": 3,
      "bond_dim": 64,
      "added_bias": true,
      "init_strength": 0.01,
      "bond_prior_alpha": 1.0,
      "mean": 0.2572781010285436,
      "std": 0.020449805417237916,
      "n_runs": 5
    },
    "LMPO2": {
      "L": 3,
      "bond_dim": 6,
      "added_bias": true,
      "init_strength": 0.01,
      "bond_prior_alpha": 1.0,
      "mean": 0.2752285246515833,
      "std": 0.014219959851622043,
      "n_runs": 4
    },
    "MPO2": {
      "L": 3,
      "bond_dim": 6,
      "added_bias": true,
      "init_strength": 0.01,
      "bond_prior_alpha": 1.0,
      "mean": 0.2720024236340076,
      "std": 0.008433819632765502,
      "n_runs": 5
    }
  },
  "bike": {
    "BTT": {
      "L": 4,
      "bond_dim": 6,
      "added_bias": true,
      "init_strength": 0.01,
      "bond_prior_alpha": 1.0,
      "mean": 0.6668035993188708,
      "std": 0.0015861989239412857,
      "n_runs": 7
    },
    "CPD": {
      "L": 4,
      "bond_dim": 64,
      "added_bias": true,
      "init_strength": 0.01,
      "bond_prior_alpha": 1.0,
      "mean": 0.6557731553853517,
      "std": 0.00047084036849291667,
      "n_runs": 6
    },
    "LMPO2": {
      "L": 4,
      "bond_dim": 8,
      "added_bias": true,
      "init_strength": 0.1,
      "bond_prior_alpha": 5.0,
      "mean": 0.6605749607294459,
      "std": 0.0020782019519859567,
      "n_runs": 4
    },
    "MPO2": {
      "L": 4,
      "bond_dim": 6,
      "added_bias": true,
      "init_strength": 0.01,
      "bond_prior_alpha": 1.0,
      "mean": 0.6624102600680659,
      "std": 0.0017131051397904116,
      "n_runs": 9
    }
  },
  "concrete": {
    "BTT": {
      "L": 4,
      "bond_dim": 8,
      "added_bias": true,
      "init_strength": 0.1,
      "bond_prior_alpha": 5.0,
      "mean": 0.9229323676533762,
      "std": 0.013306621603829283,
      "n_runs": 5
    },
    "CPD": {
      "L": 4,
      "bond_dim": 100,
      "added_bias": false,
      "init_strength": 0.1,
      "bond_prior_alpha": 5.0,
      "mean": 0.9172866237408741,
      "std": 0.003901253373928827,
      "n_runs": 5
    },
    "LMPO2": {
      "L": 4,
      "bond_dim": 8,
      "added_bias": false,
      "init_strength": 0.1,
      "bond_prior_alpha": 5.0,
      "mean": 0.9266331931486075,
      "std": 0.003015119010087305,
      "n_runs": 4
    },
    "MPO2": {
      "L": 4,
      "bond_dim": 12,
      "added_bias": true,
      "init_strength": 0.1,
      "bond_prior_alpha": 5.0,
      "mean": 0.9261253563489265,
      "std": 0.002577617096649206,
      "n_runs": 5
    }
  },
  "energy_efficiency": {
    "BTT": {
      "L": 4,
      "bond_dim": 14,
      "added_bias": true,
      "init_strength": 0.01,
      "bond_prior_alpha": 1.0,
      "mean": 0.9969520763500681,
      "std": 0.0010840703978207277,
      "n_runs": 10
    },
    "CPD": {
      "L": 4,
      "bond_dim": 64,
      "added_bias": true,
      "init_strength": 0.01,
      "bond_prior_alpha": 1.0,
      "mean": 0.9973526465926943,
      "std": 0.0004703607462411436,
      "n_runs": 10
    },
    "LMPO2": {
      "L": 4,
      "bond_dim": 6,
      "added_bias": true,
      "init_strength": 0.01,
      "bond_prior_alpha": 1.0,
      "mean": 0.9977221632500515,
      "std": 0.00011066899438152263,
      "n_runs": 5
    },
    "MPO2": {
      "L": 4,
      "bond_dim": 6,
      "added_bias": true,
      "init_strength": 0.01,
      "bond_prior_alpha": 1.0,
      "mean": 0.9978113459665718,
      "std": 1.6052707233986704e-05,
      "n_runs": 4
    }
  },
  "obesity": {
    "BTT": {
      "L": 3,
      "bond_dim": 12,
      "added_bias": true,
      "init_strength": 0.1,
      "bond_prior_alpha": 5.0,
      "mean": 0.6873777981070296,
      "std": 0.011515703071821358,
      "n_runs": 5
    },
    "CPD": {
      "L": 4,
      "bond_dim": 100,
      "added_bias": false,
      "init_strength": 0.1,
      "bond_prior_alpha": 5.0,
      "mean": 0.6895745633657098,
      "std": 0.007777961922623932,
      "n_runs": 5
    },
    "LMPO2": {
      "L": 4,
      "bond_dim": 6,
      "added_bias": false,
      "init_strength": 0.1,
      "bond_prior_alpha": 5.0,
      "mean": 0.7022196042324713,
      "std": 0.0045276164116103456,
      "n_runs": 4
    },
    "MPO2": {
      "L": 3,
      "bond_dim": 10,
      "added_bias": false,
      "init_strength": 0.1,
      "bond_prior_alpha": 5.0,
      "mean": 0.6913852944818549,
      "std": 0.005501649116505632,
      "n_runs": 4
    }
  },
  "realstate": {
    "BTT": {
      "L": 4,
      "bond_dim": 12,
      "added_bias": false,
      "init_strength": 0.1,
      "bond_prior_alpha": 5.0,
      "mean": 0.5943057671326876,
      "std": 0.0017816870434297744,
      "n_runs": 3
    },
    "CPD": {
      "L": 3,
      "bond_dim": 100,
      "added_bias": true,
      "init_strength": 0.1,
      "bond_prior_alpha": 5.0,
      "mean": 0.5702533152156078,
      "std": 0.0034806988294136722,
      "n_runs": 5
    },
    "LMPO2": {
      "L": 4,
      "bond_dim": 8,
      "added_bias": false,
      "init_strength": 0.1,
      "bond_prior_alpha": 5.0,
      "mean": 0.5874131516025874,
      "std": 0.029035176991627096,
      "n_runs": 5
    },
    "MPO2": {
      "L": 4,
      "bond_dim": 8,
      "added_bias": false,
      "init_strength": 0.1,
      "bond_prior_alpha": 5.0,
      "mean": 0.5844406555471667,
      "std": 0.002784253471944999,
      "n_runs": 3
    }
  },
  "seoulBike": {
    "BTT": {
      "L": 3,
      "bond_dim": 6,
      "added_bias": true,
      "init_strength": 0.01,
      "bond_prior_alpha": 1.0,
      "mean": 0.33168611631937617,
      "std": 0.1896747039442134,
      "n_runs": 10
    },
    "CPD": {
      "L": 3,
      "bond_dim": 100,
      "added_bias": false,
      "init_strength": 0.1,
      "bond_prior_alpha": 5.0,
      "mean": -0.3620900625116957,
      "std": 0.0030110556350770533,
      "n_runs": 4
    },
    "LMPO2": {
      "L": 3,
      "bond_dim": 8,
      "added_bias": true,
      "init_strength": 0.1,
      "bond_prior_alpha": 5.0,
      "mean": 0.04793528476577266,
      "std": 0.22591764495857503,
      "n_runs": 4
    },
    "MPO2": {
      "L": 3,
      "bond_dim": 12,
      "added_bias": false,
      "init_strength": 0.1,
      "bond_prior_alpha": 5.0,
      "mean": 0.002550841412810062,
      "std": 0.03508941668660608,