{
  "appliances": {
    "LMPO2": {
      "L": 3,
      "bond_dim": 8,
      "added_bias": true,
      "init_strength": 0.1,
      "bond_prior_alpha": 5.0,
      "mean": 0.2752742050079668,
      "std": 0.03598115225421528,
      "n_runs": 5
    },
    "MPO2": {
      "L": 3,
      "bond_dim": 10,
      "added_bias": true,
      "init_strength": 0.1,
      "bond_prior_alpha": 5.0,
      "mean": 0.2992951897548375,
      "std": 0.01184624308049987,
      "n_runs": 5
    },
    "CPD": {
      "L": 3,
      "bond_dim": 64,
      "added_bias": true,
      "init_strength": 0.1,
      "bond_prior_alpha": 5.0,
      "mean": 0.25871495319889315,
      "std": 0.020301844643435176,
      "n_runs": 5
    }
  },
  "obesity": {
    "LMPO2": {
      "L": 4,
      "bond_dim": 6,
      "added_bias": false,
      "init_strength": 0.1,
      "bond_prior_alpha": 5.0,
      "mean": 0.696683644528581,
      "std": 0.013180802691269072,
      "n_runs": 5
    },
    "MPO2": {
      "L": 3,
      "bond_dim": 10,
      "added_bias": false,
      "init_strength": 0.1,
      "bond_prior_alpha": 5.0,
      "mean": 0.6869359014543215,
      "std": 0.011368976847916596,
      "n_runs": 5
    },
    "BTT": {
      "L": 3,
      "bond_dim": 6,
      "added_bias": true,
      "init_strength": 0.1,
      "bond_prior_alpha": 5.0,
      "mean": 0.6920234450184265,
      "std": 0.008205675942355,
      "n_runs": 5
    },
    "CPD": {
      "L": 3,
      "bond_dim": 64,
      "added_bias": true,
      "init_strength": 0.1,
      "bond_prior_alpha": 5.0,
      "mean": 0.6901924800686745,
      "std": 0.0029218178306401354,
      "n_runs": 5
    }
  },
  "student_perf": {
    "LMPO2": {
      "L": 4,
      "bond_dim": 10,
      "added_bias": true,
      "init_strength": 0.1,
      "bond_prior_alpha": 5.0,
      "mean": -0.09635165320111652,
      "std": 0.09294711383322452,
      "n_runs": 5
    },
    "MPO2": {
      "L": 3,
      "bond_dim": 12,
      "added_bias": true,
      "init_strength": 0.1,
      "bond_prior_alpha": 5.0,
      "mean": -0.017989746792915384,
      "std": 0.09625665756564802,
      "n_runs": 5
    },
    "BTT": {
      "L": 4,
      "bond_dim": 6,
      "added_bias": true,
      "init_strength": 0.1,
      "bond_prior_alpha": 5.0,
      "mean": 0.026293334758173616,
      "std": 0.09724186364104771,
      "n_runs": 5
    },
    "CPD": {
      "L": 3,
      "bond_dim": 64,
      "added_bias": true,
      "init_strength": 0.1,
      "bond_prior_alpha": 5.0,
      "mean": 0.08287605459572045,
      "std": 0.05509746734358004,
      "n_runs": 5
    }
  },
  "abalone": {
    "BTT": {
      "L": 3,
      "bond_dim": 18,
      "added_bias": false,
      "init_strength": 0.1,
      "bond_prior_alpha": 5.0,
      "mean": 0.5287262851050357,
      "std": 0.00447874986244361,
      "n_runs": 5
    },
    "LMPO2": {
      "L": 3,
      "bond_dim": 18,
      "added_bias": true,
      "init_strength": 0.1,
      "bond_prior_alpha": 5.0,
      "mean": 0.5318743152484985,
      "std": 0.007121136501342309,
      "n_runs": 5
    },
    "MPO2": {
      "L": 3,
      "bond_dim": 14,
      "added_bias": true,
      "init_strength": 0.1,
      "bond_prior_alpha": 5.0,
      "mean": 0.5272020872247682,
      "std": 0.0037615576295441477,
      "n_runs": 5
    },
    "CPD": {
      "L": 3,
      "bond_dim": 100,
      "added_bias": true,
      "init_strength": 0.1,
      "bond_prior_alpha": 5.0,
      "mean": 0.5306428891865361,
      "std": 0.0025118851449266438,
      "n_runs": 5
    }
  },
  "ai4i": {
    "LMPO2": {
      "L": 4,
      "bond_dim": 6,
      "added_bias": true,
      "init_strength": 0.01,
      "bond_prior_alpha": 1.0,
      "mean": 0.3816226043904448,
      "std": 0.0076383728136779,
      "n_runs": 5
    },
    "MPO2": {
      "L": 4,
      "bond_dim": 14,
      "added_bias": true,
      "init_strength": 0.01,
      "bond_prior_alpha": 1.0,
      "mean": 0.3877526839631297,
      "std": 0.010591413123134557,
      "n_runs": 5
    },
    "CPD": {
      "L": 4,
      "bond_dim": 64,
      "added_bias": true,
      "init_strength": 0.01,
      "bond_prior_alpha": 1.0,
      "mean": 0.3707987467104327,
      "std": 0.012852552768628412,
      "n_runs": 5
    }
  },
  "bike": {
    "BTT": {
      "L": 4,
      "bond_dim": 6,
      "added_bias": true,
      "init_strength": 0.01,
      "bond_prior_alpha": 1.0,
      "mean": 0.666016427732394,
      "std": 0.0032599285833805045,
      "n_runs": 5
    },
    "LMPO2": {
      "L": 4,
      "bond_dim": 8,
      "added_bias": false,
      "init_strength": 0.1,
      "bond_prior_alpha": 5.0,
      "mean": 0.6596664444975457,
      "std": 0.003085159755509716,
      "n_runs": 5
    },
    "MPO2": {
      "L": 4,
      "bond_dim": 6,
      "added_bias": true,
      "init_strength": 0.01,
      "bond_prior_alpha": 1.0,
      "mean": 0.6621574737814777,
      "std": 0.0013068878280244652,
      "n_runs": 5
    },
    "CPD": {
      "L": 4,
      "bond_dim": 64,
      "added_bias": true,
      "init_strength": 0.1,
      "bond_prior_alpha": 5.0,
      "mean": 0.6555302444666407,
      "std": 0.0026919693926367363,
      "n_runs": 5
    }
  },
  "concrete": {
    "BTT": {
      "L": 4,
      "bond_dim": 18,
      "added_bias": true,
      "init_strength": 0.1,
      "bond_prior_alpha": 5.0,
      "mean": 0.9310255323426486,
      "std": 0.0038888783094724435,
      "n_runs": 5
    },
    "LMPO2": {
      "L": 4,
      "bond_dim": 12,
      "added_bias": true,
      "init_strength": 0.1,
      "bond_prior_alpha": 5.0,
      "mean": 0.9199970055155527,
      "std": 0.006972757696869914,
      "n_runs": 5
    },
    "MPO2": {
      "L": 4,
      "bond_dim": 12,
      "added_bias": true,
      "init_strength": 0.1,
      "bond_prior_alpha": 5.0,
      "mean": 0.9261253563489265,
      "std": 0.002881863524036635,
      "n_runs": 5
    },
    "CPD": {
      "L": 4,
      "bond_dim": 100,
      "added_bias": true,
      "init_strength": 0.1,
      "bond_prior_alpha": 5.0,
      "mean": 0.917286623740874,
      "std": 0.004361733870777632,
      "n_runs": 5
    }
  },
  "energy_efficiency": {
    "BTT": {
      "L": 4,
      "bond_dim": 14,
      "added_bias": true,
      "init_strength": 0.01,
      "bond_prior_alpha": 1.0,
      "mean": 0.9978802117675809,
      "std": 6.806313415629525e-05,
      "n_runs": 5
    },
    "LMPO2": {
      "L": 4,
      "bond_dim": 14,
      "added_bias": true,
      "init_strength": 0.01,
      "bond_prior_alpha": 1.0,
      "mean": 0.9978812727006217,
      "std": 0.00010506070436252147,
      "n_runs": 5
    },
    "MPO2": {
      "L": 4,
      "bond_dim": 10,
      "added_bias": true,
      "init_strength": 0.01,
      "bond_prior_alpha": 1.0,
      "mean": 0.997921219627845,
      "std": 4.4168308528187585e-05,
      "n_runs": 5
    },
    "CPD": {
      "L": 4,
      "bond_dim": 64,
      "added_bias": true,
      "init_strength": 0.01,
      "bond_prior_alpha": 1.0,
      "mean": 0.9978085364808216,
      "std": 2.9124750562461118e-05,
      "n_runs": 5
    }
  },
  "realstate": {
    "BTT": {
      "L": 4,
      "bond_dim": 12,
      "added_bias": true,
      "init_strength": 0.1,
      "bond_prior_alpha": 5.0,
      "mean": 0.5916099124528704,
      "std": 0.012051406785998075,
      "n_runs": 5
    },
    "LMPO2": {
      "L": 4,
      "bond_dim": 8,
      "added_bias": true,
      "init_strength": 0.1,
      "bond_prior_alpha": 5.0,
      "mean": 0.5874131516025874,
      "std": 0.03246231474600801,
      "n_runs": 5
    },
    "MPO2": {
      "L": 4,
      "bond_dim": 12,
      "added_bias": true,
      "init_strength": 0.1,
      "bond_prior_alpha": 5.0,
      "mean": 0.5843199989778465,
      "std": 0.01610727744780066,
      "n_runs": 5
    },
    "CPD": {
      "L": 3,
      "bond_dim": 100,
      "added_bias": true,
      "init_strength": 0.1,
      "bond_prior_alpha": 5.0,
      "mean": 0.570253315215608,
      "std": 0.0038915395958864576,
      "n_runs": 5
    }
  },