{
  "fold": 4,
  "seed": 9536,
  "model": "CPD",
  "dataset": "abalone",
  "params": {
    "model": "CPD",
    "L": 3,
    "bond_dim": 100,
    "init_strength": 0.1,
    "bond_prior_alpha": 5.0,
    "added_bias": true,
    "n_epochs": 100,
    "batch_size": 256,
    "patience": 100,
    "min_delta": 0.0001,
    "warmup_epochs": 5,
    "trim_every": 3,
    "trimming_threshold": 0.3,
    "trim_method": "relevance",
    "soft_trim_relaxation": 2
  },
  "n_features": 12,
  "n_train": 2841,
  "n_val": 501,
  "n_test": 835,
  "train_loss": 4.418036418816999,
  "train_quality": 0.5746558703471718,
  "val_loss": 5.082844823058088,
  "val_quality": 0.5713371838089123,
  "test_loss": 4.002642095993919,
  "test_quality": 0.5783806788079833,
  "best_epoch": 1,
  "n_parameters": 3600,
  "elbo_raw": -15690.59878398616,
  "elbo_relative": 609669897.211198,
  "tau_mean": 0.22419608442076705,
  "success": true,
  "singular": false,
  "recovered_from_run": true,
  "run_id": "abalone-CPD-L3-d100-seed9536-fold4"
}