{
  "fold": 2,
  "seed": 42806,
  "model": "CPD",
  "dataset": "abalone",
  "params": {
    "model": "CPD",
    "L": 3,
    "bond_dim": 100,
    "init_strength": 0.1,
    "bond_prior_alpha": 5.0,
    "added_bias": true,
    "n_epochs": 100,
    "batch_size": 256,
    "patience": 100,
    "min_delta": 0.0001,
    "warmup_epochs": 5,
    "trim_every": 3,
    "trimming_threshold": 0.3,
    "trim_method": "relevance",
    "soft_trim_relaxation": 2
  },
  "n_features": 12,
  "n_train": 2841,
  "n_val": 501,
  "n_test": 835,
  "train_loss": 4.280413047395765,
  "train_quality": 0.5953529763475084,
  "val_loss": 3.5680848138445325,
  "val_quality": 0.5829913224813105,
  "test_loss": 4.883659931984669,
  "test_quality": 0.5493085717056589,
  "best_epoch": 7,
  "n_parameters": 3600,
  "elbo_raw": -21857.538775709207,
  "elbo_relative": 12369110667.894917,
  "tau_mean": 0.20657585064574863,
  "success": true,
  "singular": false,
  "recovered_from_run": true,
  "run_id": "abalone-CPD-L3-d100-seed42806-fold2"
}