{
  "fold": 3,
  "seed": 42806,
  "model": "CPD",
  "dataset": "abalone",
  "params": {
    "model": "CPD",
    "L": 3,
    "bond_dim": 100,
    "init_strength": 0.1,
    "bond_prior_alpha": 5.0,
    "added_bias": true,
    "n_epochs": 100,
    "batch_size": 256,
    "patience": 100,
    "min_delta": 0.0001,
    "warmup_epochs": 5,
    "trim_every": 3,
    "trimming_threshold": 0.3,
    "trim_method": "relevance",
    "soft_trim_relaxation": 2
  },
  "n_features": 12,
  "n_train": 2841,
  "n_val": 501,
  "n_test": 835,
  "train_loss": 4.196265169273697,
  "train_quality": 0.592478593312145,
  "val_loss": 4.812783637360702,
  "val_quality": 0.577244566267163,
  "test_loss": 39.066773104173855,
  "test_quality": -2.867418759714596,
  "best_epoch": 7,
  "n_parameters": 3600,
  "elbo_raw": -21270.975120036182,
  "elbo_relative": 2482777896.6772594,
  "tau_mean": 0.21360273990549677,
  "success": true,
  "singular": false,
  "recovered_from_run": true,
  "run_id": "abalone-CPD-L3-d100-seed42806-fold3"
}