{
  "fold": 1,
  "seed": 19540,
  "model": "CPD",
  "dataset": "abalone",
  "params": {
    "model": "CPD",
    "L": 3,
    "bond_dim": 100,
    "init_strength": 0.1,
    "bond_prior_alpha": 5.0,
    "added_bias": true,
    "n_epochs": 100,
    "batch_size": 256,
    "patience": 100,
    "min_delta": 0.0001,
    "warmup_epochs": 5,
    "trim_every": 3,
    "trimming_threshold": 0.3,
    "trim_method": "relevance",
    "soft_trim_relaxation": 2
  },
  "n_features": 12,
  "n_train": 2840,
  "n_val": 501,
  "n_test": 836,
  "train_loss": 4.214085338355119,
  "train_quality": 0.5898919919203509,
  "val_loss": 4.235147061169919,
  "val_quality": 0.5670645878537082,
  "test_loss": 5.009645945725148,
  "test_quality": 0.5507185593615138,
  "best_epoch": 7,
  "n_parameters": 3600,
  "elbo_raw": -21821.055300292537,
  "elbo_relative": 495295738.4504603,
  "tau_mean": 0.20985317499334577,
  "success": true,
  "singular": false,
  "recovered_from_run": true,
  "run_id": "abalone-CPD-L3-d100-seed19540-fold1"
}