{
  "fold": 4,
  "seed": 42806,
  "model": "CPD",
  "dataset": "abalone",
  "params": {
    "model": "CPD",
    "L": 3,
    "bond_dim": 100,
    "init_strength": 0.1,
    "bond_prior_alpha": 5.0,
    "added_bias": true,
    "n_epochs": 100,
    "batch_size": 256,
    "patience": 100,
    "min_delta": 0.0001,
    "warmup_epochs": 5,
    "trim_every": 3,
    "trimming_threshold": 0.3,
    "trim_method": "relevance",
    "soft_trim_relaxation": 2
  },
  "n_features": 12,
  "n_train": 2841,
  "n_val": 501,
  "n_test": 835,
  "train_loss": 4.233486257526695,
  "train_quality": 0.5948371178581878,
  "val_loss": 5.106736063980354,
  "val_quality": 0.5408724887975354,
  "test_loss": 4.1236196770000815,
  "test_quality": 0.5747331213875452,
  "best_epoch": 7,
  "n_parameters": 3600,
  "elbo_raw": -21863.18580770822,
  "elbo_relative": 13139858573.699684,
  "tau_mean": 0.20868056154699155,
  "success": true,
  "singular": false,
  "recovered_from_run": true,
  "run_id": "abalone-CPD-L3-d100-seed42806-fold4"
}