{
  "fold": 0,
  "seed": 47659,
  "model": "CPD",
  "dataset": "abalone",
  "params": {
    "model": "CPD",
    "L": 3,
    "bond_dim": 100,
    "init_strength": 0.1,
    "bond_prior_alpha": 5.0,
    "added_bias": true,
    "n_epochs": 100,
    "batch_size": 256,
    "patience": 100,
    "min_delta": 0.0001,
    "warmup_epochs": 5,
    "trim_every": 3,
    "trimming_threshold": 0.3,
    "trim_method": "relevance",
    "soft_trim_relaxation": 2
  },
  "n_features": 12,
  "n_train": 2840,
  "n_val": 501,
  "n_test": 836,
  "train_loss": 4.441957987561487,
  "train_quality": 0.5852028562377213,
  "val_loss": 4.216087509653204,
  "val_quality": 0.6226302355166806,
  "test_loss": 4.144193163724247,
  "test_quality": 0.5318269563427589,
  "best_epoch": 7,
  "n_parameters": 3600,
  "elbo_raw": -21869.483498720474,
  "elbo_relative": 18122595388.88231,
  "tau_mean": 0.19936825903795793,
  "success": true,
  "singular": false,
  "recovered_from_run": true,
  "run_id": "abalone-CPD-L3-d100-seed47659-fold0"
}