{
  "fold": 1,
  "seed": 47659,
  "model": "CPD",
  "dataset": "abalone",
  "params": {
    "model": "CPD",
    "L": 3,
    "bond_dim": 100,
    "init_strength": 0.1,
    "bond_prior_alpha": 5.0,
    "added_bias": true,
    "n_epochs": 100,
    "batch_size": 256,
    "patience": 100,
    "min_delta": 0.0001,
    "warmup_epochs": 5,
    "trim_every": 3,
    "trimming_threshold": 0.3,
    "trim_method": "relevance",
    "soft_trim_relaxation": 2
  },
  "n_features": 12,
  "n_train": 2840,
  "n_val": 501,
  "n_test": 836,
  "train_loss": 4.423729217804803,
  "train_quality": 0.5681948685144036,
  "val_loss": 3.9917755518865583,
  "val_quality": 0.5978510404729608,
  "test_loss": 5.246693377611488,
  "test_quality": 0.5303760872822642,
  "best_epoch": 14,
  "n_parameters": 36,
  "elbo_raw": -6304.522357210931,
  "elbo_relative": 16845908028.163435,
  "tau_mean": 0.2261767943353505,
  "success": true,
  "singular": false,
  "recovered_from_run": true,
  "run_id": "abalone-CPD-L3-d100-seed47659-fold1"
}