{
  "fold": 4,
  "seed": 42,
  "model": "CPD",
  "dataset": "abalone",
  "params": {
    "model": "CPD",
    "L": 3,
    "bond_dim": 100,
    "init_strength": 0.1,
    "bond_prior_alpha": 5.0,
    "added_bias": true,
    "n_epochs": 100,
    "batch_size": 256,
    "patience": 100,
    "min_delta": 0.0001,
    "warmup_epochs": 5,
    "trim_every": 3,
    "trimming_threshold": 0.3,
    "trim_method": "relevance",
    "soft_trim_relaxation": 2
  },
  "n_features": 12,
  "n_train": 2841,
  "n_val": 501,
  "n_test": 835,
  "train_loss": 4.409571480861521,
  "train_quality": 0.5890562409673789,
  "val_loss": 5.299781206826339,
  "val_quality": 0.5403581550703405,
  "test_loss": 3.684878075090563,
  "test_quality": 0.5690867734128477,
  "best_epoch": 7,
  "n_parameters": 3600,
  "elbo_raw": -21869.022042415963,
  "elbo_relative": 3693054762.7176676,
  "tau_mean": 0.20099344707812294,
  "success": true,
  "singular": false,
  "recovered_from_run": true,
  "run_id": "abalone-CPD-L3-d100-seed42-fold4"
}