{
  "fold": 1,
  "seed": 9536,
  "model": "CPD",
  "dataset": "abalone",
  "params": {
    "model": "CPD",
    "L": 3,
    "bond_dim": 100,
    "init_strength": 0.1,
    "bond_prior_alpha": 5.0,
    "added_bias": true,
    "n_epochs": 100,
    "batch_size": 256,
    "patience": 100,
    "min_delta": 0.0001,
    "warmup_epochs": 5,
    "trim_every": 3,
    "trimming_threshold": 0.3,
    "trim_method": "relevance",
    "soft_trim_relaxation": 2
  },
  "n_features": 12,
  "n_train": 2840,
  "n_val": 501,
  "n_test": 836,
  "train_loss": 4.281474683110015,
  "train_quality": 0.5875553729127808,
  "val_loss": 4.390240755066827,
  "val_quality": 0.5586584510108707,
  "test_loss": 4.591830771986543,
  "test_quality": 0.5704971586004965,
  "best_epoch": 6,
  "n_parameters": 3600,
  "elbo_raw": -15710.952273356977,
  "elbo_relative": 609283979.7630459,
  "tau_mean": 0.21404773953986989,
  "success": true,
  "singular": false,
  "recovered_from_run": true,
  "run_id": "abalone-CPD-L3-d100-seed9536-fold1"
}