{
  "fold": 3,
  "seed": 19540,
  "model": "CPD",
  "dataset": "abalone",
  "params": {
    "model": "CPD",
    "L": 3,
    "bond_dim": 100,
    "init_strength": 0.1,
    "bond_prior_alpha": 5.0,
    "added_bias": true,
    "n_epochs": 100,
    "batch_size": 256,
    "patience": 100,
    "min_delta": 0.0001,
    "warmup_epochs": 5,
    "trim_every": 3,
    "trimming_threshold": 0.3,
    "trim_method": "relevance",
    "soft_trim_relaxation": 2
  },
  "n_features": 12,
  "n_train": 2841,
  "n_val": 501,
  "n_test": 835,
  "train_loss": 4.331442586633236,
  "train_quality": 0.5883158720096486,
  "val_loss": 4.298445886724354,
  "val_quality": 0.5833066010356383,
  "test_loss": 4.298774168665692,
  "test_quality": 0.5701192537117528,
  "best_epoch": 7,
  "n_parameters": 3600,
  "elbo_raw": -21870.347635692153,
  "elbo_relative": 490224227.18361974,
  "tau_mean": 0.20414389755915413,
  "success": true,
  "singular": false,
  "recovered_from_run": true,
  "run_id": "abalone-CPD-L3-d100-seed19540-fold3"
}