{
  "fold": 3,
  "seed": 9536,
  "model": "CPD",
  "dataset": "abalone",
  "params": {
    "model": "CPD",
    "L": 3,
    "bond_dim": 100,
    "init_strength": 0.1,
    "bond_prior_alpha": 5.0,
    "added_bias": true,
    "n_epochs": 100,
    "batch_size": 256,
    "patience": 100,
    "min_delta": 0.0001,
    "warmup_epochs": 5,
    "trim_every": 3,
    "trimming_threshold": 0.3,
    "trim_method": "relevance",
    "soft_trim_relaxation": 2
  },
  "n_features": 12,
  "n_train": 2841,
  "n_val": 501,
  "n_test": 835,
  "train_loss": 4.256607015707551,
  "train_quality": 0.5888314092319118,
  "val_loss": 4.060615352365371,
  "val_quality": 0.6002904766939465,
  "test_loss": 5.533116504027464,
  "test_quality": 0.47858702992399127,
  "best_epoch": 7,
  "n_parameters": 3600,
  "elbo_raw": -21489.47506976242,
  "elbo_relative": 541675831.5980637,
  "tau_mean": 0.20922424939940443,
  "success": true,
  "singular": false,
  "recovered_from_run": true,
  "run_id": "abalone-CPD-L3-d100-seed9536-fold3"
}