{
  "fold": 0,
  "seed": 9536,
  "model": "CPD",
  "dataset": "abalone",
  "params": {
    "model": "CPD",
    "L": 3,
    "bond_dim": 100,
    "init_strength": 0.1,
    "bond_prior_alpha": 5.0,
    "added_bias": true,
    "n_epochs": 100,
    "batch_size": 256,
    "patience": 100,
    "min_delta": 0.0001,
    "warmup_epochs": 5,
    "trim_every": 3,
    "trimming_threshold": 0.3,
    "trim_method": "relevance",
    "soft_trim_relaxation": 2
  },
  "n_features": 12,
  "n_train": 2840,
  "n_val": 501,
  "n_test": 836,
  "train_loss": 4.173600064555175,
  "train_quality": 0.5945399318525804,
  "val_loss": 4.762201345956287,
  "val_quality": 0.543284278387234,
  "test_loss": 4.527219627211109,
  "test_quality": 0.5768102960377439,
  "best_epoch": 7,
  "n_parameters": 3600,
  "elbo_raw": -21810.768738051956,
  "elbo_relative": 507394067.0387174,
  "tau_mean": 0.21182971769222955,
  "success": true,
  "singular": false,
  "recovered_from_run": true,
  "run_id": "abalone-CPD-L3-d100-seed9536-fold0"
}