{
  "fold": 2,
  "seed": 47659,
  "model": "CPD",
  "dataset": "abalone",
  "params": {
    "model": "CPD",
    "L": 3,
    "bond_dim": 100,
    "init_strength": 0.1,
    "bond_prior_alpha": 5.0,
    "added_bias": true,
    "n_epochs": 100,
    "batch_size": 256,
    "patience": 100,
    "min_delta": 0.0001,
    "warmup_epochs": 5,
    "trim_every": 3,
    "trimming_threshold": 0.3,
    "trim_method": "relevance",
    "soft_trim_relaxation": 2
  },
  "n_features": 12,
  "n_train": 2841,
  "n_val": 501,
  "n_test": 835,
  "train_loss": 4.45898935371514,
  "train_quality": 0.5801593262429217,
  "val_loss": 4.117089853413462,
  "val_quality": 0.5939807611957983,
  "test_loss": 4.272270024937343,
  "test_quality": 0.5616824265959208,
  "best_epoch": 7,
  "n_parameters": 3600,
  "elbo_raw": -21844.62303429047,
  "elbo_relative": 17258538744.64206,
  "tau_mean": 0.19875390042278146,
  "success": true,
  "singular": false,
  "recovered_from_run": true,
  "run_id": "abalone-CPD-L3-d100-seed47659-fold2"
}