{
  "fold": 0,
  "seed": 19540,
  "model": "CPD",
  "dataset": "abalone",
  "params": {
    "model": "CPD",
    "L": 3,
    "bond_dim": 100,
    "init_strength": 0.1,
    "bond_prior_alpha": 5.0,
    "added_bias": true,
    "n_epochs": 100,
    "batch_size": 256,
    "patience": 100,
    "min_delta": 0.0001,
    "warmup_epochs": 5,
    "trim_every": 3,
    "trimming_threshold": 0.3,
    "trim_method": "relevance",
    "soft_trim_relaxation": 2
  },
  "n_features": 12,
  "n_train": 2840,
  "n_val": 501,
  "n_test": 836,
  "train_loss": 4.319623014822218,
  "train_quality": 0.5766983569264093,
  "val_loss": 4.390173226742106,
  "val_quality": 0.6321805213966527,
  "test_loss": 4.364092056528651,
  "test_quality": 0.567828804729092,
  "best_epoch": 7,
  "n_parameters": 3600,
  "elbo_raw": -21863.156870396364,
  "elbo_relative": 515670888.2074329,
  "tau_mean": 0.20528460171922108,
  "success": true,
  "singular": false,
  "recovered_from_run": true,
  "run_id": "abalone-CPD-L3-d100-seed19540-fold0"
}