{
  "fold": 1,
  "seed": 42806,
  "model": "CPD",
  "dataset": "abalone",
  "params": {
    "model": "CPD",
    "L": 3,
    "bond_dim": 100,
    "init_strength": 0.1,
    "bond_prior_alpha": 5.0,
    "added_bias": true,
    "n_epochs": 100,
    "batch_size": 256,
    "patience": 100,
    "min_delta": 0.0001,
    "warmup_epochs": 5,
    "trim_every": 3,
    "trimming_threshold": 0.3,
    "trim_method": "relevance",
    "soft_trim_relaxation": 2
  },
  "n_features": 12,
  "n_train": 2840,
  "n_val": 501,
  "n_test": 836,
  "train_loss": 4.301642607395081,
  "train_quality": 0.5831150867556287,
  "val_loss": 4.773574588106506,
  "val_quality": 0.5483368534419035,
  "test_loss": 4.5499385474455085,
  "test_quality": 0.5680979287616399,
  "best_epoch": 6,
  "n_parameters": 3600,
  "elbo_raw": -15702.259439771911,
  "elbo_relative": 12761435893.382345,
  "tau_mean": 0.21324684363353177,
  "success": true,
  "singular": false,
  "recovered_from_run": true,
  "run_id": "abalone-CPD-L3-d100-seed42806-fold1"
}