{
  "fold": 2,
  "seed": 9536,
  "model": "CPD",
  "dataset": "abalone",
  "params": {
    "model": "CPD",
    "L": 3,
    "bond_dim": 100,
    "init_strength": 0.1,
    "bond_prior_alpha": 5.0,
    "added_bias": true,
    "n_epochs": 100,
    "batch_size": 256,
    "patience": 100,
    "min_delta": 0.0001,
    "warmup_epochs": 5,
    "trim_every": 3,
    "trimming_threshold": 0.3,
    "trim_method": "relevance",
    "soft_trim_relaxation": 2
  },
  "n_features": 12,
  "n_train": 2841,
  "n_val": 501,
  "n_test": 835,
  "train_loss": 4.171174304032366,
  "train_quality": 0.5867359245282373,
  "val_loss": 5.318308655041583,
  "val_quality": 0.5554929863487608,
  "test_loss": 4.586676219777799,
  "test_quality": 0.5603713005073584,
  "best_epoch": 6,
  "n_parameters": 3600,
  "elbo_raw": -15684.789040410227,
  "elbo_relative": 533157161.79211074,
  "tau_mean": 0.2195686688297068,
  "success": true,
  "singular": false,
  "recovered_from_run": true,
  "run_id": "abalone-CPD-L3-d100-seed9536-fold2"
}