{
  "fold": 3,
  "seed": 47659,
  "model": "CPD",
  "dataset": "abalone",
  "params": {
    "model": "CPD",
    "L": 3,
    "bond_dim": 100,
    "init_strength": 0.1,
    "bond_prior_alpha": 5.0,
    "added_bias": true,
    "n_epochs": 100,
    "batch_size": 256,
    "patience": 100,
    "min_delta": 0.0001,
    "warmup_epochs": 5,
    "trim_every": 3,
    "trimming_threshold": 0.3,
    "trim_method": "relevance",
    "soft_trim_relaxation": 2
  },
  "n_features": 12,
  "n_train": 2841,
  "n_val": 501,
  "n_test": 835,
  "train_loss": 4.1853412901194105,
  "train_quality": 0.5697333652046279,
  "val_loss": 4.815113916587855,
  "val_quality": 0.5768473622852841,
  "test_loss": 39.01143666908807,
  "test_quality": -2.2564604739396867,
  "best_epoch": 5,
  "n_parameters": 3600,
  "elbo_raw": -12881.614373335422,
  "elbo_relative": 1182094547.4321377,
  "tau_mean": 0.22372443173778583,
  "success": true,
  "singular": false,
  "recovered_from_run": true,
  "run_id": "abalone-CPD-L3-d100-seed47659-fold3"
}