{
  "fold": 4,
  "seed": 47659,
  "model": "CPD",
  "dataset": "abalone",
  "params": {
    "model": "CPD",
    "L": 3,
    "bond_dim": 100,
    "init_strength": 0.1,
    "bond_prior_alpha": 5.0,
    "added_bias": true,
    "n_epochs": 100,
    "batch_size": 256,
    "patience": 100,
    "min_delta": 0.0001,
    "warmup_epochs": 5,
    "trim_every": 3,
    "trimming_threshold": 0.3,
    "trim_method": "relevance",
    "soft_trim_relaxation": 2
  },
  "n_features": 12,
  "n_train": 2841,
  "n_val": 501,
  "n_test": 835,
  "train_loss": 4.46471098207411,
  "train_quality": 0.5776820125610159,
  "val_loss": 4.097730261799047,
  "val_quality": 0.5816864109602146,
  "test_loss": 4.186554727048354,
  "test_quality": 0.586438764188058,
  "best_epoch": 7,
  "n_parameters": 3600,
  "elbo_raw": -21912.796207703384,
  "elbo_relative": 18379877723.685196,
  "tau_mean": 0.19841949424770736,
  "success": true,
  "singular": false,
  "recovered_from_run": true,
  "run_id": "abalone-CPD-L3-d100-seed47659-fold4"
}