{
  "fold": 0,
  "seed": 42806,
  "model": "CPD",
  "dataset": "abalone",
  "params": {
    "model": "CPD",
    "L": 3,
    "bond_dim": 100,
    "init_strength": 0.1,
    "bond_prior_alpha": 5.0,
    "added_bias": true,
    "n_epochs": 100,
    "batch_size": 256,
    "patience": 100,
    "min_delta": 0.0001,
    "warmup_epochs": 5,
    "trim_every": 3,
    "trimming_threshold": 0.3,
    "trim_method": "relevance",
    "soft_trim_relaxation": 2
  },
  "n_features": 12,
  "n_train": 2840,
  "n_val": 501,
  "n_test": 836,
  "train_loss": 4.377371685358761,
  "train_quality": 0.5802068395188595,
  "val_loss": 3.8973095092973287,
  "val_quality": 0.5943653242066947,
  "test_loss": 4.480084378677402,
  "test_quality": 0.5825932260005947,
  "best_epoch": 7,
  "n_parameters": 3600,
  "elbo_raw": -21835.32270621754,
  "elbo_relative": 13268550405.2382,
  "tau_mean": 0.2022652193453209,
  "success": true,
  "singular": false,
  "recovered_from_run": true,
  "run_id": "abalone-CPD-L3-d100-seed42806-fold0"
}