{
  "fold": 4,
  "seed": 19540,
  "model": "CPD",
  "dataset": "abalone",
  "params": {
    "model": "CPD",
    "L": 3,
    "bond_dim": 100,
    "init_strength": 0.1,
    "bond_prior_alpha": 5.0,
    "added_bias": true,
    "n_epochs": 100,
    "batch_size": 256,
    "patience": 100,
    "min_delta": 0.0001,
    "warmup_epochs": 5,
    "trim_every": 3,
    "trimming_threshold": 0.3,
    "trim_method": "relevance",
    "soft_trim_relaxation": 2
  },
  "n_features": 12,
  "n_train": 2841,
  "n_val": 501,
  "n_test": 835,
  "train_loss": 4.258968002287876,
  "train_quality": 0.5860869076463495,
  "val_loss": 4.029415254861845,
  "val_quality": 0.5341346013352565,
  "test_loss": 4.961393716618189,
  "test_quality": 0.579088138193272,
  "best_epoch": 5,
  "n_parameters": 3600,
  "elbo_raw": -13270.124163489567,
  "elbo_relative": 505115395.9953549,
  "tau_mean": 0.21561032647882364,
  "success": true,
  "singular": false,
  "recovered_from_run": true,
  "run_id": "abalone-CPD-L3-d100-seed19540-fold4"
}