{
  "fold": 2,
  "seed": 19540,
  "model": "CPD",
  "dataset": "abalone",
  "params": {
    "model": "CPD",
    "L": 3,
    "bond_dim": 100,
    "init_strength": 0.1,
    "bond_prior_alpha": 5.0,
    "added_bias": true,
    "n_epochs": 100,
    "batch_size": 256,
    "patience": 100,
    "min_delta": 0.0001,
    "warmup_epochs": 5,
    "trim_every": 3,
    "trimming_threshold": 0.3,
    "trim_method": "relevance",
    "soft_trim_relaxation": 2
  },
  "n_features": 12,
  "n_train": 2841,
  "n_val": 501,
  "n_test": 835,
  "train_loss": 4.4084291790976184,
  "train_quality": 0.5835462632265699,
  "val_loss": 5.093167370676414,
  "val_quality": 0.5665560320829858,
  "test_loss": 8.93008632423493,
  "test_quality": -0.0021738175917367375,
  "best_epoch": 7,
  "n_parameters": 3600,
  "elbo_raw": -21506.385703306154,
  "elbo_relative": 181309043.0921101,
  "tau_mean": 0.20206482991567673,
  "success": true,
  "singular": false,
  "recovered_from_run": true,
  "run_id": "abalone-CPD-L3-d100-seed19540-fold2"
}