{
  "fold": 0,
  "seed": 19540,
  "model": "MPO2",
  "dataset": "ai4i",
  "params": {
    "model": "MPO2",
    "L": 4,
    "bond_dim": 14,
    "init_strength": 0.01,
    "bond_prior_alpha": 1.0,
    "added_bias": true,
    "n_epochs": 50,
    "batch_size": 256,
    "patience": 20,
    "min_delta": 0.0001,
    "warmup_epochs": 5,
    "decay": 1.0
  },
  "n_features": 10,
  "n_train": 6800,
  "n_val": 1200,
  "n_test": 2000,
  "train_loss": 0.015316585418350683,
  "train_quality": 0.5483397776868795,
  "val_loss": 0.01643638455450971,
  "val_quality": 0.45205312102680906,
  "test_loss": 0.019295960325416115,
  "test_quality": 0.3675062787188136,
  "best_epoch": 13,
  "stopped_early": true,
  "patience_counter": 20,
  "initial_bond_dims": {
    "x0": 10,
    "b0": 14,
    "x1": 10,
    "b1": 14,
    "x2": 10,
    "b2": 14,
    "x3": 10
  },
  "initial_n_parameters": 4200,
  "final_bond_dims": {
    "x0": 10,
    "b0": 14,
    "x1": 10,
    "b1": 14,
    "x2": 10,
    "b2": 14,
    "x3": 10
  },
  "final_n_parameters": 4200,
  "success": true,
  "singular": false,
  "run_id": "ai4i-MPO2-L4-d14-seed19540-fold0"
}