{
  "fold": 4,
  "seed": 47659,
  "model": "MPO2",
  "dataset": "ai4i",
  "params": {
    "model": "MPO2",
    "L": 4,
    "bond_dim": 14,
    "init_strength": 0.01,
    "bond_prior_alpha": 1.0,
    "added_bias": true,
    "n_epochs": 50,
    "batch_size": 256,
    "patience": 20,
    "min_delta": 0.0001,
    "warmup_epochs": 5,
    "decay": 1.0
  },
  "n_features": 10,
  "n_train": 6800,
  "n_val": 1200,
  "n_test": 2000,
  "train_loss": 0.014979033469135396,
  "train_quality": 0.5547018751633337,
  "val_loss": 0.018753747907786885,
  "val_quality": 0.33764963787924995,
  "test_loss": 0.018835061350292424,
  "test_quality": 0.41827145646956865,
  "best_epoch": 48,
  "stopped_early": false,
  "patience_counter": 1,
  "initial_bond_dims": {
    "x0": 10,
    "b0": 14,
    "x1": 10,
    "b1": 14,
    "x2": 10,
    "b2": 14,
    "x3": 10
  },
  "initial_n_parameters": 4200,
  "final_bond_dims": {
    "x0": 10,
    "b0": 14,
    "x1": 10,
    "b1": 14,
    "x2": 10,
    "b2": 14,
    "x3": 10
  },
  "final_n_parameters": 4200,
  "success": true,
  "singular": false,
  "run_id": "ai4i-MPO2-L4-d14-seed47659-fold4"
}