{
  "fold": 4,
  "seed": 9536,
  "model": "MPO2",
  "dataset": "realstate",
  "params": {
    "model": "MPO2",
    "L": 3,
    "bond_dim": 18,
    "init_strength": 0.1,
    "bond_prior_alpha": 5.0,
    "added_bias": true,
    "n_epochs": 100,
    "batch_size": 256,
    "patience": 100,
    "min_delta": 0.0001,
    "warmup_epochs": 5,
    "trim_every": 3,
    "trimming_threshold": 0.3,
    "trim_method": "relevance",
    "soft_trim_relaxation": 2
  },
  "n_features": 7,
  "n_train": 283,
  "n_val": 49,
  "n_test": 82,
  "train_loss": 31.305640058173704,
  "train_quality": 0.8143179046725756,
  "val_loss": 188.43580353879145,
  "val_quality": 0.3658411524478923,
  "test_loss": 38.49067865308428,
  "test_quality": 0.7702082904445993,
  "best_epoch": 1,
  "n_parameters": 2520,
  "elbo_raw": -9351.418084118279,
  "elbo_relative": 240572.08040632546,
  "tau_mean": 0.032132168251790355,
  "success": true,
  "singular": false,
  "recovered_from_run": true,
  "run_id": "realstate-MPO2-L3-d18-seed9536-fold4"
}