{
  "fold": 3,
  "seed": 42806,
  "model": "MPO2",
  "dataset": "realstate",
  "params": {
    "model": "MPO2",
    "L": 3,
    "bond_dim": 18,
    "init_strength": 0.1,
    "bond_prior_alpha": 5.0,
    "added_bias": true,
    "n_epochs": 100,
    "batch_size": 256,
    "patience": 100,
    "min_delta": 0.0001,
    "warmup_epochs": 5,
    "trim_every": 3,
    "trimming_threshold": 0.3,
    "trim_method": "relevance",
    "soft_trim_relaxation": 2
  },
  "n_features": 7,
  "n_train": 282,
  "n_val": 49,
  "n_test": 83,
  "train_loss": 73.34511351552852,
  "train_quality": 0.6221691413931726,
  "val_loss": 62.17352139132229,
  "val_quality": 0.5833907315177893,
  "test_loss": 51.02744392007233,
  "test_quality": 0.703747999792532,
  "best_epoch": 72,
  "n_parameters": 21,
  "elbo_raw": -1136.8834296333666,
  "elbo_relative": 418226.80148825684,
  "tau_mean": 0.01372953616141692,
  "success": true,
  "singular": false,
  "recovered_from_run": true,
  "run_id": "realstate-MPO2-L3-d18-seed42806-fold3"
}