{
  "fold": 0,
  "seed": 47659,
  "model": "MPO2",
  "dataset": "realstate",
  "params": {
    "model": "MPO2",
    "L": 3,
    "bond_dim": 18,
    "init_strength": 0.1,
    "bond_prior_alpha": 5.0,
    "added_bias": true,
    "n_epochs": 100,
    "batch_size": 256,
    "patience": 100,
    "min_delta": 0.0001,
    "warmup_epochs": 5,
    "trim_every": 3,
    "trimming_threshold": 0.3,
    "trim_method": "relevance",
    "soft_trim_relaxation": 2
  },
  "n_features": 7,
  "n_train": 282,
  "n_val": 49,
  "n_test": 83,
  "train_loss": 76.47047192248945,
  "train_quality": 0.5788161223711741,
  "val_loss": 28.385049486992518,
  "val_quality": 0.8040221746779241,
  "test_loss": 60.237151938430394,
  "test_quality": 0.7137600421891644,
  "best_epoch": 100,
  "n_parameters": 21,
  "elbo_raw": -1146.6449484104646,
  "elbo_relative": 563005.7744219641,
  "tau_mean": 0.013168457841055255,
  "success": true,
  "singular": false,
  "recovered_from_run": true,
  "run_id": "realstate-MPO2-L3-d18-seed47659-fold0"
}