{
  "fold": 1,
  "seed": 42806,
  "model": "MPO2",
  "dataset": "realstate",
  "params": {
    "model": "MPO2",
    "L": 3,
    "bond_dim": 18,
    "init_strength": 0.1,
    "bond_prior_alpha": 5.0,
    "added_bias": true,
    "n_epochs": 100,
    "batch_size": 256,
    "patience": 100,
    "min_delta": 0.0001,
    "warmup_epochs": 5,
    "trim_every": 3,
    "trimming_threshold": 0.3,
    "trim_method": "relevance",
    "soft_trim_relaxation": 2
  },
  "n_features": 7,
  "n_train": 282,
  "n_val": 49,
  "n_test": 83,
  "train_loss": 45.52176884987485,
  "train_quality": 0.7494580786683296,
  "val_loss": 28.501846693426046,
  "val_quality": 0.8291590293460501,
  "test_loss": 67.51246686253296,
  "test_quality": 0.6697005802643057,
  "best_epoch": 1,
  "n_parameters": 2520,
  "elbo_raw": -8931.128626348307,
  "elbo_relative": 403354.5228656566,
  "tau_mean": 0.022105901547413792,
  "success": true,
  "singular": false,
  "recovered_from_run": true,
  "run_id": "realstate-MPO2-L3-d18-seed42806-fold1"
}