{
  "fold": 1,
  "seed": 9536,
  "model": "MPO2",
  "dataset": "realstate",
  "params": {
    "model": "MPO2",
    "L": 3,
    "bond_dim": 18,
    "init_strength": 0.1,
    "bond_prior_alpha": 5.0,
    "added_bias": true,
    "n_epochs": 100,
    "batch_size": 256,
    "patience": 100,
    "min_delta": 0.0001,
    "warmup_epochs": 5,
    "trim_every": 3,
    "trimming_threshold": 0.3,
    "trim_method": "relevance",
    "soft_trim_relaxation": 2
  },
  "n_features": 7,
  "n_train": 282,
  "n_val": 49,
  "n_test": 83,
  "train_loss": 48.92488737549341,
  "train_quality": 0.7537014697764538,
  "val_loss": 33.06630426520896,
  "val_quality": 0.7301905512933486,
  "test_loss": 56.198755607066445,
  "test_quality": 0.6765771484867493,
  "best_epoch": 1,
  "n_parameters": 2520,
  "elbo_raw": -9363.034223036262,
  "elbo_relative": 242884.17879468593,
  "tau_mean": 0.020569616972609672,
  "success": true,
  "singular": false,
  "recovered_from_run": true,
  "run_id": "realstate-MPO2-L3-d18-seed9536-fold1"
}