{
  "fold": 4,
  "seed": 47659,
  "model": "MPO2",
  "dataset": "realstate",
  "params": {
    "model": "MPO2",
    "L": 3,
    "bond_dim": 18,
    "init_strength": 0.1,
    "bond_prior_alpha": 5.0,
    "added_bias": true,
    "n_epochs": 100,
    "batch_size": 256,
    "patience": 100,
    "min_delta": 0.0001,
    "warmup_epochs": 5,
    "trim_every": 3,
    "trimming_threshold": 0.3,
    "trim_method": "relevance",
    "soft_trim_relaxation": 2
  },
  "n_features": 7,
  "n_train": 283,
  "n_val": 49,
  "n_test": 82,
  "train_loss": 51.9014002867015,
  "train_quality": 0.7157142576196617,
  "val_loss": 35.04265241369889,
  "val_quality": 0.7959716955834708,
  "test_loss": 101.848627931689,
  "test_quality": 0.48534675950016004,
  "best_epoch": 2,
  "n_parameters": 2520,
  "elbo_raw": -7798.794857137916,
  "elbo_relative": 511104.1119538266,
  "tau_mean": 0.018821612583445637,
  "success": true,
  "singular": false,
  "recovered_from_run": true,
  "run_id": "realstate-MPO2-L3-d18-seed47659-fold4"
}