{
  "fold": 3,
  "seed": 47659,
  "model": "MPO2",
  "dataset": "realstate",
  "params": {
    "model": "MPO2",
    "L": 3,
    "bond_dim": 18,
    "init_strength": 0.1,
    "bond_prior_alpha": 5.0,
    "added_bias": true,
    "n_epochs": 100,
    "batch_size": 256,
    "patience": 100,
    "min_delta": 0.0001,
    "warmup_epochs": 5,
    "trim_every": 3,
    "trimming_threshold": 0.3,
    "trim_method": "relevance",
    "soft_trim_relaxation": 2
  },
  "n_features": 7,
  "n_train": 282,
  "n_val": 49,
  "n_test": 83,
  "train_loss": 49.36613105073067,
  "train_quality": 0.7531542412587121,
  "val_loss": 46.460895852647916,
  "val_quality": 0.7240865017366501,
  "test_loss": 55.94256100834914,
  "test_quality": 0.6050211121429137,
  "best_epoch": 1,
  "n_parameters": 2520,
  "elbo_raw": -9255.240281848586,
  "elbo_relative": 526951.0923150193,
  "tau_mean": 0.02038550480465912,
  "success": true,
  "singular": false,
  "recovered_from_run": true,
  "run_id": "realstate-MPO2-L3-d18-seed47659-fold3"
}