{
  "fold": 2,
  "seed": 19540,
  "model": "MPO2",
  "dataset": "realstate",
  "params": {
    "model": "MPO2",
    "L": 3,
    "bond_dim": 18,
    "init_strength": 0.1,
    "bond_prior_alpha": 5.0,
    "added_bias": true,
    "n_epochs": 100,
    "batch_size": 256,
    "patience": 100,
    "min_delta": 0.0001,
    "warmup_epochs": 5,
    "trim_every": 3,
    "trimming_threshold": 0.3,
    "trim_method": "relevance",
    "soft_trim_relaxation": 2
  },
  "n_features": 7,
  "n_train": 282,
  "n_val": 49,
  "n_test": 83,
  "train_loss": 35.978268059909475,
  "train_quality": 0.7680992123145648,
  "val_loss": 185.61358704841922,
  "val_quality": 0.42064957588242435,
  "test_loss": 77.30515909910197,
  "test_quality": 0.5964004006371788,
  "best_epoch": 2,
  "n_parameters": 2520,
  "elbo_raw": -7776.985673849115,
  "elbo_relative": 422365.74335656676,
  "tau_mean": 0.02700954328810173,
  "success": true,
  "singular": false,
  "recovered_from_run": true,
  "run_id": "realstate-MPO2-L3-d18-seed19540-fold2"
}