{
  "fold": 0,
  "seed": 42806,
  "model": "MPO2",
  "dataset": "realstate",
  "params": {
    "model": "MPO2",
    "L": 3,
    "bond_dim": 18,
    "init_strength": 0.1,
    "bond_prior_alpha": 5.0,
    "added_bias": true,
    "n_epochs": 100,
    "batch_size": 256,
    "patience": 100,
    "min_delta": 0.0001,
    "warmup_epochs": 5,
    "trim_every": 3,
    "trimming_threshold": 0.3,
    "trim_method": "relevance",
    "soft_trim_relaxation": 2
  },
  "n_features": 7,
  "n_train": 282,
  "n_val": 49,
  "n_test": 83,
  "train_loss": 60.72067483394744,
  "train_quality": 0.6572425412344969,
  "val_loss": 154.07537847139088,
  "val_quality": 0.40774804947593146,
  "test_loss": 40.26251950287094,
  "test_quality": 0.741775661672355,
  "best_epoch": 43,
  "n_parameters": 21,
  "elbo_raw": -1114.4618651909298,
  "elbo_relative": 407313.11654546193,
  "tau_mean": 0.016583714150520554,
  "success": true,
  "singular": false,
  "recovered_from_run": true,
  "run_id": "realstate-MPO2-L3-d18-seed42806-fold0"
}