{
  "fold": 3,
  "seed": 19540,
  "model": "MPO2",
  "dataset": "realstate",
  "params": {
    "model": "MPO2",
    "L": 3,
    "bond_dim": 18,
    "init_strength": 0.1,
    "bond_prior_alpha": 5.0,
    "added_bias": true,
    "n_epochs": 100,
    "batch_size": 256,
    "patience": 100,
    "min_delta": 0.0001,
    "warmup_epochs": 5,
    "trim_every": 3,
    "trimming_threshold": 0.3,
    "trim_method": "relevance",
    "soft_trim_relaxation": 2
  },
  "n_features": 7,
  "n_train": 282,
  "n_val": 49,
  "n_test": 83,
  "train_loss": 25.265708396125316,
  "train_quality": 0.8343000900996238,
  "val_loss": 72.21112591377226,
  "val_quality": 0.6840130346096893,
  "test_loss": 135.76489793824075,
  "test_quality": 0.4862627214599812,
  "best_epoch": 1,
  "n_parameters": 2520,
  "elbo_raw": -9116.114463651118,
  "elbo_relative": 443016.6105410281,
  "tau_mean": 0.03980420316275637,
  "success": true,
  "singular": false,
  "recovered_from_run": true,
  "run_id": "realstate-MPO2-L3-d18-seed19540-fold3"
}