{
  "fold": 1,
  "seed": 19540,
  "model": "MPO2",
  "dataset": "realstate",
  "params": {
    "model": "MPO2",
    "L": 3,
    "bond_dim": 18,
    "init_strength": 0.1,
    "bond_prior_alpha": 5.0,
    "added_bias": true,
    "n_epochs": 100,
    "batch_size": 256,
    "patience": 100,
    "min_delta": 0.0001,
    "warmup_epochs": 5,
    "trim_every": 3,
    "trimming_threshold": 0.3,
    "trim_method": "relevance",
    "soft_trim_relaxation": 2
  },
  "n_features": 7,
  "n_train": 282,
  "n_val": 49,
  "n_test": 83,
  "train_loss": 52.57495276359903,
  "train_quality": 0.7351148317337847,
  "val_loss": 31.4277183402578,
  "val_quality": 0.8282876732076013,
  "test_loss": 27.497012782383866,
  "test_quality": 0.7929639009673035,
  "best_epoch": 1,
  "n_parameters": 2520,
  "elbo_raw": -9405.834533238309,
  "elbo_relative": 484361.8369803723,
  "tau_mean": 0.01914227897564393,
  "success": true,
  "singular": false,
  "recovered_from_run": true,
  "run_id": "realstate-MPO2-L3-d18-seed19540-fold1"
}