{
  "fold": 1,
  "seed": 47659,
  "model": "MPO2",
  "dataset": "realstate",
  "params": {
    "model": "MPO2",
    "L": 3,
    "bond_dim": 18,
    "init_strength": 0.1,
    "bond_prior_alpha": 5.0,
    "added_bias": true,
    "n_epochs": 100,
    "batch_size": 256,
    "patience": 100,
    "min_delta": 0.0001,
    "warmup_epochs": 5,
    "trim_every": 3,
    "trimming_threshold": 0.3,
    "trim_method": "relevance",
    "soft_trim_relaxation": 2
  },
  "n_features": 7,
  "n_train": 282,
  "n_val": 49,
  "n_test": 83,
  "train_loss": 58.350833567346854,
  "train_quality": 0.6913414875859609,
  "val_loss": 58.84560224071161,
  "val_quality": 0.6142768935715994,
  "test_loss": 93.96083156010222,
  "test_quality": 0.49573664850091725,
  "best_epoch": 2,
  "n_parameters": 2520,
  "elbo_raw": -7803.2898126619075,
  "elbo_relative": 479783.16416612244,
  "tau_mean": 0.016797761392772524,
  "success": true,
  "singular": false,
  "recovered_from_run": true,
  "run_id": "realstate-MPO2-L3-d18-seed47659-fold1"
}