{
  "fold": 2,
  "seed": 42806,
  "model": "MPO2",
  "dataset": "realstate",
  "params": {
    "model": "MPO2",
    "L": 3,
    "bond_dim": 18,
    "init_strength": 0.1,
    "bond_prior_alpha": 5.0,
    "added_bias": true,
    "n_epochs": 100,
    "batch_size": 256,
    "patience": 100,
    "min_delta": 0.0001,
    "warmup_epochs": 5,
    "trim_every": 3,
    "trimming_threshold": 0.3,
    "trim_method": "relevance",
    "soft_trim_relaxation": 2
  },
  "n_features": 7,
  "n_train": 282,
  "n_val": 49,
  "n_test": 83,
  "train_loss": 58.70620534805984,
  "train_quality": 0.6737475857522419,
  "val_loss": 45.94802615466137,
  "val_quality": 0.7868832178879557,
  "test_loss": 115.08480364928762,
  "test_quality": 0.36406644726960546,
  "best_epoch": 36,
  "n_parameters": 21,
  "elbo_raw": -1109.1173359742897,
  "elbo_relative": 421620.26893764554,
  "tau_mean": 0.017152704163170357,
  "success": true,
  "singular": false,
  "recovered_from_run": true,
  "run_id": "realstate-MPO2-L3-d18-seed42806-fold2"
}