{
  "experiment_name": "kfold_bike",
  "run_name": "bike-BTT-L3-d18-seed42-fold4",
  "config": {
    "params": {
      "model": "BTT",
      "L": 3,
      "bond_dim": 18,
      "init_strength": 0.1,
      "bond_prior_alpha": 5.0,
      "added_bias": true,
      "n_epochs": 100,
      "batch_size": 256,
      "patience": 100,
      "min_delta": 0.0001,
      "warmup_epochs": 5,
      "trim_every": 3,
      "trimming_threshold": 0.3,
      "trim_method": "relevance",
      "soft_trim_relaxation": 2
    },
    "fold": 4,
    "seed": 42
  },
  "hparams": {
    "seed": 42,
    "fold": 4,
    "dataset": "bike",
    "n_features": 13,
    "n_train": 11819,
    "n_val": 2085,
    "n_test": 3475,
    "L": 3,
    "bond_dim": 18,
    "model": "BTT",
    "init_strength": 0.1,
    "bond_prior_alpha": 5.0,
    "added_bias": true,
    "n_epochs": 100,
    "batch_size": 256,
    "patience": 100,
    "min_delta": 0.0001,
    "warmup_epochs": 5,
    "trim_every": 3,
    "trimming_threshold": 0.3,
    "trim_method": "relevance",
    "soft_trim_relaxation": 2
  },
  "metrics_log": [
    {
      "step": 0,
      "train_loss": 73109.6783035422,
      "train_quality": -1.2402211971017572,
      "val_loss": 74174.10163830382,
      "val_quality": -1.2836038512009775,
      "patience_counter": 0,
      "elbo_raw": -432148412.6371963,
      "elbo_relative": 0.0,
      "e_log_p_nodes": -49331.19347033597,
      "e_log_p_bonds": -471.39129952567487,
      "e_log_p_tau": -1.0,
      "h_nodes": -5166.4389073937355,
      "h_bonds": 239.0477303849026,
      "h_tau": 1.0,
      "tau_mean": 1.0,
      "bond_mean_avg": 5.0,
      "n_parameters": 6858,
      "dim_x0": 13,
      "dim_b_leaf_0": 18,
      "dim_x1": 13,
      "dim_b_leaf_1": 18,
      "dim_x2": 13,
      "dim_b_leaf_2": 18,
      "dim_b_lvl0_0": 18
    },
    {
      "step": 1,
      "train_loss": 11626.98910241619,
      "train_quality": 0.643726685028487,
      "val_loss": 11410.189532484455,
      "val_quality": 0.6487136051020405,
      "patience_counter": 0,
      "elbo_raw": -168632.86322162225,
      "elbo_relative": 431979779.77397466,
      "e_log_p_nodes": -83004.22111503556,
      "e_log_p_bonds": -471.39129952567487,
      "e_log_p_tau": -0.0001,
      "h_nodes": -13223.245377334479,
      "h_bonds": 239.0477303849026,
      "h_tau": -12.133701092556294,
      "tau_mean": 0.0001,
      "bond_mean_avg": 5.0,
      "n_parameters": 6858,
      "dim_x0": 13,
      "dim_b_leaf_0": 18,
      "dim_x1": 13,
      "dim_b_leaf_1": 18,
      "dim_x2": 13,
      "dim_b_leaf_2": 18,
      "dim_b_lvl0_0": 18
    },
    {
      "step": 2,
      "train_loss": 12437.726774511832,
      "train_quality": 0.61888412299755,
      "val_loss": 11846.964150227297,
      "val_quality": 0.6352665908861067,
      "patience_counter": 1,
      "elbo_raw": -93998.54041224344,
      "elbo_relative": 432054414.09678406,
      "e_log_p_nodes": -14556.250648396803,
      "e_log_p_bonds": -471.39129952567487,
      "e_log_p_tau": -0.0001,
      "h_nodes": -6556.353998650302,
      "h_bonds": 239.0477303849026,
      "h_tau": -12.133701092556294,
      "tau_mean": 0.0001,
      "bond_mean_avg": 5.0,
      "n_parameters": 6858,
      "dim_x0": 13,
      "dim_b_leaf_0": 18,
      "dim_x1": 13,
      "dim_b_leaf_1": 18,
      "dim_x2": 13,
      "dim_b_leaf_2": 18,
      "dim_b_lvl0_0": 18
    },
    {
      "step": 3,
      "train_loss": 12406.63184045948,
      "train_quality": 0.6198369315996798,
      "val_loss": 11740.215611810157,
      "val_quality": 0.6385530664625574,
      "patience_counter": 2,
      "elbo_raw": -92429.39974693651,
      "elbo_relative": 432055983.23744935,
      "e_log_p_nodes": -13173.76005096401,
      "e_log_p_bonds": -471.39129952567487,
      "e_log_p_tau": -0.0001,
      "h_nodes": -6387.153544200524,
      "h_bonds": 239.0477303849026,
      "h_tau": -12.133701092556294,
      "tau_mean": 0.0001,
      "bond_mean_avg": 5.0,
      "n_parameters": 6858,
      "dim_x0": 13,
      "dim_b_leaf_0": 18,
      "dim_x1": 13,
      "dim_b_leaf_1": 18,
      "dim_x2": 13,
      "dim_b_leaf_2": 18,
      "dim_b_lvl0_0": 18
    },
    {
      "step": 4,
      "train_loss": 12425.393943001136,
      "train_quality": 0.6192620246818638,
      "val_loss": 11755.971520061314,
      "val_quality": 0.6380679880865905,
      "patience_counter": 3,
      "elbo_raw": -91848.82651432739,
      "elbo_relative": 432056563.810682,
      "e_log_p_nodes": -12621.350930710287,
      "e_log_p_bonds": -471.39129952567487,
      "e_log_p_tau": -0.0001,
      "h_nodes": -6347.748311137386,
      "h_bonds": 239.0477303849026,
      "h_tau": -12.133701092556294,
      "tau_mean": 0.0001,
      "bond_mean_avg": 5.0,
      "n_parameters": 6858,
      "dim_x0": 13,
      "dim_b_leaf_0": 18,
      "dim_x1": 13,
      "dim_b_leaf_1": 18,
      "dim_x2": 13,
      "dim_b_leaf_2": 18,
      "dim_b_lvl0_0": 18
    },
    {
      "step": 5,
      "train_loss": 12457.150232187587,
      "train_quality": 0.6182889508860605,
      "val_loss": 11815.927085060373,
      "val_quality": 0.636222131431657,
      "patience_counter": 4,
      "elbo_raw": -91516.02023501573,
      "elbo_relative": 432056896.6169613,
      "e_log_p_nodes": -12295.98486545258,
      "e_log_p_bonds": -471.39129952567487,
      "e_log_p_tau": -0.0001,
      "h_nodes": -6321.41520583979,
      "h_bonds": 239.0477303849026,
      "h_tau": -12.133701092556294,
      "tau_mean": 0.0001,
      "bond_mean_avg": 5.0,
      "n_parameters": 6858,
      "dim_x0": 13,
      "dim_b_leaf_0": 18,
      "dim_x1": 13,
      "dim_b_leaf_1": 18,
      "dim_x2": 13,
      "dim_b_leaf_2": 18,
      "dim_b_lvl0_0": 18
    },
    {
      "step": 6,
      "train_loss": 12471.67278757376,
      "train_quality": 0.6178439518494472,
      "val_loss": 11849.93474245404,
      "val_quality": 0.6351751350315766,
      "patience_counter": 5,
      "elbo_raw": -86712.31208418612,
      "elbo_relative": 432061700.3251121,
      "e_log_p_nodes": -6941.890568183459,
      "e_log_p_bonds": -876.2706221832966,
      "e_log_p_tau": -0.0001,
      "h_nodes": -6303.814584110346,
      "h_bonds": 84.58442157524964,
      "h_tau": -12.133701092556294,
      "tau_mean": 0.0001,
      "bond_mean_avg": 3.2839005504999936,
      "n_parameters": 6858,
      "dim_x0": 13,
      "dim_b_leaf_0": 18,
      "dim_x1": 13,
      "dim_b_leaf_1": 18,
      "dim_x2": 13,
      "dim_b_leaf_2": 18,
      "dim_b_lvl0_0": 18
    },
    {
      "step": 7,
      "train_loss": 12205.069260241067,
      "train_quality": 0.6260131968387779,
      "val_loss": 11606.559803491424,
      "val_quality": 0.642667938255685,
      "patience_counter": 6,
      "elbo_raw": -79857.05415614249,
      "elbo_relative": 432068555.5830402,
      "e_log_p_nodes": -7039.380531910431,
      "e_log_p_bonds": -1090.272114668744,
      "e_log_p_tau": -0.0001,
      "h_nodes": 827.0764017999173,
      "h_bonds": 66.88065171899746,
      "h_tau": -12.133701092556294,
      "tau_mean": 0.0001,
      "bond_mean_avg": 3.8555670330650034,
      "n_parameters": 6858,
      "dim_x0": 13,
      "dim_b_leaf_0": 18,
      "dim_x1": 13,
      "dim_b_leaf_1": 18,
      "dim_x2": 13,
      "dim_b_leaf_2": 18,
      "dim_b_lvl0_0": 18
    },
    {
      "step": 8,
      "train_loss": 40747.82153236873,
      "train_quality": -0.2485916454663033,
      "val_loss": 41108.33743274703,
      "val_quality": -0.26560559015133234,
      "patience_counter": 7,
      "elbo_raw": -90156.82303444145,
      "elbo_relative": 432074368.67381454,
      "e_log_p_nodes": -3439.3976441838345,
      "e_log_p_bonds": -1243.3534294805188,
      "e_log_p_tau": -0.0001,
      "h_nodes": 3906.9965283426277,
      "h_bonds": 9.175369682480273,
      "h_tau": -12.133701092556294,
      "tau_mean": 0.0001,
      "bond_mean_avg": 4.232921440024705,
      "n_parameters": 3406,
      "dim_x0": 13,
      "dim_b_leaf_0": 18,
      "dim_x1": 13,
      "dim_b_leaf_1": 18,
      "dim_x2": 13,
      "dim_b_leaf_2": 1,