{
  "experiment_name": "kfold_bike",
  "run_name": "bike-BTT-L3-d18-seed9536-fold2",
  "config": {
    "params": {
      "model": "BTT",
      "L": 3,
      "bond_dim": 18,
      "init_strength": 0.1,
      "bond_prior_alpha": 5.0,
      "added_bias": true,
      "n_epochs": 100,
      "batch_size": 256,
      "patience": 100,
      "min_delta": 0.0001,
      "warmup_epochs": 5,
      "trim_every": 3,
      "trimming_threshold": 0.3,
      "trim_method": "relevance",
      "soft_trim_relaxation": 2
    },
    "fold": 2,
    "seed": 9536
  },
  "hparams": {
    "seed": 9536,
    "fold": 2,
    "dataset": "bike",
    "n_features": 13,
    "n_train": 11818,
    "n_val": 2085,
    "n_test": 3476,
    "L": 3,
    "bond_dim": 18,
    "model": "BTT",
    "init_strength": 0.1,
    "bond_prior_alpha": 5.0,
    "added_bias": true,
    "n_epochs": 100,
    "batch_size": 256,
    "patience": 100,
    "min_delta": 0.0001,
    "warmup_epochs": 5,
    "trim_every": 3,
    "trimming_threshold": 0.3,
    "trim_method": "relevance",
    "soft_trim_relaxation": 2
  },
  "metrics_log": [
    {
      "step": 0,
      "train_loss": 75323.81891061856,
      "train_quality": -1.28563771728236,
      "val_loss": 72888.24924833028,
      "val_quality": -1.3567570760125611,
      "patience_counter": 0,
      "elbo_raw": -445195052.40889806,
      "elbo_relative": 0.0,
      "e_log_p_nodes": -49161.99055906462,
      "e_log_p_bonds": -471.39129952567487,
      "e_log_p_tau": -1.0,
      "h_nodes": -5166.4389073937355,
      "h_bonds": 239.0477303849026,
      "h_tau": 1.0,
      "tau_mean": 1.0,
      "bond_mean_avg": 5.0,
      "n_parameters": 6858,
      "dim_x0": 13,
      "dim_b_leaf_0": 18,
      "dim_x1": 13,
      "dim_b_leaf_1": 18,
      "dim_x2": 13,
      "dim_b_leaf_2": 18,
      "dim_b_lvl0_0": 18
    },
    {
      "step": 1,
      "train_loss": 11601.809825683942,
      "train_quality": 0.6479528718825743,
      "val_loss": 11674.792973958385,
      "val_quality": 0.6225090980218809,
      "patience_counter": 0,
      "elbo_raw": -140784.771842037,
      "elbo_relative": 445054267.637056,
      "e_log_p_nodes": -54935.43197598484,
      "e_log_p_bonds": -471.39129952567487,
      "e_log_p_tau": -0.0001,
      "h_nodes": -13464.939089204014,
      "h_bonds": 239.0477303849026,
      "h_tau": -12.133658797938551,
      "tau_mean": 0.0001,
      "bond_mean_avg": 5.0,
      "n_parameters": 6858,
      "dim_x0": 13,
      "dim_b_leaf_0": 18,
      "dim_x1": 13,
      "dim_b_leaf_1": 18,
      "dim_x2": 13,
      "dim_b_leaf_2": 18,
      "dim_b_lvl0_0": 18
    },
    {
      "step": 2,
      "train_loss": 12430.687980848652,
      "train_quality": 0.6228012637740693,
      "val_loss": 12279.919533538168,
      "val_quality": 0.6029430319429174,
      "patience_counter": 1,
      "elbo_raw": -95239.27398699113,
      "elbo_relative": 445099813.13491106,
      "e_log_p_nodes": -15724.689942427938,
      "e_log_p_bonds": -471.39129952567487,
      "e_log_p_tau": -0.0001,
      "h_nodes": -6639.204815673064,
      "h_bonds": 239.0477303849026,
      "h_tau": -12.133658797938551,
      "tau_mean": 0.0001,
      "bond_mean_avg": 5.0,
      "n_parameters": 6858,
      "dim_x0": 13,
      "dim_b_leaf_0": 18,
      "dim_x1": 13,
      "dim_b_leaf_1": 18,
      "dim_x2": 13,
      "dim_b_leaf_2": 18,
      "dim_b_lvl0_0": 18
    },
    {
      "step": 3,
      "train_loss": 12451.365948698354,
      "train_quality": 0.6221738082902983,
      "val_loss": 12275.142254072778,
      "val_quality": 0.6030974997384847,
      "patience_counter": 2,
      "elbo_raw": -92709.04660020962,
      "elbo_relative": 445102343.36229783,
      "e_log_p_nodes": -13410.985309319201,
      "e_log_p_bonds": -471.39129952567487,
      "e_log_p_tau": -0.0001,
      "h_nodes": -6409.3622000685,
      "h_bonds": 239.0477303849026,
      "h_tau": -12.133658797938551,
      "tau_mean": 0.0001,
      "bond_mean_avg": 5.0,
      "n_parameters": 6858,
      "dim_x0": 13,
      "dim_b_leaf_0": 18,
      "dim_x1": 13,
      "dim_b_leaf_1": 18,
      "dim_x2": 13,
      "dim_b_leaf_2": 18,
      "dim_b_lvl0_0": 18
    },
    {
      "step": 4,
      "train_loss": 12500.636524621994,
      "train_quality": 0.6206787342445053,
      "val_loss": 12265.518537561726,
      "val_quality": 0.603408671459837,
      "patience_counter": 3,
      "elbo_raw": -91795.69315630526,
      "elbo_relative": 445103256.71574175,
      "e_log_p_nodes": -12548.070239507559,
      "e_log_p_bonds": -471.39129952567487,
      "e_log_p_tau": -0.0001,
      "h_nodes": -6329.564093712799,
      "h_bonds": 239.0477303849026,
      "h_tau": -12.133658797938551,
      "tau_mean": 0.0001,
      "bond_mean_avg": 5.0,
      "n_parameters": 6858,
      "dim_x0": 13,
      "dim_b_leaf_0": 18,
      "dim_x1": 13,
      "dim_b_leaf_1": 18,
      "dim_x2": 13,
      "dim_b_leaf_2": 18,
      "dim_b_lvl0_0": 18
    },
    {
      "step": 5,
      "train_loss": 12534.524851656552,
      "train_quality": 0.6196504215598059,
      "val_loss": 12275.49069777356,
      "val_quality": 0.6030862332151989,
      "patience_counter": 4,
      "elbo_raw": -91323.4318811625,
      "elbo_relative": 445103728.97701687,
      "e_log_p_nodes": -12113.945996314336,
      "e_log_p_bonds": -471.39129952567487,
      "e_log_p_tau": -0.0001,
      "h_nodes": -6271.098938071836,
      "h_bonds": 239.0477303849026,
      "h_tau": -12.133658797938551,
      "tau_mean": 0.0001,
      "bond_mean_avg": 5.0,
      "n_parameters": 6858,
      "dim_x0": 13,
      "dim_b_leaf_0": 18,
      "dim_x1": 13,
      "dim_b_leaf_1": 18,
      "dim_x2": 13,
      "dim_b_leaf_2": 18,
      "dim_b_lvl0_0": 18
    },
    {
      "step": 6,
      "train_loss": 12555.891594443812,
      "train_quality": 0.6190020657818283,
      "val_loss": 12296.961880304714,
      "val_quality": 0.6023919874090162,
      "patience_counter": 5,
      "elbo_raw": -86658.73888532055,
      "elbo_relative": 445108393.6700127,
      "e_log_p_nodes": -6946.233310097553,
      "e_log_p_bonds": -842.2863682124072,
      "e_log_p_tau": -0.0001,
      "h_nodes": -6240.865655645759,
      "h_bonds": 89.47114817194588,
      "h_tau": -12.133658797938551,
      "tau_mean": 0.0001,
      "bond_mean_avg": 3.3783930653338623,
      "n_parameters": 6858,
      "dim_x0": 13,
      "dim_b_leaf_0": 18,
      "dim_x1": 13,
      "dim_b_leaf_1": 18,
      "dim_x2": 13,
      "dim_b_leaf_2": 18,
      "dim_b_lvl0_0": 18
    },
    {
      "step": 7,
      "train_loss": 12317.282164887813,
      "train_quality": 0.6262424675535385,
      "val_loss": 11987.394977437689,
      "val_quality": 0.6124014744848478,
      "patience_counter": 6,
      "elbo_raw": -79853.43218182404,
      "elbo_relative": 445115198.9767162,
      "e_log_p_nodes": -7039.234393689151,
      "e_log_p_bonds": -1064.5319005982667,
      "e_log_p_tau": -0.0001,
      "h_nodes": 861.3170736482888,
      "h_bonds": 70.65187624125213,
      "h_tau": -12.133658797938551,
      "tau_mean": 0.0001,
      "bond_mean_avg": 3.9257690194209713,
      "n_parameters": 6858,
      "dim_x0": 13,
      "dim_b_leaf_0": 18,
      "dim_x1": 13,
      "dim_b_leaf_1": 18,
      "dim_x2": 13,
      "dim_b_leaf_2": 18,
      "dim_b_lvl0_0": 18
    },
    {
      "step": 8,
      "train_loss": 45270.78878764325,
      "train_quality": -0.37370388066681026,
      "val_loss": 42359.82792335875,
      "val_quality": -0.36965594902579113,
      "patience_counter": 7,
      "elbo_raw": -92815.73890309049,
      "elbo_relative": 445120976.9037322,
      "e_log_p_nodes": -3442.124186338947,
      "e_log_p_bonds": -1232.7386879961782,
      "e_log_p_tau": -0.0001,
      "h_nodes": 3902.979203344525,
      "h_bonds": 10.694522885938937,
      "h_tau": -12.133658797938551,
      "tau_mean": 0.0001,
      "bond_mean_avg": 4.326728614783049,
      "n_parameters": 3406,
      "dim_x0": 13,
      "dim_b_leaf_0": 18,
      "dim_x1": 13,
      "dim_b_leaf_1": 18,
      "dim_x2": 13,