{
  "experiment_name": "kfold_bike",
  "run_name": "bike-BTT-L3-d18-seed9536-fold0",
  "config": {
    "params": {
      "model": "BTT",
      "L": 3,
      "bond_dim": 18,
      "init_strength": 0.1,
      "bond_prior_alpha": 5.0,
      "added_bias": true,
      "n_epochs": 100,
      "batch_size": 256,
      "patience": 100,
      "min_delta": 0.0001,
      "warmup_epochs": 5,
      "trim_every": 3,
      "trimming_threshold": 0.3,
      "trim_method": "relevance",
      "soft_trim_relaxation": 2
    },
    "fold": 0,
    "seed": 9536
  },
  "hparams": {
    "seed": 9536,
    "fold": 0,
    "dataset": "bike",
    "n_features": 13,
    "n_train": 11818,
    "n_val": 2085,
    "n_test": 3476,
    "L": 3,
    "bond_dim": 18,
    "model": "BTT",
    "init_strength": 0.1,
    "bond_prior_alpha": 5.0,
    "added_bias": true,
    "n_epochs": 100,
    "batch_size": 256,
    "patience": 100,
    "min_delta": 0.0001,
    "warmup_epochs": 5,
    "trim_every": 3,
    "trimming_threshold": 0.3,
    "trim_method": "relevance",
    "soft_trim_relaxation": 2
  },
  "metrics_log": [
    {
      "step": 0,
      "train_loss": 76231.41576113699,
      "train_quality": -1.3045354606506554,
      "val_loss": 75755.39221942678,
      "val_quality": -1.3680919579010666,
      "patience_counter": 0,
      "elbo_raw": -450559058.89573896,
      "elbo_relative": 0.0,
      "e_log_p_nodes": -49161.99055906462,
      "e_log_p_bonds": -471.39129952567487,
      "e_log_p_tau": -1.0,
      "h_nodes": -5166.4389073937355,
      "h_bonds": 239.0477303849026,
      "h_tau": 1.0,
      "tau_mean": 1.0,
      "bond_mean_avg": 5.0,
      "n_parameters": 6858,
      "dim_x0": 13,
      "dim_b_leaf_0": 18,
      "dim_x1": 13,
      "dim_b_leaf_1": 18,
      "dim_x2": 13,
      "dim_b_leaf_2": 18,
      "dim_b_lvl0_0": 18
    },
    {
      "step": 1,
      "train_loss": 11766.698316674194,
      "train_quality": 0.6442834852953332,
      "val_loss": 11569.538831047088,
      "val_quality": 0.6383395153830275,
      "patience_counter": 0,
      "elbo_raw": -146215.63679723174,
      "elbo_relative": 450412843.2589417,
      "e_log_p_nodes": -60385.08258276903,
      "e_log_p_bonds": -471.39129952567487,
      "e_log_p_tau": -0.0001,
      "h_nodes": -13348.720828288398,
      "h_bonds": 239.0477303849026,
      "h_tau": -12.133658797938551,
      "tau_mean": 0.0001,
      "bond_mean_avg": 5.0,
      "n_parameters": 6858,
      "dim_x0": 13,
      "dim_b_leaf_0": 18,
      "dim_x1": 13,
      "dim_b_leaf_1": 18,
      "dim_x2": 13,
      "dim_b_leaf_2": 18,
      "dim_b_lvl0_0": 18
    },
    {
      "step": 2,
      "train_loss": 12475.724236936534,
      "train_quality": 0.6228490758796021,
      "val_loss": 11855.699795477321,
      "val_quality": 0.6293942052383765,
      "patience_counter": 1,
      "elbo_raw": -93945.28336015971,
      "elbo_relative": 450465113.6123788,
      "e_log_p_nodes": -14394.14140213752,
      "e_log_p_bonds": -471.39129952567487,
      "e_log_p_tau": -0.0001,
      "h_nodes": -6649.190700989078,
      "h_bonds": 239.0477303849026,
      "h_tau": -12.133658797938551,
      "tau_mean": 0.0001,
      "bond_mean_avg": 5.0,
      "n_parameters": 6858,
      "dim_x0": 13,
      "dim_b_leaf_0": 18,
      "dim_x1": 13,
      "dim_b_leaf_1": 18,
      "dim_x2": 13,
      "dim_b_leaf_2": 18,
      "dim_b_lvl0_0": 18
    },
    {
      "step": 3,
      "train_loss": 12555.626384202424,
      "train_quality": 0.6204335713278653,
      "val_loss": 11855.268321833584,
      "val_quality": 0.6294076929814381,
      "patience_counter": 2,
      "elbo_raw": -92112.46138167498,
      "elbo_relative": 450466946.4343573,
      "e_log_p_nodes": -12767.72700071264,
      "e_log_p_bonds": -471.39129952567487,
      "e_log_p_tau": -0.0001,
      "h_nodes": -6394.288642850908,
      "h_bonds": 239.0477303849026,
      "h_tau": -12.133658797938551,
      "tau_mean": 0.0001,
      "bond_mean_avg": 5.0,
      "n_parameters": 6858,
      "dim_x0": 13,
      "dim_b_leaf_0": 18,
      "dim_x1": 13,
      "dim_b_leaf_1": 18,
      "dim_x2": 13,
      "dim_b_leaf_2": 18,
      "dim_b_lvl0_0": 18
    },
    {
      "step": 4,
      "train_loss": 12558.621931703727,
      "train_quality": 0.6203430135785188,
      "val_loss": 11876.625626598468,
      "val_quality": 0.6287400697248695,
      "patience_counter": 3,
      "elbo_raw": -91637.8957121202,
      "elbo_relative": 450467421.0000268,
      "e_log_p_nodes": -12336.67885176525,
      "e_log_p_bonds": -471.39129952567487,
      "e_log_p_tau": -0.0001,
      "h_nodes": -6348.893141746128,
      "h_bonds": 239.0477303849026,
      "h_tau": -12.133658797938551,
      "tau_mean": 0.0001,
      "bond_mean_avg": 5.0,
      "n_parameters": 6858,
      "dim_x0": 13,
      "dim_b_leaf_0": 18,
      "dim_x1": 13,
      "dim_b_leaf_1": 18,
      "dim_x2": 13,
      "dim_b_leaf_2": 18,
      "dim_b_lvl0_0": 18
    },
    {
      "step": 5,
      "train_loss": 12556.646759778403,
      "train_quality": 0.6204027245742723,
      "val_loss": 11879.31717535833,
      "val_quality": 0.628655932678175,
      "patience_counter": 4,
      "elbo_raw": -91398.44473785251,
      "elbo_relative": 450467660.4510011,
      "e_log_p_nodes": -12121.816832425659,
      "e_log_p_bonds": -471.39129952567487,
      "e_log_p_tau": -0.0001,
      "h_nodes": -6325.35424664364,
      "h_bonds": 239.0477303849026,
      "h_tau": -12.133658797938551,
      "tau_mean": 0.0001,
      "bond_mean_avg": 5.0,
      "n_parameters": 6858,
      "dim_x0": 13,
      "dim_b_leaf_0": 18,
      "dim_x1": 13,
      "dim_b_leaf_1": 18,
      "dim_x2": 13,
      "dim_b_leaf_2": 18,
      "dim_b_lvl0_0": 18
    },
    {
      "step": 6,
      "train_loss": 12558.557274113642,
      "train_quality": 0.6203449682281559,
      "val_loss": 11860.352450825098,
      "val_quality": 0.6292487645589853,
      "patience_counter": 5,
      "elbo_raw": -86736.99421813127,
      "elbo_relative": 450472321.90152085,
      "e_log_p_nodes": -6939.033066622541,
      "e_log_p_bonds": -856.3134016124762,
      "e_log_p_tau": -0.0001,
      "h_nodes": -6308.448340018014,
      "h_bonds": 86.94057339436226,
      "h_tau": -12.133658797938551,
      "tau_mean": 0.0001,
      "bond_mean_avg": 3.301315925873206,
      "n_parameters": 6858,
      "dim_x0": 13,
      "dim_b_leaf_0": 18,
      "dim_x1": 13,
      "dim_b_leaf_1": 18,
      "dim_x2": 13,
      "dim_b_leaf_2": 18,
      "dim_b_lvl0_0": 18
    },
    {
      "step": 7,
      "train_loss": 12327.929189745071,
      "train_quality": 0.6273170360212383,
      "val_loss": 11654.367618569764,
      "val_quality": 0.6356877916753727,
      "patience_counter": 6,
      "elbo_raw": -79886.04868946377,
      "elbo_relative": 450479172.8470495,
      "e_log_p_nodes": -7039.596153362787,
      "e_log_p_bonds": -1077.7099785172293,
      "e_log_p_tau": -0.0001,
      "h_nodes": 851.6394166464577,
      "h_bonds": 67.84975371435652,
      "h_tau": -12.133658797938551,
      "tau_mean": 0.0001,
      "bond_mean_avg": 3.8275449766876024,
      "n_parameters": 6858,
      "dim_x0": 13,
      "dim_b_leaf_0": 18,
      "dim_x1": 13,
      "dim_b_leaf_1": 18,
      "dim_x2": 13,
      "dim_b_leaf_2": 18,
      "dim_b_lvl0_0": 18
    },
    {
      "step": 8,
      "train_loss": 78788.74266951157,
      "train_quality": -1.3818454579264743,
      "val_loss": 76857.29558209796,
      "val_quality": -1.4025371427925601,
      "patience_counter": 7,
      "elbo_raw": -112491.53725821711,
      "elbo_relative": 450484963.6188808,
      "e_log_p_nodes": -4074.8556995288986,
      "e_log_p_bonds": -1251.8751433070602,
      "e_log_p_tau": -0.0001,
      "h_nodes": 4683.235942002779,
      "h_bonds": 11.565257471659159,
      "h_tau": -12.133658797938551,
      "tau_mean": 0.0001,
      "bond_mean_avg": 4.090554954915033,
      "n_parameters": 4056,
      "dim_x0": 13,
      "dim_b_leaf_0": 18,
      "dim_x1": 13,
      "dim_b_leaf_1": 18,
      "dim_x2": 13,