{
  "experiment_name": "kfold_bike",
  "run_name": "bike-BTT-L3-d18-seed42806-fold0",
  "config": {
    "params": {
      "model": "BTT",
      "L": 3,
      "bond_dim": 18,
      "init_strength": 0.1,
      "bond_prior_alpha": 5.0,
      "added_bias": true,
      "n_epochs": 100,
      "batch_size": 256,
      "patience": 100,
      "min_delta": 0.0001,
      "warmup_epochs": 5,
      "trim_every": 3,
      "trimming_threshold": 0.3,
      "trim_method": "relevance",
      "soft_trim_relaxation": 2
    },
    "fold": 0,
    "seed": 42806
  },
  "hparams": {
    "seed": 42806,
    "fold": 0,
    "dataset": "bike",
    "n_features": 13,
    "n_train": 11818,
    "n_val": 2085,
    "n_test": 3476,
    "L": 3,
    "bond_dim": 18,
    "model": "BTT",
    "init_strength": 0.1,
    "bond_prior_alpha": 5.0,
    "added_bias": true,
    "n_epochs": 100,
    "batch_size": 256,
    "patience": 100,
    "min_delta": 0.0001,
    "warmup_epochs": 5,
    "trim_every": 3,
    "trimming_threshold": 0.3,
    "trim_method": "relevance",
    "soft_trim_relaxation": 2
  },
  "metrics_log": [
    {
      "step": 0,
      "train_loss": 67033.1468088152,
      "train_quality": -1.0017473736989375,
      "val_loss": 66461.48197307688,
      "val_quality": -1.0550193732674984,
      "patience_counter": 0,
      "elbo_raw": -396205168.3192094,
      "elbo_relative": 0.0,
      "e_log_p_nodes": -49113.08183382579,
      "e_log_p_bonds": -471.39129952567487,
      "e_log_p_tau": -1.0,
      "h_nodes": -5166.4389073937355,
      "h_bonds": 239.0477303849026,
      "h_tau": 1.0,
      "tau_mean": 1.0,
      "bond_mean_avg": 5.0,
      "n_parameters": 6858,
      "dim_x0": 13,
      "dim_b_leaf_0": 18,
      "dim_x1": 13,
      "dim_b_leaf_1": 18,
      "dim_x2": 13,
      "dim_b_leaf_2": 18,
      "dim_b_lvl0_0": 18
    },
    {
      "step": 1,
      "train_loss": 12016.325749636748,
      "train_quality": 0.6411678452236544,
      "val_loss": 11951.471674414195,
      "val_quality": 0.6304550380033924,
      "patience_counter": 0,
      "elbo_raw": -144238.25906353333,
      "elbo_relative": 396060930.06014585,
      "e_log_p_nodes": -58374.33830215457,
      "e_log_p_bonds": -471.39129952567487,
      "e_log_p_tau": -0.0001,
      "h_nodes": -13234.582525066888,
      "h_bonds": 239.0477303849026,
      "h_tau": -12.133658797938551,
      "tau_mean": 0.0001,
      "bond_mean_avg": 5.0,
      "n_parameters": 6858,
      "dim_x0": 13,
      "dim_b_leaf_0": 18,
      "dim_x1": 13,
      "dim_b_leaf_1": 18,
      "dim_x2": 13,
      "dim_b_leaf_2": 18,
      "dim_b_lvl0_0": 18
    },
    {
      "step": 2,
      "train_loss": 12794.313923395199,
      "train_quality": 0.6179355212506881,
      "val_loss": 12249.330634169466,
      "val_quality": 0.6212451029458752,
      "patience_counter": 1,
      "elbo_raw": -93580.10008422378,
      "elbo_relative": 396111588.21912515,
      "e_log_p_nodes": -13943.839779150212,
      "e_log_p_bonds": -471.39129952567487,
      "e_log_p_tau": -0.0001,
      "h_nodes": -6545.922299256415,
      "h_bonds": 239.0477303849026,
      "h_tau": -12.133658797938551,
      "tau_mean": 0.0001,
      "bond_mean_avg": 5.0,
      "n_parameters": 6858,
      "dim_x0": 13,
      "dim_b_leaf_0": 18,
      "dim_x1": 13,
      "dim_b_leaf_1": 18,
      "dim_x2": 13,
      "dim_b_leaf_2": 18,
      "dim_b_lvl0_0": 18
    },
    {
      "step": 3,
      "train_loss": 12865.78236514035,
      "train_quality": 0.6158013268651292,
      "val_loss": 12261.481943200035,
      "val_quality": 0.6208693789215675,
      "patience_counter": 2,
      "elbo_raw": -92114.5829418945,
      "elbo_relative": 396113053.7362675,
      "e_log_p_nodes": -12667.144337087866,
      "e_log_p_bonds": -471.39129952567487,
      "e_log_p_tau": -0.0001,
      "h_nodes": -6313.493494238766,
      "h_bonds": 239.0477303849026,
      "h_tau": -12.133658797938551,
      "tau_mean": 0.0001,
      "bond_mean_avg": 5.0,
      "n_parameters": 6858,
      "dim_x0": 13,
      "dim_b_leaf_0": 18,
      "dim_x1": 13,
      "dim_b_leaf_1": 18,
      "dim_x2": 13,
      "dim_b_leaf_2": 18,
      "dim_b_lvl0_0": 18
    },
    {
      "step": 4,
      "train_loss": 12899.48427759883,
      "train_quality": 0.6147949185736492,
      "val_loss": 12280.42552700938,
      "val_quality": 0.620283634659303,
      "patience_counter": 3,
      "elbo_raw": -91729.20114933536,
      "elbo_relative": 396113439.11806005,
      "e_log_p_nodes": -12290.212402187302,
      "e_log_p_bonds": -471.39129952567487,
      "e_log_p_tau": -0.0001,
      "h_nodes": -6285.099046104523,
      "h_bonds": 239.0477303849026,
      "h_tau": -12.133658797938551,
      "tau_mean": 0.0001,
      "bond_mean_avg": 5.0,
      "n_parameters": 6858,
      "dim_x0": 13,
      "dim_b_leaf_0": 18,
      "dim_x1": 13,
      "dim_b_leaf_1": 18,
      "dim_x2": 13,
      "dim_b_leaf_2": 18,
      "dim_b_lvl0_0": 18
    },
    {
      "step": 5,
      "train_loss": 12946.634579743763,
      "train_quality": 0.6133869137584058,
      "val_loss": 12297.74970726299,
      "val_quality": 0.6197479630945075,
      "patience_counter": 4,
      "elbo_raw": -91481.74958124534,
      "elbo_relative": 396113686.5696282,
      "e_log_p_nodes": -12037.510902808086,
      "e_log_p_bonds": -471.39129952567487,
      "e_log_p_tau": -0.0001,
      "h_nodes": -6262.365090739822,
      "h_bonds": 239.0477303849026,
      "h_tau": -12.133658797938551,
      "tau_mean": 0.0001,
      "bond_mean_avg": 5.0,
      "n_parameters": 6858,
      "dim_x0": 13,
      "dim_b_leaf_0": 18,
      "dim_x1": 13,
      "dim_b_leaf_1": 18,
      "dim_x2": 13,
      "dim_b_leaf_2": 18,
      "dim_b_lvl0_0": 18
    },
    {
      "step": 6,
      "train_loss": 12983.497164443495,
      "train_quality": 0.612286121305369,
      "val_loss": 12342.305051536288,
      "val_quality": 0.6183702915026925,
      "patience_counter": 5,
      "elbo_raw": -86895.22037638274,
      "elbo_relative": 396118273.098833,
      "e_log_p_nodes": -6943.753507183081,
      "e_log_p_bonds": -826.7029342497341,
      "e_log_p_tau": -0.0001,
      "h_nodes": -6245.285621891364,
      "h_bonds": 91.95481457132924,
      "h_tau": -12.133658797938551,
      "tau_mean": 0.0001,
      "bond_mean_avg": 3.460722190763385,
      "n_parameters": 6858,
      "dim_x0": 13,
      "dim_b_leaf_0": 18,
      "dim_x1": 13,
      "dim_b_leaf_1": 18,
      "dim_x2": 13,
      "dim_b_leaf_2": 18,
      "dim_b_lvl0_0": 18
    },
    {
      "step": 7,
      "train_loss": 12720.465262887103,
      "train_quality": 0.6201407938547756,
      "val_loss": 12168.243385178064,
      "val_quality": 0.6237523577144313,
      "patience_counter": 6,
      "elbo_raw": -80074.27746081639,
      "elbo_relative": 396125094.0417486,
      "e_log_p_nodes": -7038.608274141881,
      "e_log_p_bonds": -1061.0704825081164,
      "e_log_p_tau": -0.0001,
      "h_nodes": 874.1739607073728,
      "h_bonds": 71.56416374716977,
      "h_tau": -12.133658797938551,
      "tau_mean": 0.0001,
      "bond_mean_avg": 3.9901645636897696,
      "n_parameters": 6858,
      "dim_x0": 13,
      "dim_b_leaf_0": 18,
      "dim_x1": 13,
      "dim_b_leaf_1": 18,
      "dim_x2": 13,
      "dim_b_leaf_2": 18,
      "dim_b_lvl0_0": 18
    },
    {
      "step": 8,
      "train_loss": 58390.09222407258,
      "train_quality": -0.7436480207759752,
      "val_loss": 57679.61330375613,
      "val_quality": -0.7834799836364381,
      "patience_counter": 7,
      "elbo_raw": -100335.7866922496,
      "elbo_relative": 396130900.45504636,
      "e_log_p_nodes": -4388.41387460126,
      "e_log_p_bonds": -1250.378269858706,
      "e_log_p_tau": -0.0001,
      "h_nodes": 5094.915912351563,
      "h_bonds": 14.253765945678303,
      "h_tau": -12.133658797938551,
      "tau_mean": 0.0001,
      "bond_mean_avg": 4.4507020600477,
      "n_parameters": 4381,
      "dim_x0": 13,
      "dim_b_leaf_0": 18,
      "dim_x1": 13,
      "dim_b_leaf_1": 18,
      "dim_x2": 13,