{
  "fold": 4,
  "seed": 9536,
  "model": "LMPO2",
  "dataset": "concrete",
  "params": {
    "model": "LMPO2",
    "L": 3,
    "bond_dim": 18,
    "init_strength": 0.1,
    "bond_prior_alpha": 5.0,
    "added_bias": true,
    "n_epochs": 100,
    "batch_size": 256,
    "patience": 100,
    "min_delta": 0.0001,
    "warmup_epochs": 5,
    "trim_every": 3,
    "trimming_threshold": 0.3,
    "trim_method": "relevance",
    "soft_trim_relaxation": 2
  },
  "n_features": 9,
  "n_train": 701,
  "n_val": 123,
  "n_test": 206,
  "train_loss": 44.88435056588157,
  "train_quality": 0.8319927782072918,
  "val_loss": 48.13086047213673,
  "val_quality": 0.8313360898619198,
  "test_loss": 45.96884842663077,
  "test_quality": 0.8536320768361115,
  "best_epoch": 7,
  "n_parameters": 1548,
  "elbo_raw": -5142.034353293388,
  "elbo_relative": 9566403.119645873,
  "tau_mean": 0.02198112428249726,
  "success": true,
  "singular": false,
  "recovered_from_run": true,
  "run_id": "concrete-LMPO2-L3-d18-seed9536-fold4"
}