{
  "fold": 2,
  "seed": 9536,
  "model": "LMPO2",
  "dataset": "concrete",
  "params": {
    "model": "LMPO2",
    "L": 3,
    "bond_dim": 18,
    "init_strength": 0.1,
    "bond_prior_alpha": 5.0,
    "added_bias": true,
    "n_epochs": 100,
    "batch_size": 256,
    "patience": 100,
    "min_delta": 0.0001,
    "warmup_epochs": 5,
    "trim_every": 3,
    "trimming_threshold": 0.3,
    "trim_method": "relevance",
    "soft_trim_relaxation": 2
  },
  "n_features": 9,
  "n_train": 701,
  "n_val": 123,
  "n_test": 206,
  "train_loss": 57.32377163542829,
  "train_quality": 0.7952809688549327,
  "val_loss": 65.29404095299678,
  "val_quality": 0.7727138275901178,
  "test_loss": 61.82194190976579,
  "test_quality": 0.7670770775305811,
  "best_epoch": 100,
  "n_parameters": 30,
  "elbo_raw": -2631.8649231762943,
  "elbo_relative": 8399557.628937423,
  "tau_mean": 0.017493670214352816,
  "success": true,
  "singular": false,
  "recovered_from_run": true,
  "run_id": "concrete-LMPO2-L3-d18-seed9536-fold2"
}