{
  "fold": 3,
  "seed": 19540,
  "model": "LMPO2",
  "dataset": "concrete",
  "params": {
    "model": "LMPO2",
    "L": 3,
    "bond_dim": 18,
    "init_strength": 0.1,
    "bond_prior_alpha": 5.0,
    "added_bias": true,
    "n_epochs": 100,
    "batch_size": 256,
    "patience": 100,
    "min_delta": 0.0001,
    "warmup_epochs": 5,
    "trim_every": 3,
    "trimming_threshold": 0.3,
    "trim_method": "relevance",
    "soft_trim_relaxation": 2
  },
  "n_features": 9,
  "n_train": 701,
  "n_val": 123,
  "n_test": 206,
  "train_loss": 58.276386769809335,
  "train_quality": 0.7868099957981836,
  "val_loss": 75.97239917018426,
  "val_quality": 0.7032881815632247,
  "test_loss": 52.27001575107855,
  "test_quality": 0.8302205965106823,
  "best_epoch": 99,
  "n_parameters": 30,
  "elbo_raw": -2632.2835343046827,
  "elbo_relative": 27787967.059217233,
  "tau_mean": 0.01720772387996833,
  "success": true,
  "singular": false,
  "recovered_from_run": true,
  "run_id": "concrete-LMPO2-L3-d18-seed19540-fold3"
}