{
  "fold": 2,
  "seed": 19540,
  "model": "LMPO2",
  "dataset": "concrete",
  "params": {
    "model": "LMPO2",
    "L": 3,
    "bond_dim": 18,
    "init_strength": 0.1,
    "bond_prior_alpha": 5.0,
    "added_bias": true,
    "n_epochs": 100,
    "batch_size": 256,
    "patience": 100,
    "min_delta": 0.0001,
    "warmup_epochs": 5,
    "trim_every": 3,
    "trimming_threshold": 0.3,
    "trim_method": "relevance",
    "soft_trim_relaxation": 2
  },
  "n_features": 9,
  "n_train": 701,
  "n_val": 123,
  "n_test": 206,
  "train_loss": 55.54122252212573,
  "train_quality": 0.8052233325183946,
  "val_loss": 74.62900937887709,
  "val_quality": 0.7580134710837682,
  "test_loss": 65.22890270705216,
  "test_quality": 0.7263591335938115,
  "best_epoch": 100,
  "n_parameters": 30,
  "elbo_raw": -2625.947194246399,
  "elbo_relative": 30743165.288719814,
  "tau_mean": 0.018055086098913518,
  "success": true,
  "singular": false,
  "recovered_from_run": true,
  "run_id": "concrete-LMPO2-L3-d18-seed19540-fold2"
}