{
  "fold": 1,
  "seed": 19540,
  "model": "LMPO2",
  "dataset": "concrete",
  "params": {
    "model": "LMPO2",
    "L": 3,
    "bond_dim": 18,
    "init_strength": 0.1,
    "bond_prior_alpha": 5.0,
    "added_bias": true,
    "n_epochs": 100,
    "batch_size": 256,
    "patience": 100,
    "min_delta": 0.0001,
    "warmup_epochs": 5,
    "trim_every": 3,
    "trimming_threshold": 0.3,
    "trim_method": "relevance",
    "soft_trim_relaxation": 2
  },
  "n_features": 9,
  "n_train": 701,
  "n_val": 123,
  "n_test": 206,
  "train_loss": 70.44436235253248,
  "train_quality": 0.7383199140292214,
  "val_loss": 74.0511824718688,
  "val_quality": 0.7416856489773608,
  "test_loss": 80.78623022012074,
  "test_quality": 0.7339728557194306,
  "best_epoch": 13,
  "n_parameters": 70,
  "elbo_raw": -2796.3701068480523,
  "elbo_relative": 20529329.318010475,
  "tau_mean": 0.01423552454145006,
  "success": true,
  "singular": false,
  "recovered_from_run": true,
  "run_id": "concrete-LMPO2-L3-d18-seed19540-fold1"
}