{
  "fold": 3,
  "seed": 47659,
  "model": "LMPO2",
  "dataset": "concrete",
  "params": {
    "model": "LMPO2",
    "L": 3,
    "bond_dim": 18,
    "init_strength": 0.1,
    "bond_prior_alpha": 5.0,
    "added_bias": true,
    "n_epochs": 100,
    "batch_size": 256,
    "patience": 100,
    "min_delta": 0.0001,
    "warmup_epochs": 5,
    "trim_every": 3,
    "trimming_threshold": 0.3,
    "trim_method": "relevance",
    "soft_trim_relaxation": 2
  },
  "n_features": 9,
  "n_train": 701,
  "n_val": 123,
  "n_test": 206,
  "train_loss": 50.77221911900234,
  "train_quality": 0.8197046501005922,
  "val_loss": 50.484511882122824,
  "val_quality": 0.8186384043754193,
  "test_loss": 74.14391743473665,
  "test_quality": 0.7237213984235926,
  "best_epoch": 7,
  "n_parameters": 1548,
  "elbo_raw": -5153.386041013736,
  "elbo_relative": 12053526.140586494,
  "tau_mean": 0.019413137572411945,
  "success": true,
  "singular": false,
  "recovered_from_run": true,
  "run_id": "concrete-LMPO2-L3-d18-seed47659-fold3"
}