{
  "fold": 0,
  "seed": 47659,
  "model": "LMPO2",
  "dataset": "concrete",
  "params": {
    "model": "LMPO2",
    "L": 3,
    "bond_dim": 18,
    "init_strength": 0.1,
    "bond_prior_alpha": 5.0,
    "added_bias": true,
    "n_epochs": 100,
    "batch_size": 256,
    "patience": 100,
    "min_delta": 0.0001,
    "warmup_epochs": 5,
    "trim_every": 3,
    "trimming_threshold": 0.3,
    "trim_method": "relevance",
    "soft_trim_relaxation": 2
  },
  "n_features": 9,
  "n_train": 701,
  "n_val": 123,
  "n_test": 206,
  "train_loss": 60.23501393912838,
  "train_quality": 0.782836801596005,
  "val_loss": 68.20576443914585,
  "val_quality": 0.7545320783660252,
  "test_loss": 62.951797669730865,
  "test_quality": 0.7713288094364757,
  "best_epoch": 24,
  "n_parameters": 30,
  "elbo_raw": -2643.611745457034,
  "elbo_relative": 14056546.556926355,
  "tau_mean": 0.016648216759472333,
  "success": true,
  "singular": false,
  "recovered_from_run": true,
  "run_id": "concrete-LMPO2-L3-d18-seed47659-fold0"
}