{
  "fold": 1,
  "seed": 42806,
  "model": "LMPO2",
  "dataset": "concrete",
  "params": {
    "model": "LMPO2",
    "L": 3,
    "bond_dim": 18,
    "init_strength": 0.1,
    "bond_prior_alpha": 5.0,
    "added_bias": true,
    "n_epochs": 100,
    "batch_size": 256,
    "patience": 100,
    "min_delta": 0.0001,
    "warmup_epochs": 5,
    "trim_every": 3,
    "trimming_threshold": 0.3,
    "trim_method": "relevance",
    "soft_trim_relaxation": 2
  },
  "n_features": 9,
  "n_train": 701,
  "n_val": 123,
  "n_test": 206,
  "train_loss": 51.85350267661772,
  "train_quality": 0.817120261358189,
  "val_loss": 46.91246815373226,
  "val_quality": 0.8287647218114346,
  "test_loss": 64.45220333759136,
  "test_quality": 0.7499792854733746,
  "best_epoch": 7,
  "n_parameters": 1548,
  "elbo_raw": -5192.229601941624,
  "elbo_relative": 7265086.440073681,
  "tau_mean": 0.01895090004429012,
  "success": true,
  "singular": false,
  "recovered_from_run": true,
  "run_id": "concrete-LMPO2-L3-d18-seed42806-fold1"
}