{
  "fold": 2,
  "seed": 47659,
  "model": "LMPO2",
  "dataset": "concrete",
  "params": {
    "model": "LMPO2",
    "L": 3,
    "bond_dim": 18,
    "init_strength": 0.1,
    "bond_prior_alpha": 5.0,
    "added_bias": true,
    "n_epochs": 100,
    "batch_size": 256,
    "patience": 100,
    "min_delta": 0.0001,
    "warmup_epochs": 5,
    "trim_every": 3,
    "trimming_threshold": 0.3,
    "trim_method": "relevance",
    "soft_trim_relaxation": 2
  },
  "n_features": 9,
  "n_train": 701,
  "n_val": 123,
  "n_test": 206,
  "train_loss": 47.30271404878548,
  "train_quality": 0.8285783381599555,
  "val_loss": 47.476238451283955,
  "val_quality": 0.794994606697955,
  "test_loss": 62.35427633181099,
  "test_quality": 0.7944741600739382,
  "best_epoch": 7,
  "n_parameters": 1548,
  "elbo_raw": -5074.117695954505,
  "elbo_relative": 14312093.763651589,
  "tau_mean": 0.020765185128529415,
  "success": true,
  "singular": false,
  "recovered_from_run": true,
  "run_id": "concrete-LMPO2-L3-d18-seed47659-fold2"
}