{
  "fold": 0,
  "seed": 19540,
  "model": "LMPO2",
  "dataset": "concrete",
  "params": {
    "model": "LMPO2",
    "L": 3,
    "bond_dim": 18,
    "init_strength": 0.1,
    "bond_prior_alpha": 5.0,
    "added_bias": true,
    "n_epochs": 100,
    "batch_size": 256,
    "patience": 100,
    "min_delta": 0.0001,
    "warmup_epochs": 5,
    "trim_every": 3,
    "trimming_threshold": 0.3,
    "trim_method": "relevance",
    "soft_trim_relaxation": 2
  },
  "n_features": 9,
  "n_train": 701,
  "n_val": 123,
  "n_test": 206,
  "train_loss": 52.934350599305155,
  "train_quality": 0.8057744635260882,
  "val_loss": 76.96197162147907,
  "val_quality": 0.7605378321045357,
  "test_loss": 69.93601683136528,
  "test_quality": 0.7437092491438468,
  "best_epoch": 66,
  "n_parameters": 30,
  "elbo_raw": -2599.2092102444976,
  "elbo_relative": 28225387.303185407,
  "tau_mean": 0.01894420176342835,
  "success": true,
  "singular": false,
  "recovered_from_run": true,
  "run_id": "concrete-LMPO2-L3-d18-seed19540-fold0"
}