{
  "fold": 4,
  "seed": 42806,
  "model": "LMPO2",
  "dataset": "concrete",
  "params": {
    "model": "LMPO2",
    "L": 3,
    "bond_dim": 18,
    "init_strength": 0.1,
    "bond_prior_alpha": 5.0,
    "added_bias": true,
    "n_epochs": 100,
    "batch_size": 256,
    "patience": 100,
    "min_delta": 0.0001,
    "warmup_epochs": 5,
    "trim_every": 3,
    "trimming_threshold": 0.3,
    "trim_method": "relevance",
    "soft_trim_relaxation": 2
  },
  "n_features": 9,
  "n_train": 701,
  "n_val": 123,
  "n_test": 206,
  "train_loss": 38.136170672923214,
  "train_quality": 0.860356859284934,
  "val_loss": 49.68472129219589,
  "val_quality": 0.8030734769533866,
  "test_loss": 57.4692643132538,
  "test_quality": 0.8144107573896725,
  "best_epoch": 7,
  "n_parameters": 1548,
  "elbo_raw": -5119.532161167862,
  "elbo_relative": 7056319.545462309,
  "tau_mean": 0.02590763246313413,
  "success": true,
  "singular": false,
  "recovered_from_run": true,
  "run_id": "concrete-LMPO2-L3-d18-seed42806-fold4"
}