{
  "fold": 1,
  "seed": 9536,
  "model": "LMPO2",
  "dataset": "concrete",
  "params": {
    "model": "LMPO2",
    "L": 3,
    "bond_dim": 18,
    "init_strength": 0.1,
    "bond_prior_alpha": 5.0,
    "added_bias": true,
    "n_epochs": 100,
    "batch_size": 256,
    "patience": 100,
    "min_delta": 0.0001,
    "warmup_epochs": 5,
    "trim_every": 3,
    "trimming_threshold": 0.3,
    "trim_method": "relevance",
    "soft_trim_relaxation": 2
  },
  "n_features": 9,
  "n_train": 701,
  "n_val": 123,
  "n_test": 206,
  "train_loss": 54.49760740866294,
  "train_quality": 0.8125008642210207,
  "val_loss": 67.52189974461703,
  "val_quality": 0.7792623376319071,
  "test_loss": 62.784864167431415,
  "test_quality": 0.7122921615279036,
  "best_epoch": 7,
  "n_parameters": 1548,
  "elbo_raw": -5191.923917596782,
  "elbo_relative": 7515222.772047621,
  "tau_mean": 0.018009612016890972,
  "success": true,
  "singular": false,
  "recovered_from_run": true,
  "run_id": "concrete-LMPO2-L3-d18-seed9536-fold1"
}