{
  "fold": 4,
  "seed": 47659,
  "model": "LMPO2",
  "dataset": "concrete",
  "params": {
    "model": "LMPO2",
    "L": 3,
    "bond_dim": 18,
    "init_strength": 0.1,
    "bond_prior_alpha": 5.0,
    "added_bias": true,
    "n_epochs": 100,
    "batch_size": 256,
    "patience": 100,
    "min_delta": 0.0001,
    "warmup_epochs": 5,
    "trim_every": 3,
    "trimming_threshold": 0.3,
    "trim_method": "relevance",
    "soft_trim_relaxation": 2
  },
  "n_features": 9,
  "n_train": 701,
  "n_val": 123,
  "n_test": 206,
  "train_loss": 54.6917149077831,
  "train_quality": 0.8011534548038493,
  "val_loss": 77.7938412014506,
  "val_quality": 0.7450687491959676,
  "test_loss": 64.16564313555189,
  "test_quality": 0.7550187169038868,
  "best_epoch": 71,
  "n_parameters": 30,
  "elbo_raw": -2612.0574032051645,
  "elbo_relative": 12272137.297777288,
  "tau_mean": 0.018335514918201335,
  "success": true,
  "singular": false,
  "recovered_from_run": true,
  "run_id": "concrete-LMPO2-L3-d18-seed47659-fold4"
}