{
  "fold": 4,
  "seed": 19540,
  "model": "LMPO2",
  "dataset": "concrete",
  "params": {
    "model": "LMPO2",
    "L": 3,
    "bond_dim": 18,
    "init_strength": 0.1,
    "bond_prior_alpha": 5.0,
    "added_bias": true,
    "n_epochs": 100,
    "batch_size": 256,
    "patience": 100,
    "min_delta": 0.0001,
    "warmup_epochs": 5,
    "trim_every": 3,
    "trimming_threshold": 0.3,
    "trim_method": "relevance",
    "soft_trim_relaxation": 2
  },
  "n_features": 9,
  "n_train": 701,
  "n_val": 123,
  "n_test": 206,
  "train_loss": 55.66802718097722,
  "train_quality": 0.8004677264102031,
  "val_loss": 47.22226918926738,
  "val_quality": 0.840515193841414,
  "test_loss": 61.425535142721614,
  "test_quality": 0.7684525467441777,
  "best_epoch": 7,
  "n_parameters": 1548,
  "elbo_raw": -5219.12207615213,
  "elbo_relative": 29804202.307572905,
  "tau_mean": 0.01769858834142957,
  "success": true,
  "singular": false,
  "recovered_from_run": true,
  "run_id": "concrete-LMPO2-L3-d18-seed19540-fold4"
}