{
  "fold": 3,
  "seed": 42806,
  "model": "LMPO2",
  "dataset": "concrete",
  "params": {
    "model": "LMPO2",
    "L": 3,
    "bond_dim": 18,
    "init_strength": 0.1,
    "bond_prior_alpha": 5.0,
    "added_bias": true,
    "n_epochs": 100,
    "batch_size": 256,
    "patience": 100,
    "min_delta": 0.0001,
    "warmup_epochs": 5,
    "trim_every": 3,
    "trimming_threshold": 0.3,
    "trim_method": "relevance",
    "soft_trim_relaxation": 2
  },
  "n_features": 9,
  "n_train": 701,
  "n_val": 123,
  "n_test": 206,
  "train_loss": 57.77226047149916,
  "train_quality": 0.7895649149064837,
  "val_loss": 53.99233408009788,
  "val_quality": 0.8106383828607724,
  "test_loss": 57.09975690952619,
  "test_quality": 0.8017950486397487,
  "best_epoch": 7,
  "n_parameters": 1548,
  "elbo_raw": -5154.948406233208,
  "elbo_relative": 7020018.419617517,
  "tau_mean": 0.016942924216914255,
  "success": true,
  "singular": false,
  "recovered_from_run": true,
  "run_id": "concrete-LMPO2-L3-d18-seed42806-fold3"
}