{
  "fold": 0,
  "seed": 42806,
  "model": "LMPO2",
  "dataset": "concrete",
  "params": {
    "model": "LMPO2",
    "L": 3,
    "bond_dim": 18,
    "init_strength": 0.1,
    "bond_prior_alpha": 5.0,
    "added_bias": true,
    "n_epochs": 100,
    "batch_size": 256,
    "patience": 100,
    "min_delta": 0.0001,
    "warmup_epochs": 5,
    "trim_every": 3,
    "trimming_threshold": 0.3,
    "trim_method": "relevance",
    "soft_trim_relaxation": 2
  },
  "n_features": 9,
  "n_train": 701,
  "n_val": 123,
  "n_test": 206,
  "train_loss": 59.571344447886354,
  "train_quality": 0.7934354661526641,
  "val_loss": 76.11457829489191,
  "val_quality": 0.7039377590764965,
  "test_loss": 56.81652881344852,
  "test_quality": 0.7754705608397482,
  "best_epoch": 18,
  "n_parameters": 30,
  "elbo_raw": -2642.6897393814584,
  "elbo_relative": 6564718.912247011,
  "tau_mean": 0.01683368150776502,
  "success": true,
  "singular": false,
  "recovered_from_run": true,
  "run_id": "concrete-LMPO2-L3-d18-seed42806-fold0"
}