{
  "fold": 1,
  "seed": 47659,
  "model": "LMPO2",
  "dataset": "concrete",
  "params": {
    "model": "LMPO2",
    "L": 3,
    "bond_dim": 18,
    "init_strength": 0.1,
    "bond_prior_alpha": 5.0,
    "added_bias": true,
    "n_epochs": 100,
    "batch_size": 256,
    "patience": 100,
    "min_delta": 0.0001,
    "warmup_epochs": 5,
    "trim_every": 3,
    "trimming_threshold": 0.3,
    "trim_method": "relevance",
    "soft_trim_relaxation": 2
  },
  "n_features": 9,
  "n_train": 701,
  "n_val": 123,
  "n_test": 206,
  "train_loss": 49.84980889135769,
  "train_quality": 0.8229713669254783,
  "val_loss": 56.82515666935479,
  "val_quality": 0.7965220245583731,
  "test_loss": 48.71828800181611,
  "test_quality": 0.8177626497089481,
  "best_epoch": 7,
  "n_parameters": 1548,
  "elbo_raw": -5173.594414236862,
  "elbo_relative": 14995992.985483691,
  "tau_mean": 0.01989553905563727,
  "success": true,
  "singular": false,
  "recovered_from_run": true,
  "run_id": "concrete-LMPO2-L3-d18-seed47659-fold1"
}