{
  "fold": 1,
  "seed": 42806,
  "model": "CPD",
  "dataset": "realstate",
  "params": {
    "model": "CPD",
    "L": 3,
    "bond_dim": 100,
    "init_strength": 0.1,
    "bond_prior_alpha": 5.0,
    "added_bias": true,
    "n_epochs": 100,
    "batch_size": 256,
    "patience": 100,
    "min_delta": 0.0001,
    "warmup_epochs": 5,
    "trim_every": 3,
    "trimming_threshold": 0.3,
    "trim_method": "relevance",
    "soft_trim_relaxation": 2
  },
  "n_features": 7,
  "n_train": 282,
  "n_val": 49,
  "n_test": 83,
  "train_loss": 50.92144135454029,
  "train_quality": 0.719739454852498,
  "val_loss": 27.924960962289962,
  "val_quality": 0.8326169006665928,
  "test_loss": 59.53370030100219,
  "test_quality": 0.7087360664189779,
  "best_epoch": 1,
  "n_parameters": 2100,
  "elbo_raw": -6780.415099838058,
  "elbo_relative": 4145432.0876053846,
  "tau_mean": 0.019597921642683112,
  "success": true,
  "singular": false,
  "recovered_from_run": true,
  "run_id": "realstate-CPD-L3-d100-seed42806-fold1"
}