{
  "fold": 4,
  "seed": 42806,
  "model": "CPD",
  "dataset": "realstate",
  "params": {
    "model": "CPD",
    "L": 3,
    "bond_dim": 100,
    "init_strength": 0.1,
    "bond_prior_alpha": 5.0,
    "added_bias": true,
    "n_epochs": 100,
    "batch_size": 256,
    "patience": 100,
    "min_delta": 0.0001,
    "warmup_epochs": 5,
    "trim_every": 3,
    "trimming_threshold": 0.3,
    "trim_method": "relevance",
    "soft_trim_relaxation": 2
  },
  "n_features": 7,
  "n_train": 283,
  "n_val": 49,
  "n_test": 82,
  "train_loss": 29.02340131264721,
  "train_quality": 0.8107786138632839,
  "val_loss": 150.94908559292648,
  "val_quality": 0.5207313470538006,
  "test_loss": 70.56600860257603,
  "test_quality": 0.6590264354138267,
  "best_epoch": 1,
  "n_parameters": 2100,
  "elbo_raw": -6552.877716126559,
  "elbo_relative": 4060496.819865761,
  "tau_mean": 0.03414050520886399,
  "success": true,
  "singular": false,
  "recovered_from_run": true,
  "run_id": "realstate-CPD-L3-d100-seed42806-fold4"
}