{
  "fold": 0,
  "seed": 47659,
  "model": "CPD",
  "dataset": "realstate",
  "params": {
    "model": "CPD",
    "L": 3,
    "bond_dim": 100,
    "init_strength": 0.1,
    "bond_prior_alpha": 5.0,
    "added_bias": true,
    "n_epochs": 100,
    "batch_size": 256,
    "patience": 100,
    "min_delta": 0.0001,
    "warmup_epochs": 5,
    "trim_every": 3,
    "trimming_threshold": 0.3,
    "trim_method": "relevance",
    "soft_trim_relaxation": 2
  },
  "n_features": 7,
  "n_train": 282,
  "n_val": 49,
  "n_test": 83,
  "train_loss": 89.41073581241774,
  "train_quality": 0.5075437686681052,
  "val_loss": 19.765853068997952,
  "val_quality": 0.8635313670362628,
  "test_loss": 83.61261148119678,
  "test_quality": 0.6026825702633778,
  "best_epoch": 6,
  "n_parameters": 2100,
  "elbo_raw": -8147.174076716097,
  "elbo_relative": 17355278.393612467,
  "tau_mean": 0.010452236592869167,
  "success": true,
  "singular": false,
  "recovered_from_run": true,
  "run_id": "realstate-CPD-L3-d100-seed47659-fold0"
}