{
  "fold": 0,
  "seed": 19540,
  "model": "CPD",
  "dataset": "realstate",
  "params": {
    "model": "CPD",
    "L": 3,
    "bond_dim": 100,
    "init_strength": 0.1,
    "bond_prior_alpha": 5.0,
    "added_bias": true,
    "n_epochs": 100,
    "batch_size": 256,
    "patience": 100,
    "min_delta": 0.0001,
    "warmup_epochs": 5,
    "trim_every": 3,
    "trimming_threshold": 0.3,
    "trim_method": "relevance",
    "soft_trim_relaxation": 2
  },
  "n_features": 7,
  "n_train": 282,
  "n_val": 49,
  "n_test": 83,
  "train_loss": 48.966963041281986,
  "train_quality": 0.7203542435619499,
  "val_loss": 56.55945404691119,
  "val_quality": 0.7385279985177391,
  "test_loss": 46.50042145186176,
  "test_quality": 0.7585877372287667,
  "best_epoch": 1,
  "n_parameters": 2100,
  "elbo_raw": -6869.005170718133,
  "elbo_relative": 49577320.40389339,
  "tau_mean": 0.020374560963908685,
  "success": true,
  "singular": false,
  "recovered_from_run": true,
  "run_id": "realstate-CPD-L3-d100-seed19540-fold0"
}