{
  "fold": 1,
  "seed": 47659,
  "model": "CPD",
  "dataset": "realstate",
  "params": {
    "model": "CPD",
    "L": 3,
    "bond_dim": 100,
    "init_strength": 0.1,
    "bond_prior_alpha": 5.0,
    "added_bias": true,
    "n_epochs": 100,
    "batch_size": 256,
    "patience": 100,
    "min_delta": 0.0001,
    "warmup_epochs": 5,
    "trim_every": 3,
    "trimming_threshold": 0.3,
    "trim_method": "relevance",
    "soft_trim_relaxation": 2
  },
  "n_features": 7,
  "n_train": 282,
  "n_val": 49,
  "n_test": 83,
  "train_loss": 41.78568245993396,
  "train_quality": 0.7789661980851964,
  "val_loss": 52.349815966379865,
  "val_quality": 0.6568556890129478,
  "test_loss": 90.41875720292155,
  "test_quality": 0.5147460405737021,
  "best_epoch": 1,
  "n_parameters": 2100,
  "elbo_raw": -6770.649417459196,
  "elbo_relative": 15082457.018963322,
  "tau_mean": 0.02383994867645092,
  "success": true,
  "singular": false,
  "recovered_from_run": true,
  "run_id": "realstate-CPD-L3-d100-seed47659-fold1"
}