{
  "fold": 0,
  "seed": 42806,
  "model": "CPD",
  "dataset": "realstate",
  "params": {
    "model": "CPD",
    "L": 3,
    "bond_dim": 100,
    "init_strength": 0.1,
    "bond_prior_alpha": 5.0,
    "added_bias": true,
    "n_epochs": 100,
    "batch_size": 256,
    "patience": 100,
    "min_delta": 0.0001,
    "warmup_epochs": 5,
    "trim_every": 3,
    "trimming_threshold": 0.3,
    "trim_method": "relevance",
    "soft_trim_relaxation": 2
  },
  "n_features": 7,
  "n_train": 282,
  "n_val": 49,
  "n_test": 83,
  "train_loss": 59.418978874595425,
  "train_quality": 0.6645903844581262,
  "val_loss": 146.52179022376285,
  "val_quality": 0.4367833659391914,
  "test_loss": 35.73261433915955,
  "test_quality": 0.7708282837642971,
  "best_epoch": 7,
  "n_parameters": 2100,
  "elbo_raw": -14247.5383997103,
  "elbo_relative": 2779856.9785184795,
  "tau_mean": 0.012916655226502215,
  "success": true,
  "singular": false,
  "recovered_from_run": true,
  "run_id": "realstate-CPD-L3-d100-seed42806-fold0"
}