{
  "fold": 4,
  "seed": 9536,
  "model": "CPD",
  "dataset": "realstate",
  "params": {
    "model": "CPD",
    "L": 3,
    "bond_dim": 100,
    "init_strength": 0.1,
    "bond_prior_alpha": 5.0,
    "added_bias": true,
    "n_epochs": 100,
    "batch_size": 256,
    "patience": 100,
    "min_delta": 0.0001,
    "warmup_epochs": 5,
    "trim_every": 3,
    "trimming_threshold": 0.3,
    "trim_method": "relevance",
    "soft_trim_relaxation": 2
  },
  "n_features": 7,
  "n_train": 283,
  "n_val": 49,
  "n_test": 82,
  "train_loss": 35.8218532846882,
  "train_quality": 0.7875310402837195,
  "val_loss": 183.08840351193035,
  "val_quality": 0.38383720720367676,
  "test_loss": 26.131476150695296,
  "test_quality": 0.8439934865270741,
  "best_epoch": 1,
  "n_parameters": 2100,
  "elbo_raw": -6698.733388243218,
  "elbo_relative": 10864886.108885711,
  "tau_mean": 0.027751472239624018,
  "success": true,
  "singular": false,
  "recovered_from_run": true,
  "run_id": "realstate-CPD-L3-d100-seed9536-fold4"
}