{
  "fold": 2,
  "seed": 47659,
  "model": "CPD",
  "dataset": "realstate",
  "params": {
    "model": "CPD",
    "L": 3,
    "bond_dim": 100,
    "init_strength": 0.1,
    "bond_prior_alpha": 5.0,
    "added_bias": true,
    "n_epochs": 100,
    "batch_size": 256,
    "patience": 100,
    "min_delta": 0.0001,
    "warmup_epochs": 5,
    "trim_every": 3,
    "trimming_threshold": 0.3,
    "trim_method": "relevance",
    "soft_trim_relaxation": 2
  },
  "n_features": 7,
  "n_train": 282,
  "n_val": 49,
  "n_test": 83,
  "train_loss": 66.79303690905971,
  "train_quality": 0.6324494237526475,
  "val_loss": 65.30629018404498,
  "val_quality": 0.6461550016473794,
  "test_loss": 68.78283129638592,
  "test_quality": 0.6253253305302482,
  "best_epoch": 7,
  "n_parameters": 2100,
  "elbo_raw": -14262.71658492971,
  "elbo_relative": 14228942.801556168,
  "tau_mean": 0.01142466136475779,
  "success": true,
  "singular": false,
  "recovered_from_run": true,
  "run_id": "realstate-CPD-L3-d100-seed47659-fold2"
}