{
  "fold": 3,
  "seed": 42806,
  "model": "CPD",
  "dataset": "realstate",
  "params": {
    "model": "CPD",
    "L": 3,
    "bond_dim": 100,
    "init_strength": 0.1,
    "bond_prior_alpha": 5.0,
    "added_bias": true,
    "n_epochs": 100,
    "batch_size": 256,
    "patience": 100,
    "min_delta": 0.0001,
    "warmup_epochs": 5,
    "trim_every": 3,
    "trimming_threshold": 0.3,
    "trim_method": "relevance",
    "soft_trim_relaxation": 2
  },
  "n_features": 7,
  "n_train": 282,
  "n_val": 49,
  "n_test": 83,
  "train_loss": 73.31612245802668,
  "train_quality": 0.6223184862591469,
  "val_loss": 62.22631871215691,
  "val_quality": 0.5830369498319767,
  "test_loss": 50.54429272801104,
  "test_quality": 0.7065530493120609,
  "best_epoch": 100,
  "n_parameters": 21,
  "elbo_raw": -1101.4217046806054,
  "elbo_relative": 4116350.1088384497,
  "tau_mean": 0.013734964686017509,
  "success": true,
  "singular": false,
  "recovered_from_run": true,
  "run_id": "realstate-CPD-L3-d100-seed42806-fold3"
}