{
  "fold": 3,
  "seed": 47659,
  "model": "CPD",
  "dataset": "realstate",
  "params": {
    "model": "CPD",
    "L": 3,
    "bond_dim": 100,
    "init_strength": 0.1,
    "bond_prior_alpha": 5.0,
    "added_bias": true,
    "n_epochs": 100,
    "batch_size": 256,
    "patience": 100,
    "min_delta": 0.0001,
    "warmup_epochs": 5,
    "trim_every": 3,
    "trimming_threshold": 0.3,
    "trim_method": "relevance",
    "soft_trim_relaxation": 2
  },
  "n_features": 7,
  "n_train": 282,
  "n_val": 49,
  "n_test": 83,
  "train_loss": 54.81488037236896,
  "train_quality": 0.7259088276145134,
  "val_loss": 41.49111142061681,
  "val_quality": 0.7536001515079618,
  "test_loss": 31.953768393648684,
  "test_quality": 0.774392454055104,
  "best_epoch": 1,
  "n_parameters": 2100,
  "elbo_raw": -6914.478059352592,
  "elbo_relative": 15246945.695764933,
  "tau_mean": 0.01821971373841953,
  "success": true,
  "singular": false,
  "recovered_from_run": true,
  "run_id": "realstate-CPD-L3-d100-seed47659-fold3"
}