{
  "fold": 1,
  "seed": 19540,
  "model": "CPD",
  "dataset": "realstate",
  "params": {
    "model": "CPD",
    "L": 3,
    "bond_dim": 100,
    "init_strength": 0.1,
    "bond_prior_alpha": 5.0,
    "added_bias": true,
    "n_epochs": 100,
    "batch_size": 256,
    "patience": 100,
    "min_delta": 0.0001,
    "warmup_epochs": 5,
    "trim_every": 3,
    "trimming_threshold": 0.3,
    "trim_method": "relevance",
    "soft_trim_relaxation": 2
  },
  "n_features": 7,
  "n_train": 282,
  "n_val": 49,
  "n_test": 83,
  "train_loss": 58.01729291866565,
  "train_quality": 0.7076950222625547,
  "val_loss": 25.299589008121902,
  "val_quality": 0.8617700703422948,
  "test_loss": 27.579306891611605,
  "test_quality": 0.7923442754289687,
  "best_epoch": 1,
  "n_parameters": 2100,
  "elbo_raw": -6738.753696382707,
  "elbo_relative": 48334401.78583985,
  "tau_mean": 0.017219413203704643,
  "success": true,
  "singular": false,
  "recovered_from_run": true,
  "run_id": "realstate-CPD-L3-d100-seed19540-fold1"
}