{
  "fold": 2,
  "seed": 42806,
  "model": "CPD",
  "dataset": "realstate",
  "params": {
    "model": "CPD",
    "L": 3,
    "bond_dim": 100,
    "init_strength": 0.1,
    "bond_prior_alpha": 5.0,
    "added_bias": true,
    "n_epochs": 100,
    "batch_size": 256,
    "patience": 100,
    "min_delta": 0.0001,
    "warmup_epochs": 5,
    "trim_every": 3,
    "trimming_threshold": 0.3,
    "trim_method": "relevance",
    "soft_trim_relaxation": 2
  },
  "n_features": 7,
  "n_train": 282,
  "n_val": 49,
  "n_test": 83,
  "train_loss": 37.05139360544956,
  "train_quality": 0.7940915011734554,
  "val_loss": 41.480684740801784,
  "val_quality": 0.8076037037585122,
  "test_loss": 106.64259080285862,
  "test_quality": 0.4107162762487332,
  "best_epoch": 1,
  "n_parameters": 2100,
  "elbo_raw": -6729.290713297374,
  "elbo_relative": 4201929.494991463,
  "tau_mean": 0.026846389267614873,
  "success": true,
  "singular": false,
  "recovered_from_run": true,
  "run_id": "realstate-CPD-L3-d100-seed42806-fold2"
}