{
  "fold": 4,
  "seed": 19540,
  "model": "CPD",
  "dataset": "realstate",
  "params": {
    "model": "CPD",
    "L": 3,
    "bond_dim": 100,
    "init_strength": 0.1,
    "bond_prior_alpha": 5.0,
    "added_bias": true,
    "n_epochs": 100,
    "batch_size": 256,
    "patience": 100,
    "min_delta": 0.0001,
    "warmup_epochs": 5,
    "trim_every": 3,
    "trimming_threshold": 0.3,
    "trim_method": "relevance",
    "soft_trim_relaxation": 2
  },
  "n_features": 7,
  "n_train": 283,
  "n_val": 49,
  "n_test": 82,
  "train_loss": 45.173097908239654,
  "train_quality": 0.7764286361602409,
  "val_loss": 51.367763515634785,
  "val_quality": 0.6769805007600026,
  "test_loss": 62.44557547854972,
  "test_quality": 0.5471134607384944,
  "best_epoch": 1,
  "n_parameters": 2100,
  "elbo_raw": -6758.733394356188,
  "elbo_relative": 28233393.743650373,
  "tau_mean": 0.02207051162081937,
  "success": true,
  "singular": false,
  "recovered_from_run": true,
  "run_id": "realstate-CPD-L3-d100-seed19540-fold4"
}