{
  "fold": 2,
  "seed": 47659,
  "model": "LMPO2",
  "dataset": "bike",
  "params": {
    "model": "LMPO2",
    "L": 3,
    "bond_dim": 18,
    "init_strength": 0.1,
    "bond_prior_alpha": 5.0,
    "added_bias": true,
    "n_epochs": 100,
    "batch_size": 256,
    "patience": 100,
    "min_delta": 0.0001,
    "warmup_epochs": 5,
    "trim_every": 3,
    "trimming_threshold": 0.3,
    "trim_method": "relevance",
    "soft_trim_relaxation": 2
  },
  "n_features": 13,
  "n_train": 11818,
  "n_val": 2085,
  "n_test": 3476,
  "train_loss": 12364.307459878753,
  "train_quality": 0.6324427227802003,
  "val_loss": 12254.384131557932,
  "val_quality": 0.5942888374403822,
  "test_loss": 11110.610410576986,
  "test_quality": 0.6524146681442313,
  "best_epoch": 7,
  "n_parameters": 2394,
  "elbo_raw": -76687.05082670822,
  "elbo_relative": 2053299572.1804936,
  "tau_mean": 0.0001,
  "success": true,
  "singular": false,
  "recovered_from_run": true,
  "run_id": "bike-LMPO2-L3-d18-seed47659-fold2"
}