{
  "fold": 3,
  "seed": 9536,
  "model": "MPO2",
  "dataset": "ai4i",
  "params": {
    "model": "MPO2",
    "L": 3,
    "bond_dim": 18,
    "init_strength": 0.1,
    "bond_prior_alpha": 5.0,
    "added_bias": false,
    "n_epochs": 100,
    "batch_size": 256,
    "patience": 100,
    "min_delta": 0.0001,
    "warmup_epochs": 5,
    "trim_every": 3,
    "trimming_threshold": 0.3,
    "trim_method": "relevance",
    "soft_trim_relaxation": 2
  },
  "n_features": 9,
  "n_train": 6800,
  "n_val": 1200,
  "n_test": 2000,
  "train_loss": 0.019827852175414256,
  "train_quality": 0.40327152529401966,
  "val_loss": 0.023681036205370154,
  "val_quality": 0.32957116751075377,
  "test_loss": 0.018203940794133785,
  "test_quality": 0.3843728542130459,
  "best_epoch": 6,
  "n_parameters": 3240,
  "elbo_raw": -3600.9005534750636,
  "elbo_relative": 6793959.541267882,
  "tau_mean": 48.9920966410116,
  "success": true,
  "singular": false,
  "recovered_from_run": true,
  "run_id": "ai4i-MPO2-L3-d18-seed9536-fold3"
}