{
  "fold": 1,
  "seed": 9536,
  "model": "MPO2",
  "dataset": "ai4i",
  "params": {
    "model": "MPO2",
    "L": 3,
    "bond_dim": 18,
    "init_strength": 0.1,
    "bond_prior_alpha": 5.0,
    "added_bias": false,
    "n_epochs": 100,
    "batch_size": 256,
    "patience": 100,
    "min_delta": 0.0001,
    "warmup_epochs": 5,
    "trim_every": 3,
    "trimming_threshold": 0.3,
    "trim_method": "relevance",
    "soft_trim_relaxation": 2
  },
  "n_features": 9,
  "n_train": 6800,
  "n_val": 1200,
  "n_test": 2000,
  "train_loss": 0.020077697061621647,
  "train_quality": 0.34425123191934803,
  "val_loss": 0.018915058482813687,
  "val_quality": 0.4129809436368166,
  "test_loss": 0.023078465419303647,
  "test_quality": 0.4264224719330041,
  "best_epoch": 6,
  "n_parameters": 3240,
  "elbo_raw": -3629.1592676555124,
  "elbo_relative": 6618643.636515569,
  "tau_mean": 48.37968664981017,
  "success": true,
  "singular": false,
  "recovered_from_run": true,
  "run_id": "ai4i-MPO2-L3-d18-seed9536-fold1"
}