{
  "fold": 1,
  "seed": 42,
  "model": "MPO2",
  "dataset": "ai4i",
  "params": {
    "model": "MPO2",
    "L": 3,
    "bond_dim": 18,
    "init_strength": 0.1,
    "bond_prior_alpha": 5.0,
    "added_bias": false,
    "n_epochs": 100,
    "batch_size": 256,
    "patience": 100,
    "min_delta": 0.0001,
    "warmup_epochs": 5,
    "trim_every": 3,
    "trimming_threshold": 0.3,
    "trim_method": "relevance",
    "soft_trim_relaxation": 2
  },
  "n_features": 9,
  "n_train": 6800,
  "n_val": 1200,
  "n_test": 2000,
  "train_loss": 0.02023298018309498,
  "train_quality": 0.38086625394327844,
  "val_loss": 0.022528700865171128,
  "val_quality": 0.3172977283645191,
  "test_loss": 0.018916124437181957,
  "test_quality": 0.4240614895511522,
  "best_epoch": 6,
  "n_parameters": 3240,
  "elbo_raw": -3664.62413637148,
  "elbo_relative": 1994048.965816182,
  "tau_mean": 48.03112277515498,
  "success": true,
  "singular": false,
  "recovered_from_run": true,
  "run_id": "ai4i-MPO2-L3-d18-seed42-fold1"
}