{
  "fold": 3,
  "seed": 47659,
  "model": "MPO2",
  "dataset": "ai4i",
  "params": {
    "model": "MPO2",
    "L": 3,
    "bond_dim": 18,
    "init_strength": 0.1,
    "bond_prior_alpha": 5.0,
    "added_bias": false,
    "n_epochs": 100,
    "batch_size": 256,
    "patience": 100,
    "min_delta": 0.0001,
    "warmup_epochs": 5,
    "trim_every": 3,
    "trimming_threshold": 0.3,
    "trim_method": "relevance",
    "soft_trim_relaxation": 2
  },
  "n_features": 9,
  "n_train": 6800,
  "n_val": 1200,
  "n_test": 2000,
  "train_loss": 0.018403764084434112,
  "train_quality": 0.3962057357122347,
  "val_loss": 0.026504308764630596,
  "val_quality": 0.360657253064392,
  "test_loss": 0.02184960215209074,
  "test_quality": 0.3787034384602159,
  "best_epoch": 6,
  "n_parameters": 3240,
  "elbo_raw": -3358.6612606932204,
  "elbo_relative": 17959592.85194738,
  "tau_mean": 52.72073388222937,
  "success": true,
  "singular": false,
  "recovered_from_run": true,
  "run_id": "ai4i-MPO2-L3-d18-seed47659-fold3"
}