{
  "fold": 4,
  "seed": 9536,
  "model": "MPO2",
  "dataset": "ai4i",
  "params": {
    "model": "MPO2",
    "L": 3,
    "bond_dim": 18,
    "init_strength": 0.1,
    "bond_prior_alpha": 5.0,
    "added_bias": false,
    "n_epochs": 100,
    "batch_size": 256,
    "patience": 100,
    "min_delta": 0.0001,
    "warmup_epochs": 5,
    "trim_every": 3,
    "trimming_threshold": 0.3,
    "trim_method": "relevance",
    "soft_trim_relaxation": 2
  },
  "n_features": 9,
  "n_train": 6800,
  "n_val": 1200,
  "n_test": 2000,
  "train_loss": 0.020774171224310252,
  "train_quality": 0.39472218814689386,
  "val_loss": 0.017873663288747146,
  "val_quality": 0.417110355652779,
  "test_loss": 0.01930970590691156,
  "test_quality": 0.3255370407736162,
  "best_epoch": 6,
  "n_parameters": 3240,
  "elbo_raw": -3750.9667012132873,
  "elbo_relative": 6300238.683802636,
  "tau_mean": 46.78822283570363,
  "success": true,
  "singular": false,
  "recovered_from_run": true,
  "run_id": "ai4i-MPO2-L3-d18-seed9536-fold4"
}