{
  "fold": 1,
  "seed": 47659,
  "model": "MPO2",
  "dataset": "ai4i",
  "params": {
    "model": "MPO2",
    "L": 3,
    "bond_dim": 18,
    "init_strength": 0.1,
    "bond_prior_alpha": 5.0,
    "added_bias": false,
    "n_epochs": 100,
    "batch_size": 256,
    "patience": 100,
    "min_delta": 0.0001,
    "warmup_epochs": 5,
    "trim_every": 3,
    "trimming_threshold": 0.3,
    "trim_method": "relevance",
    "soft_trim_relaxation": 2
  },
  "n_features": 9,
  "n_train": 6800,
  "n_val": 1200,
  "n_test": 2000,
  "train_loss": 0.019692251299486683,
  "train_quality": 0.3791588569704697,
  "val_loss": 0.02567743147319149,
  "val_quality": 0.3690079809997483,
  "test_loss": 0.017714546844873492,
  "test_quality": 0.43662741101575064,
  "best_epoch": 6,
  "n_parameters": 3240,
  "elbo_raw": -3578.313706137169,
  "elbo_relative": 13652801.753269127,
  "tau_mean": 49.320955152840185,
  "success": true,
  "singular": false,
  "recovered_from_run": true,
  "run_id": "ai4i-MPO2-L3-d18-seed47659-fold1"
}