{
  "fold": 2,
  "seed": 47659,
  "model": "MPO2",
  "dataset": "ai4i",
  "params": {
    "model": "MPO2",
    "L": 3,
    "bond_dim": 18,
    "init_strength": 0.1,
    "bond_prior_alpha": 5.0,
    "added_bias": false,
    "n_epochs": 100,
    "batch_size": 256,
    "patience": 100,
    "min_delta": 0.0001,
    "warmup_epochs": 5,
    "trim_every": 3,
    "trimming_threshold": 0.3,
    "trim_method": "relevance",
    "soft_trim_relaxation": 2
  },
  "n_features": 9,
  "n_train": 6800,
  "n_val": 1200,
  "n_test": 2000,
  "train_loss": 0.020432664330263632,
  "train_quality": 0.39257582070089225,
  "val_loss": 0.01672953874327428,
  "val_quality": 0.4251017613995093,
  "test_loss": 0.021715330616597524,
  "test_quality": 0.3195032867475942,
  "best_epoch": 7,
  "n_parameters": 3240,
  "elbo_raw": -1575.064003127981,
  "elbo_relative": 15590010.019085856,
  "tau_mean": 47.455367798234114,
  "success": true,
  "singular": false,
  "recovered_from_run": true,
  "run_id": "ai4i-MPO2-L3-d18-seed47659-fold2"
}