{
  "fold": 1,
  "seed": 19540,
  "model": "MPO2",
  "dataset": "ai4i",
  "params": {
    "model": "MPO2",
    "L": 3,
    "bond_dim": 18,
    "init_strength": 0.1,
    "bond_prior_alpha": 5.0,
    "added_bias": false,
    "n_epochs": 100,
    "batch_size": 256,
    "patience": 100,
    "min_delta": 0.0001,
    "warmup_epochs": 5,
    "trim_every": 3,
    "trimming_threshold": 0.3,
    "trim_method": "relevance",
    "soft_trim_relaxation": 2
  },
  "n_features": 9,
  "n_train": 6800,
  "n_val": 1200,
  "n_test": 2000,
  "train_loss": 0.020270718299129777,
  "train_quality": 0.3924467183148801,
  "val_loss": 0.0223353664230482,
  "val_quality": 0.2716068563912173,
  "test_loss": 0.01997731937128009,
  "test_quality": 0.3739676170825079,
  "best_epoch": 7,
  "n_parameters": 3240,
  "elbo_raw": -1562.9329622193147,
  "elbo_relative": 1814562.6864291218,
  "tau_mean": 47.829416682907144,
  "success": true,
  "singular": false,
  "recovered_from_run": true,
  "run_id": "ai4i-MPO2-L3-d18-seed19540-fold1"
}