{
  "fold": 4,
  "seed": 42,
  "model": "MPO2",
  "dataset": "ai4i",
  "params": {
    "model": "MPO2",
    "L": 3,
    "bond_dim": 18,
    "init_strength": 0.1,
    "bond_prior_alpha": 5.0,
    "added_bias": false,
    "n_epochs": 100,
    "batch_size": 256,
    "patience": 100,
    "min_delta": 0.0001,
    "warmup_epochs": 5,
    "trim_every": 3,
    "trimming_threshold": 0.3,
    "trim_method": "relevance",
    "soft_trim_relaxation": 2
  },
  "n_features": 9,
  "n_train": 6800,
  "n_val": 1200,
  "n_test": 2000,
  "train_loss": 0.019446248875014553,
  "train_quality": 0.4049404089863854,
  "val_loss": 0.01640498761074138,
  "val_quality": 0.404117088097377,
  "test_loss": 0.023452303594297102,
  "test_quality": 0.35023920777705,
  "best_epoch": 6,
  "n_parameters": 3240,
  "elbo_raw": -3544.2214691955746,
  "elbo_relative": 2017255.5762855671,
  "tau_mean": 49.94484071416499,
  "success": true,
  "singular": false,
  "recovered_from_run": true,
  "run_id": "ai4i-MPO2-L3-d18-seed42-fold4"
}