{
  "fold": 3,
  "seed": 42806,
  "model": "MPO2",
  "dataset": "ai4i",
  "params": {
    "model": "MPO2",
    "L": 3,
    "bond_dim": 18,
    "init_strength": 0.1,
    "bond_prior_alpha": 5.0,
    "added_bias": false,
    "n_epochs": 100,
    "batch_size": 256,
    "patience": 100,
    "min_delta": 0.0001,
    "warmup_epochs": 5,
    "trim_every": 3,
    "trimming_threshold": 0.3,
    "trim_method": "relevance",
    "soft_trim_relaxation": 2
  },
  "n_features": 9,
  "n_train": 6800,
  "n_val": 1200,
  "n_test": 2000,
  "train_loss": 0.019017097568318188,
  "train_quality": 0.3844285472362249,
  "val_loss": 0.022634966259651553,
  "val_quality": 0.39852832732560317,
  "test_loss": 0.021849935629325884,
  "test_quality": 0.39463381806196685,
  "best_epoch": 6,
  "n_parameters": 3240,
  "elbo_raw": -3465.342517173147,
  "elbo_relative": 4786010.628429274,
  "tau_mean": 51.04677783602798,
  "success": true,
  "singular": false,
  "recovered_from_run": true,
  "run_id": "ai4i-MPO2-L3-d18-seed42806-fold3"
}