{
  "fold": 0,
  "seed": 47659,
  "model": "MPO2",
  "dataset": "ai4i",
  "params": {
    "model": "MPO2",
    "L": 3,
    "bond_dim": 18,
    "init_strength": 0.1,
    "bond_prior_alpha": 5.0,
    "added_bias": false,
    "n_epochs": 100,
    "batch_size": 256,
    "patience": 100,
    "min_delta": 0.0001,
    "warmup_epochs": 5,
    "trim_every": 3,
    "trimming_threshold": 0.3,
    "trim_method": "relevance",
    "soft_trim_relaxation": 2
  },
  "n_features": 9,
  "n_train": 6800,
  "n_val": 1200,
  "n_test": 2000,
  "train_loss": 0.01932359562499344,
  "train_quality": 0.41604036458812677,
  "val_loss": 0.022541673522771075,
  "val_quality": 0.2648788415438368,
  "test_loss": 0.020606865321333177,
  "test_quality": 0.37258356712540563,
  "best_epoch": 6,
  "n_parameters": 3240,
  "elbo_raw": -3519.5283806150746,
  "elbo_relative": 14944457.184312563,
  "tau_mean": 50.255169665641375,
  "success": true,
  "singular": false,
  "recovered_from_run": true,
  "run_id": "ai4i-MPO2-L3-d18-seed47659-fold0"
}