{
  "fold": 1,
  "seed": 42806,
  "model": "MPO2",
  "dataset": "ai4i",
  "params": {
    "model": "MPO2",
    "L": 3,
    "bond_dim": 18,
    "init_strength": 0.1,
    "bond_prior_alpha": 5.0,
    "added_bias": false,
    "n_epochs": 100,
    "batch_size": 256,
    "patience": 100,
    "min_delta": 0.0001,
    "warmup_epochs": 5,
    "trim_every": 3,
    "trimming_threshold": 0.3,
    "trim_method": "relevance",
    "soft_trim_relaxation": 2
  },
  "n_features": 9,
  "n_train": 6800,
  "n_val": 1200,
  "n_test": 2000,
  "train_loss": 0.020930627914215995,
  "train_quality": 0.34011633505172756,
  "val_loss": 0.019226481460314995,
  "val_quality": 0.5091024077935142,
  "test_loss": 0.0194798006338101,
  "test_quality": 0.3983584210202963,
  "best_epoch": 6,
  "n_parameters": 3240,
  "elbo_raw": -3766.38017959081,
  "elbo_relative": 5011959.013581058,
  "tau_mean": 46.43688967512758,
  "success": true,
  "singular": false,
  "recovered_from_run": true,
  "run_id": "ai4i-MPO2-L3-d18-seed42806-fold1"
}