{
  "fold": 4,
  "seed": 47659,
  "model": "MPO2",
  "dataset": "ai4i",
  "params": {
    "model": "MPO2",
    "L": 3,
    "bond_dim": 18,
    "init_strength": 0.1,
    "bond_prior_alpha": 5.0,
    "added_bias": false,
    "n_epochs": 100,
    "batch_size": 256,
    "patience": 100,
    "min_delta": 0.0001,
    "warmup_epochs": 5,
    "trim_every": 3,
    "trimming_threshold": 0.3,
    "trim_method": "relevance",
    "soft_trim_relaxation": 2
  },
  "n_features": 9,
  "n_train": 6800,
  "n_val": 1200,
  "n_test": 2000,
  "train_loss": 0.019518763269794542,
  "train_quality": 0.41974435793339615,
  "val_loss": 0.020608639367830195,
  "val_quality": 0.27219029577742526,
  "test_loss": 0.021558708544954768,
  "test_quality": 0.3341505032018973,
  "best_epoch": 6,
  "n_parameters": 3240,
  "elbo_raw": -3551.017750022836,
  "elbo_relative": 17734418.7961394,
  "tau_mean": 49.755551193720756,
  "success": true,
  "singular": false,
  "recovered_from_run": true,
  "run_id": "ai4i-MPO2-L3-d18-seed47659-fold4"
}