{
  "fold": 4,
  "seed": 19540,
  "model": "MPO2",
  "dataset": "ai4i",
  "params": {
    "model": "MPO2",
    "L": 3,
    "bond_dim": 18,
    "init_strength": 0.1,
    "bond_prior_alpha": 5.0,
    "added_bias": false,
    "n_epochs": 100,
    "batch_size": 256,
    "patience": 100,
    "min_delta": 0.0001,
    "warmup_epochs": 5,
    "trim_every": 3,
    "trimming_threshold": 0.3,
    "trim_method": "relevance",
    "soft_trim_relaxation": 2
  },
  "n_features": 9,
  "n_train": 6800,
  "n_val": 1200,
  "n_test": 2000,
  "train_loss": 0.01932559532925019,
  "train_quality": 0.4086324346340223,
  "val_loss": 0.026173015249457695,
  "val_quality": 0.3445366615787986,
  "test_loss": 0.018681856747351126,
  "test_quality": 0.34746699683542026,
  "best_epoch": 6,
  "n_parameters": 3240,
  "elbo_raw": -3519.707496949259,
  "elbo_relative": 1847570.378146291,
  "tau_mean": 50.24746487901446,
  "success": true,
  "singular": false,
  "recovered_from_run": true,
  "run_id": "ai4i-MPO2-L3-d18-seed19540-fold4"
}