{
  "fold": 2,
  "seed": 42806,
  "model": "MPO2",
  "dataset": "ai4i",
  "params": {
    "model": "MPO2",
    "L": 3,
    "bond_dim": 18,
    "init_strength": 0.1,
    "bond_prior_alpha": 5.0,
    "added_bias": false,
    "n_epochs": 100,
    "batch_size": 256,
    "patience": 100,
    "min_delta": 0.0001,
    "warmup_epochs": 5,
    "trim_every": 3,
    "trimming_threshold": 0.3,
    "trim_method": "relevance",
    "soft_trim_relaxation": 2
  },
  "n_features": 9,
  "n_train": 6800,
  "n_val": 1200,
  "n_test": 2000,
  "train_loss": 0.020634324350460507,
  "train_quality": 0.37900036840568607,
  "val_loss": 0.022176539249764933,
  "val_quality": 0.4224859570373716,
  "test_loss": 0.01754087869227074,
  "test_quality": 0.3664751129192245,
  "best_epoch": 6,
  "n_parameters": 3240,
  "elbo_raw": -3726.744613806394,
  "elbo_relative": 5308671.275002655,
  "tau_mean": 47.09989167135908,
  "success": true,
  "singular": false,
  "recovered_from_run": true,
  "run_id": "ai4i-MPO2-L3-d18-seed42806-fold2"
}