{
  "fold": 0,
  "seed": 19540,
  "model": "MPO2",
  "dataset": "ai4i",
  "params": {
    "model": "MPO2",
    "L": 3,
    "bond_dim": 18,
    "init_strength": 0.1,
    "bond_prior_alpha": 5.0,
    "added_bias": false,
    "n_epochs": 100,
    "batch_size": 256,
    "patience": 100,
    "min_delta": 0.0001,
    "warmup_epochs": 5,
    "trim_every": 3,
    "trimming_threshold": 0.3,
    "trim_method": "relevance",
    "soft_trim_relaxation": 2
  },
  "n_features": 9,
  "n_train": 6800,
  "n_val": 1200,
  "n_test": 2000,
  "train_loss": 0.019673622569662853,
  "train_quality": 0.41985811453299837,
  "val_loss": 0.019230773026031395,
  "val_quality": 0.35645666711242574,
  "test_loss": 0.020534990873994474,
  "test_quality": 0.32689264616386093,
  "best_epoch": 6,
  "n_parameters": 3240,
  "elbo_raw": -3583.099253409387,
  "elbo_relative": 1816222.5584321388,
  "tau_mean": 49.371188730827356,
  "success": true,
  "singular": false,
  "recovered_from_run": true,
  "run_id": "ai4i-MPO2-L3-d18-seed19540-fold0"
}