{
  "fold": 2,
  "seed": 19540,
  "model": "MPO2",
  "dataset": "ai4i",
  "params": {
    "model": "MPO2",
    "L": 3,
    "bond_dim": 18,
    "init_strength": 0.1,
    "bond_prior_alpha": 5.0,
    "added_bias": false,
    "n_epochs": 100,
    "batch_size": 256,
    "patience": 100,
    "min_delta": 0.0001,
    "warmup_epochs": 5,
    "trim_every": 3,
    "trimming_threshold": 0.3,
    "trim_method": "relevance",
    "soft_trim_relaxation": 2
  },
  "n_features": 9,
  "n_train": 6800,
  "n_val": 1200,
  "n_test": 2000,
  "train_loss": 0.019235412341598184,
  "train_quality": 0.3882595955762851,
  "val_loss": 0.022949891145536555,
  "val_quality": 0.3357350957855594,
  "test_loss": 0.02324318031695797,
  "test_quality": 0.35603309944358874,
  "best_epoch": 7,
  "n_parameters": 3240,
  "elbo_raw": -1393.0448202774107,
  "elbo_relative": 1786015.6081882073,
  "tau_mean": 50.364948699325424,
  "success": true,
  "singular": false,
  "recovered_from_run": true,
  "run_id": "ai4i-MPO2-L3-d18-seed19540-fold2"
}