{
  "fold": 2,
  "seed": 9536,
  "model": "MPO2",
  "dataset": "ai4i",
  "params": {
    "model": "MPO2",
    "L": 3,
    "bond_dim": 18,
    "init_strength": 0.1,
    "bond_prior_alpha": 5.0,
    "added_bias": false,
    "n_epochs": 100,
    "batch_size": 256,
    "patience": 100,
    "min_delta": 0.0001,
    "warmup_epochs": 5,
    "trim_every": 3,
    "trimming_threshold": 0.3,
    "trim_method": "relevance",
    "soft_trim_relaxation": 2
  },
  "n_features": 9,
  "n_train": 6800,
  "n_val": 1200,
  "n_test": 2000,
  "train_loss": 0.020236050147501673,
  "train_quality": 0.4104009242257406,
  "val_loss": 0.017493197381226448,
  "val_quality": 0.32603263514110437,
  "test_loss": 0.02067249915394168,
  "test_quality": 0.34255617876552,
  "best_epoch": 6,
  "n_parameters": 3240,
  "elbo_raw": -3671.414366258353,
  "elbo_relative": 7636226.619413654,
  "tau_mean": 48.022473501692374,
  "success": true,
  "singular": false,
  "recovered_from_run": true,
  "run_id": "ai4i-MPO2-L3-d18-seed9536-fold2"
}