{
  "fold": 3,
  "seed": 42,
  "model": "MPO2",
  "dataset": "ai4i",
  "params": {
    "model": "MPO2",
    "L": 3,
    "bond_dim": 18,
    "init_strength": 0.1,
    "bond_prior_alpha": 5.0,
    "added_bias": false,
    "n_epochs": 100,
    "batch_size": 256,
    "patience": 100,
    "min_delta": 0.0001,
    "warmup_epochs": 5,
    "trim_every": 3,
    "trimming_threshold": 0.3,
    "trim_method": "relevance",
    "soft_trim_relaxation": 2
  },
  "n_features": 9,
  "n_train": 6800,
  "n_val": 1200,
  "n_test": 2000,
  "train_loss": 0.02309009425420233,
  "train_quality": 0.33778046652183114,
  "val_loss": 0.018227941737845112,
  "val_quality": 0.3379014200762548,
  "test_loss": 0.020032967226337604,
  "test_quality": 0.30027446183296735,
  "best_epoch": 9,
  "n_parameters": 333,
  "elbo_raw": 2073.122541390906,
  "elbo_relative": 1925601.5992456751,
  "tau_mean": 42.751628766973376,
  "success": true,
  "singular": false,
  "recovered_from_run": true,
  "run_id": "ai4i-MPO2-L3-d18-seed42-fold3"
}