{
  "fold": 0,
  "seed": 9536,
  "model": "MPO2",
  "dataset": "ai4i",
  "params": {
    "model": "MPO2",
    "L": 3,
    "bond_dim": 18,
    "init_strength": 0.1,
    "bond_prior_alpha": 5.0,
    "added_bias": false,
    "n_epochs": 100,
    "batch_size": 256,
    "patience": 100,
    "min_delta": 0.0001,
    "warmup_epochs": 5,
    "trim_every": 3,
    "trimming_threshold": 0.3,
    "trim_method": "relevance",
    "soft_trim_relaxation": 2
  },
  "n_features": 9,
  "n_train": 6800,
  "n_val": 1200,
  "n_test": 2000,
  "train_loss": 0.019558677826579773,
  "train_quality": 0.40150005777178954,
  "val_loss": 0.019291462082061082,
  "val_quality": 0.3864770556291448,
  "test_loss": 0.022442475879496347,
  "test_quality": 0.3355299517543643,
  "best_epoch": 6,
  "n_parameters": 3240,
  "elbo_raw": -3553.7262864296267,
  "elbo_relative": 7816588.636025689,
  "tau_mean": 49.654102217877075,
  "success": true,
  "singular": false,
  "recovered_from_run": true,
  "run_id": "ai4i-MPO2-L3-d18-seed9536-fold0"
}