{
  "fold": 4,
  "seed": 42806,
  "model": "MPO2",
  "dataset": "ai4i",
  "params": {
    "model": "MPO2",
    "L": 3,
    "bond_dim": 18,
    "init_strength": 0.1,
    "bond_prior_alpha": 5.0,
    "added_bias": false,
    "n_epochs": 100,
    "batch_size": 256,
    "patience": 100,
    "min_delta": 0.0001,
    "warmup_epochs": 5,
    "trim_every": 3,
    "trimming_threshold": 0.3,
    "trim_method": "relevance",
    "soft_trim_relaxation": 2
  },
  "n_features": 9,
  "n_train": 6800,
  "n_val": 1200,
  "n_test": 2000,
  "train_loss": 0.01864421541607885,
  "train_quality": 0.3937966050980166,
  "val_loss": 0.030546947247318743,
  "val_quality": 0.3859138636045988,
  "test_loss": 0.01888827181065597,
  "test_quality": 0.3509184944791762,
  "best_epoch": 6,
  "n_parameters": 3240,
  "elbo_raw": -3398.789361418448,
  "elbo_relative": 4861008.526434629,
  "tau_mean": 52.05656268010631,
  "success": true,
  "singular": false,
  "recovered_from_run": true,
  "run_id": "ai4i-MPO2-L3-d18-seed42806-fold4"
}