{
  "fold": 0,
  "seed": 42806,
  "model": "MPO2",
  "dataset": "ai4i",
  "params": {
    "model": "MPO2",
    "L": 3,
    "bond_dim": 18,
    "init_strength": 0.1,
    "bond_prior_alpha": 5.0,
    "added_bias": false,
    "n_epochs": 100,
    "batch_size": 256,
    "patience": 100,
    "min_delta": 0.0001,
    "warmup_epochs": 5,
    "trim_every": 3,
    "trimming_threshold": 0.3,
    "trim_method": "relevance",
    "soft_trim_relaxation": 2
  },
  "n_features": 9,
  "n_train": 6800,
  "n_val": 1200,
  "n_test": 2000,
  "train_loss": 0.018619502226590572,
  "train_quality": 0.4129796096346432,
  "val_loss": 0.017627467476048778,
  "val_quality": 0.39424510391584966,
  "test_loss": 0.02609686201640362,
  "test_quality": 0.32039421832282233,
  "best_epoch": 7,
  "n_parameters": 3240,
  "elbo_raw": -1245.5222139010225,
  "elbo_relative": 4818251.679397774,
  "tau_mean": 51.997498585236336,
  "success": true,
  "singular": false,
  "recovered_from_run": true,
  "run_id": "ai4i-MPO2-L3-d18-seed42806-fold0"
}