{
  "fold": 0,
  "seed": 42,
  "model": "MPO2",
  "dataset": "ai4i",
  "params": {
    "model": "MPO2",
    "L": 3,
    "bond_dim": 18,
    "init_strength": 0.1,
    "bond_prior_alpha": 5.0,
    "added_bias": false,
    "n_epochs": 100,
    "batch_size": 256,
    "patience": 100,
    "min_delta": 0.0001,
    "warmup_epochs": 5,
    "trim_every": 3,
    "trimming_threshold": 0.3,
    "trim_method": "relevance",
    "soft_trim_relaxation": 2
  },
  "n_features": 9,
  "n_train": 6800,
  "n_val": 1200,
  "n_test": 2000,
  "train_loss": 0.020318128996046788,
  "train_quality": 0.4195505320508989,
  "val_loss": 0.017648366855377223,
  "val_quality": 0.2987210388878502,
  "test_loss": 0.019594829967831805,
  "test_quality": 0.3373352846124229,
  "best_epoch": 6,
  "n_parameters": 3240,
  "elbo_raw": -3685.7097085693654,
  "elbo_relative": 1880918.5838832157,
  "tau_mean": 47.820930182265506,
  "success": true,
  "singular": false,
  "recovered_from_run": true,
  "run_id": "ai4i-MPO2-L3-d18-seed42-fold0"
}