{
  "fold": 2,
  "seed": 47659,
  "model": "LMPO2",
  "dataset": "energy_efficiency",
  "params": {
    "model": "LMPO2",
    "L": 4,
    "bond_dim": 18,
    "init_strength": 0.01,
    "bond_prior_alpha": 1.0,
    "added_bias": false,
    "n_epochs": 100,
    "batch_size": 256,
    "patience": 100,
    "min_delta": 0.0001,
    "warmup_epochs": 5,
    "trim_every": 3,
    "trimming_threshold": 0.3,
    "trim_method": "relevance",
    "soft_trim_relaxation": 2
  },
  "n_features": 8,
  "n_train": 522,
  "n_val": 92,
  "n_test": 154,
  "train_loss": 0.18269551923134497,
  "train_quality": 0.9982187970948606,
  "val_loss": 0.46893489978844494,
  "val_quality": 0.9953183384585171,
  "test_loss": 0.33345350339896257,
  "test_quality": 0.9966334106531557,
  "best_epoch": 7,
  "n_parameters": 2864,
  "elbo_raw": -1834.9571907243535,
  "elbo_relative": 7534517.423319002,
  "tau_mean": 5.381696790933575,
  "success": true,
  "singular": false,
  "recovered_from_run": true,
  "run_id": "energy_efficiency-LMPO2-L4-d18-seed47659-fold2"
}