{
  "fold": 4,
  "seed": 47659,
  "model": "BTT",
  "dataset": "student_perf",
  "params": {
    "model": "BTT",
    "L": 3,
    "bond_dim": 18,
    "init_strength": 0.1,
    "bond_prior_alpha": 5.0,
    "added_bias": false,
    "n_epochs": 100,
    "batch_size": 256,
    "patience": 100,
    "min_delta": 0.0001,
    "warmup_epochs": 5,
    "trim_every": 3,
    "trimming_threshold": 0.3,
    "trim_method": "relevance",
    "soft_trim_relaxation": 2
  },
  "n_features": 50,
  "n_train": 442,
  "n_val": 78,
  "n_test": 129,
  "train_loss": 2.4512980884333726,
  "train_quality": 0.6526279828664688,
  "val_loss": 8.198652312536234,
  "val_quality": 0.04370014053929672,
  "test_loss": 8.357763481800378,
  "test_quality": 0.012821942957242705,
  "best_epoch": 3,
  "n_parameters": 8856,
  "elbo_raw": -21039.52675971734,
  "elbo_relative": 1223105724.5082815,
  "tau_mean": 0.25880724491043716,
  "success": true,
  "singular": false,
  "recovered_from_run": true,
  "run_id": "student_perf-BTT-L3-d18-seed47659-fold4"
}