{
  "fold": 3,
  "seed": 19540,
  "model": "BTT",
  "dataset": "student_perf",
  "params": {
    "model": "BTT",
    "L": 3,
    "bond_dim": 18,
    "init_strength": 0.1,
    "bond_prior_alpha": 5.0,
    "added_bias": false,
    "n_epochs": 100,
    "batch_size": 256,
    "patience": 100,
    "min_delta": 0.0001,
    "warmup_epochs": 5,
    "trim_every": 3,
    "trimming_threshold": 0.3,
    "trim_method": "relevance",
    "soft_trim_relaxation": 2
  },
  "n_features": 50,
  "n_train": 442,
  "n_val": 77,
  "n_test": 130,
  "train_loss": 3.121449976400847,
  "train_quality": 0.5717145471435945,
  "val_loss": 9.083431931701321,
  "val_quality": 0.027454711010957977,
  "test_loss": 6.024873279372838,
  "test_quality": 0.16249622934295527,
  "best_epoch": 3,
  "n_parameters": 8856,
  "elbo_raw": -20860.12411397443,
  "elbo_relative": 1294631071.1320474,
  "tau_mean": 0.21813298411655907,
  "success": true,
  "singular": false,
  "recovered_from_run": true,
  "run_id": "student_perf-BTT-L3-d18-seed19540-fold3"
}