{
  "fold": 2,
  "seed": 42806,
  "model": "BTT",
  "dataset": "student_perf",
  "params": {
    "model": "BTT",
    "L": 3,
    "bond_dim": 18,
    "init_strength": 0.1,
    "bond_prior_alpha": 5.0,
    "added_bias": false,
    "n_epochs": 100,
    "batch_size": 256,
    "patience": 100,
    "min_delta": 0.0001,
    "warmup_epochs": 5,
    "trim_every": 3,
    "trimming_threshold": 0.3,
    "trim_method": "relevance",
    "soft_trim_relaxation": 2
  },
  "n_features": 50,
  "n_train": 442,
  "n_val": 77,
  "n_test": 130,
  "train_loss": 2.9453861546844102,
  "train_quality": 0.5901295730406595,
  "val_loss": 9.524464079127762,
  "val_quality": -0.43202686831538273,
  "test_loss": 9.571215903820118,
  "test_quality": -0.059817255310832707,
  "best_epoch": 3,
  "n_parameters": 8856,
  "elbo_raw": -21038.937460647758,
  "elbo_relative": 1102329872.2298424,
  "tau_mean": 0.22660328347415343,
  "success": true,
  "singular": false,
  "recovered_from_run": true,
  "run_id": "student_perf-BTT-L3-d18-seed42806-fold2"
}