{
  "fold": 1,
  "seed": 19540,
  "model": "BTT",
  "dataset": "student_perf",
  "params": {
    "model": "BTT",
    "L": 3,
    "bond_dim": 18,
    "init_strength": 0.1,
    "bond_prior_alpha": 5.0,
    "added_bias": false,
    "n_epochs": 100,
    "batch_size": 256,
    "patience": 100,
    "min_delta": 0.0001,
    "warmup_epochs": 5,
    "trim_every": 3,
    "trimming_threshold": 0.3,
    "trim_method": "relevance",
    "soft_trim_relaxation": 2
  },
  "n_features": 50,
  "n_train": 442,
  "n_val": 77,
  "n_test": 130,
  "train_loss": 3.5888404144041397,
  "train_quality": 0.5313275614310435,
  "val_loss": 5.748547423094137,
  "val_quality": 0.11260316414483207,
  "test_loss": 6.0737265968129694,
  "test_quality": 0.19201842344034192,
  "best_epoch": 3,
  "n_parameters": 8856,
  "elbo_raw": -20965.551278702518,
  "elbo_relative": 1517587178.0038269,
  "tau_mean": 0.1909025583767326,
  "success": true,
  "singular": false,
  "recovered_from_run": true,
  "run_id": "student_perf-BTT-L3-d18-seed19540-fold1"
}