{
  "fold": 3,
  "seed": 42806,
  "model": "BTT",
  "dataset": "student_perf",
  "params": {
    "model": "BTT",
    "L": 3,
    "bond_dim": 18,
    "init_strength": 0.1,
    "bond_prior_alpha": 5.0,
    "added_bias": false,
    "n_epochs": 100,
    "batch_size": 256,
    "patience": 100,
    "min_delta": 0.0001,
    "warmup_epochs": 5,
    "trim_every": 3,
    "trimming_threshold": 0.3,
    "trim_method": "relevance",
    "soft_trim_relaxation": 2
  },
  "n_features": 50,
  "n_train": 442,
  "n_val": 77,
  "n_test": 130,
  "train_loss": 3.5790442827481947,
  "train_quality": 0.5229044778820924,
  "val_loss": 7.809625660595226,
  "val_quality": 0.07843184177873797,
  "test_loss": 5.488102723238033,
  "test_quality": 0.21442479970589745,
  "best_epoch": 3,
  "n_parameters": 8856,
  "elbo_raw": -20946.147233521056,
  "elbo_relative": 1226750199.045241,
  "tau_mean": 0.19073652348844383,
  "success": true,
  "singular": false,
  "recovered_from_run": true,
  "run_id": "student_perf-BTT-L3-d18-seed42806-fold3"
}