{
  "fold": 1,
  "seed": 42806,
  "model": "BTT",
  "dataset": "student_perf",
  "params": {
    "model": "BTT",
    "L": 3,
    "bond_dim": 18,
    "init_strength": 0.1,
    "bond_prior_alpha": 5.0,
    "added_bias": false,
    "n_epochs": 100,
    "batch_size": 256,
    "patience": 100,
    "min_delta": 0.0001,
    "warmup_epochs": 5,
    "trim_every": 3,
    "trimming_threshold": 0.3,
    "trim_method": "relevance",
    "soft_trim_relaxation": 2
  },
  "n_features": 50,
  "n_train": 442,
  "n_val": 77,
  "n_test": 130,
  "train_loss": 2.9270743129121706,
  "train_quality": 0.6207394097796348,
  "val_loss": 8.389498897110885,
  "val_quality": -0.06759398525434634,
  "test_loss": 7.005141154742334,
  "test_quality": -0.06458239751042028,
  "best_epoch": 3,
  "n_parameters": 8856,
  "elbo_raw": -21007.164249173205,
  "elbo_relative": 1200189681.4380574,
  "tau_mean": 0.22746058695682916,
  "success": true,
  "singular": false,
  "recovered_from_run": true,
  "run_id": "student_perf-BTT-L3-d18-seed42806-fold1"
}