{
  "fold": 3,
  "seed": 47659,
  "model": "BTT",
  "dataset": "student_perf",
  "params": {
    "model": "BTT",
    "L": 3,
    "bond_dim": 18,
    "init_strength": 0.1,
    "bond_prior_alpha": 5.0,
    "added_bias": false,
    "n_epochs": 100,
    "batch_size": 256,
    "patience": 100,
    "min_delta": 0.0001,
    "warmup_epochs": 5,
    "trim_every": 3,
    "trimming_threshold": 0.3,
    "trim_method": "relevance",
    "soft_trim_relaxation": 2
  },
  "n_features": 50,
  "n_train": 442,
  "n_val": 77,
  "n_test": 130,
  "train_loss": 4.3347580123536735,
  "train_quality": 0.38450649697945216,
  "val_loss": 10.77723000070311,
  "val_quality": -0.47857730179028635,
  "test_loss": 9.937148022724529,
  "test_quality": -0.08009699765921319,
  "best_epoch": 2,
  "n_parameters": 8856,
  "elbo_raw": -21823.480029600916,
  "elbo_relative": 877558682.7943606,
  "tau_mean": 0.19703323909939086,
  "success": true,
  "singular": false,
  "recovered_from_run": true,
  "run_id": "student_perf-BTT-L3-d18-seed47659-fold3"
}