{
  "fold": 4,
  "seed": 42806,
  "model": "BTT",
  "dataset": "abalone",
  "params": {
    "model": "BTT",
    "L": 3,
    "bond_dim": 18,
    "init_strength": 0.1,
    "bond_prior_alpha": 5.0,
    "added_bias": false,
    "n_epochs": 100,
    "batch_size": 256,
    "patience": 100,
    "min_delta": 0.0001,
    "warmup_epochs": 5,
    "trim_every": 3,
    "trimming_threshold": 0.3,
    "trim_method": "relevance",
    "soft_trim_relaxation": 2
  },
  "n_features": 11,
  "n_train": 2841,
  "n_val": 501,
  "n_test": 835,
  "train_loss": 4.245851160536617,
  "train_quality": 0.593653743344571,
  "val_loss": 5.072958448561316,
  "val_quality": 0.5439093076789892,
  "test_loss": 4.155057967927832,
  "test_quality": 0.5714909058344655,
  "best_epoch": 7,
  "n_parameters": 6750,
  "elbo_raw": -13357.337415691956,
  "elbo_relative": 6792984.109981714,
  "tau_mean": 0.21913075307842478,
  "success": true,
  "singular": false,
  "recovered_from_run": true,
  "run_id": "abalone-BTT-L3-d18-seed42806-fold4"
}