{
  "fold": 2,
  "seed": 19540,
  "model": "BTT",
  "dataset": "abalone",
  "params": {
    "model": "BTT",
    "L": 3,
    "bond_dim": 18,
    "init_strength": 0.1,
    "bond_prior_alpha": 5.0,
    "added_bias": false,
    "n_epochs": 100,
    "batch_size": 256,
    "patience": 100,
    "min_delta": 0.0001,
    "warmup_epochs": 5,
    "trim_every": 3,
    "trimming_threshold": 0.3,
    "trim_method": "relevance",
    "soft_trim_relaxation": 2
  },
  "n_features": 11,
  "n_train": 2841,
  "n_val": 501,
  "n_test": 835,
  "train_loss": 4.294202262540629,
  "train_quality": 0.5943370062118077,
  "val_loss": 5.099045085685185,
  "val_quality": 0.5660558207350621,
  "test_loss": 15.497917604588546,
  "test_quality": -0.7392449173041258,
  "best_epoch": 2,
  "n_parameters": 6750,
  "elbo_raw": -23532.105092457183,
  "elbo_relative": 1678906.8453692354,
  "tau_mean": 0.23079821252962987,
  "success": true,
  "singular": false,
  "recovered_from_run": true,
  "run_id": "abalone-BTT-L3-d18-seed19540-fold2"
}