{
  "fold": 3,
  "seed": 19540,
  "model": "BTT",
  "dataset": "abalone",
  "params": {
    "model": "BTT",
    "L": 3,
    "bond_dim": 18,
    "init_strength": 0.1,
    "bond_prior_alpha": 5.0,
    "added_bias": false,
    "n_epochs": 100,
    "batch_size": 256,
    "patience": 100,
    "min_delta": 0.0001,
    "warmup_epochs": 5,
    "trim_every": 3,
    "trimming_threshold": 0.3,
    "trim_method": "relevance",
    "soft_trim_relaxation": 2
  },
  "n_features": 11,
  "n_train": 2841,
  "n_val": 501,
  "n_test": 835,
  "train_loss": 4.312290970439819,
  "train_quality": 0.590136146953734,
  "val_loss": 4.199287953390084,
  "val_quality": 0.5929190184916657,
  "test_loss": 4.271331155580745,
  "test_quality": 0.5728635762749956,
  "best_epoch": 5,
  "n_parameters": 6750,
  "elbo_raw": -23168.681916410245,
  "elbo_relative": 1871434.2568199884,
  "tau_mean": 0.22903168571016164,
  "success": true,
  "singular": false,
  "recovered_from_run": true,
  "run_id": "abalone-BTT-L3-d18-seed19540-fold3"
}