{
  "fold": 4,
  "seed": 19540,
  "model": "BTT",
  "dataset": "abalone",
  "params": {
    "model": "BTT",
    "L": 3,
    "bond_dim": 18,
    "init_strength": 0.1,
    "bond_prior_alpha": 5.0,
    "added_bias": false,
    "n_epochs": 100,
    "batch_size": 256,
    "patience": 100,
    "min_delta": 0.0001,
    "warmup_epochs": 5,
    "trim_every": 3,
    "trimming_threshold": 0.3,
    "trim_method": "relevance",
    "soft_trim_relaxation": 2
  },
  "n_features": 11,
  "n_train": 2841,
  "n_val": 501,
  "n_test": 835,
  "train_loss": 4.1043576907054,
  "train_quality": 0.6011129027095871,
  "val_loss": 3.9218600457244115,
  "val_quality": 0.5465697183966769,
  "test_loss": 5.290489265974346,
  "test_quality": 0.551168519573239,
  "best_epoch": 3,
  "n_parameters": 6750,
  "elbo_raw": -23389.30150391014,
  "elbo_relative": 1769491.200304943,
  "tau_mean": 0.24084576446977804,
  "success": true,
  "singular": false,
  "recovered_from_run": true,
  "run_id": "abalone-BTT-L3-d18-seed19540-fold4"
}