{
  "fold": 1,
  "seed": 9536,
  "model": "BTT",
  "dataset": "abalone",
  "params": {
    "model": "BTT",
    "L": 3,
    "bond_dim": 18,
    "init_strength": 0.1,
    "bond_prior_alpha": 5.0,
    "added_bias": false,
    "n_epochs": 100,
    "batch_size": 256,
    "patience": 100,
    "min_delta": 0.0001,
    "warmup_epochs": 5,
    "trim_every": 3,
    "trimming_threshold": 0.3,
    "trim_method": "relevance",
    "soft_trim_relaxation": 2
  },
  "n_features": 11,
  "n_train": 2840,
  "n_val": 501,
  "n_test": 836,
  "train_loss": 4.200983432194811,
  "train_quality": 0.5953092863245472,
  "val_loss": 4.50896162226767,
  "val_quality": 0.5467236951851724,
  "test_loss": 4.799074728814171,
  "test_quality": 0.5511123265497645,
  "best_epoch": 2,
  "n_parameters": 6750,
  "elbo_raw": -23365.465724482958,
  "elbo_relative": 58457468.071106836,
  "tau_mean": 0.23571475364451117,
  "success": true,
  "singular": false,
  "recovered_from_run": true,
  "run_id": "abalone-BTT-L3-d18-seed9536-fold1"
}