{
  "fold": 4,
  "seed": 47659,
  "model": "BTT",
  "dataset": "abalone",
  "params": {
    "model": "BTT",
    "L": 3,
    "bond_dim": 18,
    "init_strength": 0.1,
    "bond_prior_alpha": 5.0,
    "added_bias": false,
    "n_epochs": 100,
    "batch_size": 256,
    "patience": 100,
    "min_delta": 0.0001,
    "warmup_epochs": 5,
    "trim_every": 3,
    "trimming_threshold": 0.3,
    "trim_method": "relevance",
    "soft_trim_relaxation": 2
  },
  "n_features": 11,
  "n_train": 2841,
  "n_val": 501,
  "n_test": 835,
  "train_loss": 4.343748272760646,
  "train_quality": 0.5891239016681799,
  "val_loss": 4.007319076955146,
  "val_quality": 0.5909159660565979,
  "test_loss": 4.191047079223742,
  "test_quality": 0.5859949953044571,
  "best_epoch": 2,
  "n_parameters": 6750,
  "elbo_raw": -23404.618465435364,
  "elbo_relative": 43885176.24639936,
  "tau_mean": 0.22811890869377996,
  "success": true,
  "singular": false,
  "recovered_from_run": true,
  "run_id": "abalone-BTT-L3-d18-seed47659-fold4"
}