{
  "fold": 1,
  "seed": 42806,
  "model": "BTT",
  "dataset": "abalone",
  "params": {
    "model": "BTT",
    "L": 3,
    "bond_dim": 18,
    "init_strength": 0.1,
    "bond_prior_alpha": 5.0,
    "added_bias": false,
    "n_epochs": 100,
    "batch_size": 256,
    "patience": 100,
    "min_delta": 0.0001,
    "warmup_epochs": 5,
    "trim_every": 3,
    "trimming_threshold": 0.3,
    "trim_method": "relevance",
    "soft_trim_relaxation": 2
  },
  "n_features": 11,
  "n_train": 2840,
  "n_val": 501,
  "n_test": 836,
  "train_loss": 4.238282013326375,
  "train_quality": 0.5892555494049513,
  "val_loss": 4.831400648081396,
  "val_quality": 0.5428655028388587,
  "test_loss": 4.612993505973823,
  "test_quality": 0.5621124485389416,
  "best_epoch": 4,
  "n_parameters": 6750,
  "elbo_raw": -22975.99803212684,
  "elbo_relative": 6716007.505411448,
  "tau_mean": 0.23306575921236497,
  "success": true,
  "singular": false,
  "recovered_from_run": true,
  "run_id": "abalone-BTT-L3-d18-seed42806-fold1"
}