{
  "fold": 0,
  "seed": 19540,
  "model": "BTT",
  "dataset": "abalone",
  "params": {
    "model": "BTT",
    "L": 3,
    "bond_dim": 18,
    "init_strength": 0.1,
    "bond_prior_alpha": 5.0,
    "added_bias": false,
    "n_epochs": 100,
    "batch_size": 256,
    "patience": 100,
    "min_delta": 0.0001,
    "warmup_epochs": 5,
    "trim_every": 3,
    "trimming_threshold": 0.3,
    "trim_method": "relevance",
    "soft_trim_relaxation": 2
  },
  "n_features": 11,
  "n_train": 2840,
  "n_val": 501,
  "n_test": 836,
  "train_loss": 4.048386813654661,
  "train_quality": 0.603278160122497,
  "val_loss": 4.388744476183308,
  "val_quality": 0.6323002256220784,
  "test_loss": 4.413254929968531,
  "test_quality": 0.5629602599087141,
  "best_epoch": 1,
  "n_parameters": 6750,
  "elbo_raw": -24705.834337913817,
  "elbo_relative": 1970803.7424963769,
  "tau_mean": 0.24710921711923076,
  "success": true,
  "singular": false,
  "recovered_from_run": true,
  "run_id": "abalone-BTT-L3-d18-seed19540-fold0"
}