{
  "fold": 2,
  "seed": 9536,
  "model": "BTT",
  "dataset": "abalone",
  "params": {
    "model": "BTT",
    "L": 3,
    "bond_dim": 18,
    "init_strength": 0.1,
    "bond_prior_alpha": 5.0,
    "added_bias": false,
    "n_epochs": 100,
    "batch_size": 256,
    "patience": 100,
    "min_delta": 0.0001,
    "warmup_epochs": 5,
    "trim_every": 3,
    "trimming_threshold": 0.3,
    "trim_method": "relevance",
    "soft_trim_relaxation": 2
  },
  "n_features": 11,
  "n_train": 2841,
  "n_val": 501,
  "n_test": 835,
  "train_loss": 4.122871842441702,
  "train_quality": 0.5915215485940977,
  "val_loss": 5.2205248815072105,
  "val_quality": 0.5636658051858376,
  "test_loss": 4.463163262949308,
  "test_quality": 0.572209903883559,
  "best_epoch": 7,
  "n_parameters": 6750,
  "elbo_raw": -13274.940395301755,
  "elbo_relative": 63360918.71406671,
  "tau_mean": 0.2260376162152907,
  "success": true,
  "singular": false,
  "recovered_from_run": true,
  "run_id": "abalone-BTT-L3-d18-seed9536-fold2"
}