{
  "fold": 0,
  "seed": 19540,
  "model": "MPO2",
  "dataset": "concrete",
  "params": {
    "model": "MPO2",
    "L": 3,
    "bond_dim": 18,
    "init_strength": 0.1,
    "bond_prior_alpha": 5.0,
    "added_bias": true,
    "n_epochs": 100,
    "batch_size": 256,
    "patience": 100,
    "min_delta": 0.0001,
    "warmup_epochs": 5,
    "trim_every": 3,
    "trimming_threshold": 0.3,
    "trim_method": "relevance",
    "soft_trim_relaxation": 2
  },
  "n_features": 9,
  "n_train": 701,
  "n_val": 123,
  "n_test": 206,
  "train_loss": 21.890249378210275,
  "train_quality": 0.9196807860889028,
  "val_loss": 34.48015272331183,
  "val_quality": 0.8927172479273308,
  "test_loss": 42.58425960030551,
  "test_quality": 0.8439437594232433,
  "best_epoch": 1,
  "n_parameters": 3240,
  "elbo_raw": -15255.516728844177,
  "elbo_relative": 2057186.794649874,
  "tau_mean": 0.045781553272244487,
  "success": true,
  "singular": false,
  "recovered_from_run": true,
  "run_id": "concrete-MPO2-L3-d18-seed19540-fold0"
}