{
  "fold": 3,
  "seed": 47659,
  "model": "MPO2",
  "dataset": "concrete",
  "params": {
    "model": "MPO2",
    "L": 3,
    "bond_dim": 18,
    "init_strength": 0.1,
    "bond_prior_alpha": 5.0,
    "added_bias": true,
    "n_epochs": 100,
    "batch_size": 256,
    "patience": 100,
    "min_delta": 0.0001,
    "warmup_epochs": 5,
    "trim_every": 3,
    "trimming_threshold": 0.3,
    "trim_method": "relevance",
    "soft_trim_relaxation": 2
  },
  "n_features": 9,
  "n_train": 701,
  "n_val": 123,
  "n_test": 206,
  "train_loss": 23.010796545078605,
  "train_quality": 0.9182872112634073,
  "val_loss": 51.58257071566555,
  "val_quality": 0.8146937153070974,
  "test_loss": 60.11833331450375,
  "test_quality": 0.7759841989485454,
  "best_epoch": 1,
  "n_parameters": 3240,
  "elbo_raw": -16871.67888791674,
  "elbo_relative": 2175162.609742783,
  "tau_mean": 0.043555331544283316,
  "success": true,
  "singular": false,
  "recovered_from_run": true,
  "run_id": "concrete-MPO2-L3-d18-seed47659-fold3"
}