{
  "fold": 0,
  "seed": 42,
  "model": "MPO2",
  "dataset": "concrete",
  "params": {
    "model": "MPO2",
    "L": 3,
    "bond_dim": 18,
    "init_strength": 0.1,
    "bond_prior_alpha": 5.0,
    "added_bias": true,
    "n_epochs": 100,
    "batch_size": 256,
    "patience": 100,
    "min_delta": 0.0001,
    "warmup_epochs": 5,
    "trim_every": 3,
    "trimming_threshold": 0.3,
    "trim_method": "relevance",
    "soft_trim_relaxation": 2
  },
  "n_features": 9,
  "n_train": 701,
  "n_val": 123,
  "n_test": 206,
  "train_loss": 22.316938155308694,
  "train_quality": 0.9212723242641206,
  "val_loss": 44.88537858851373,
  "val_quality": 0.8434969067988858,
  "test_loss": 46.08003879588667,
  "test_quality": 0.8211712427311298,
  "best_epoch": 1,
  "n_parameters": 3240,
  "elbo_raw": -15115.236830079284,
  "elbo_relative": 1306798.0811617393,
  "tau_mean": 0.044906246513157395,
  "success": true,
  "singular": false,
  "recovered_from_run": true,
  "run_id": "concrete-MPO2-L3-d18-seed42-fold0"
}