{
  "fold": 4,
  "seed": 42,
  "model": "MPO2",
  "dataset": "concrete",
  "params": {
    "model": "MPO2",
    "L": 3,
    "bond_dim": 18,
    "init_strength": 0.1,
    "bond_prior_alpha": 5.0,
    "added_bias": true,
    "n_epochs": 100,
    "batch_size": 256,
    "patience": 100,
    "min_delta": 0.0001,
    "warmup_epochs": 5,
    "trim_every": 3,
    "trimming_threshold": 0.3,
    "trim_method": "relevance",
    "soft_trim_relaxation": 2
  },
  "n_features": 9,
  "n_train": 701,
  "n_val": 123,
  "n_test": 206,
  "train_loss": 22.397140387862535,
  "train_quality": 0.9229835137280011,
  "val_loss": 48.700125556750685,
  "val_quality": 0.8249438890631384,
  "test_loss": 46.608675377010286,
  "test_quality": 0.8024361928516734,
  "best_epoch": 1,
  "n_parameters": 3240,
  "elbo_raw": -15494.584421064148,
  "elbo_relative": 1247948.8169518278,
  "tau_mean": 0.04474566489527944,
  "success": true,
  "singular": false,
  "recovered_from_run": true,
  "run_id": "concrete-MPO2-L3-d18-seed42-fold4"
}