{
  "fold": 1,
  "seed": 19540,
  "model": "MPO2",
  "dataset": "concrete",
  "params": {
    "model": "MPO2",
    "L": 3,
    "bond_dim": 18,
    "init_strength": 0.1,
    "bond_prior_alpha": 5.0,
    "added_bias": true,
    "n_epochs": 100,
    "batch_size": 256,
    "patience": 100,
    "min_delta": 0.0001,
    "warmup_epochs": 5,
    "trim_every": 3,
    "trimming_threshold": 0.3,
    "trim_method": "relevance",
    "soft_trim_relaxation": 2
  },
  "n_features": 9,
  "n_train": 701,
  "n_val": 123,
  "n_test": 206,
  "train_loss": 21.93773976399035,
  "train_quality": 0.9185077494389559,
  "val_loss": 44.087516930838234,
  "val_quality": 0.8462085554337307,
  "test_loss": 41.385367494699196,
  "test_quality": 0.8637189642390981,
  "best_epoch": 1,
  "n_parameters": 3240,
  "elbo_raw": -15064.688276629826,
  "elbo_relative": 2105194.87313806,
  "tau_mean": 0.04568204955404245,
  "success": true,
  "singular": false,
  "recovered_from_run": true,
  "run_id": "concrete-MPO2-L3-d18-seed19540-fold1"
}