{
  "fold": 2,
  "seed": 19540,
  "model": "MPO2",
  "dataset": "concrete",
  "params": {
    "model": "MPO2",
    "L": 3,
    "bond_dim": 18,
    "init_strength": 0.1,
    "bond_prior_alpha": 5.0,
    "added_bias": true,
    "n_epochs": 100,
    "batch_size": 256,
    "patience": 100,
    "min_delta": 0.0001,
    "warmup_epochs": 5,
    "trim_every": 3,
    "trimming_threshold": 0.3,
    "trim_method": "relevance",
    "soft_trim_relaxation": 2
  },
  "n_features": 9,
  "n_train": 701,
  "n_val": 123,
  "n_test": 206,
  "train_loss": 47.623518177611366,
  "train_quality": 0.8329898093134414,
  "val_loss": 69.4900850577296,
  "val_quality": 0.7746765685734376,
  "test_loss": 56.587671680637015,
  "test_quality": 0.7626098422022921,
  "best_epoch": 2,
  "n_parameters": 3240,
  "elbo_raw": -11758.563965223328,
  "elbo_relative": 1954717.6973930157,
  "tau_mean": 0.020574109027222325,
  "success": true,
  "singular": false,
  "recovered_from_run": true,
  "run_id": "concrete-MPO2-L3-d18-seed19540-fold2"
}