{
  "fold": 4,
  "seed": 47659,
  "model": "MPO2",
  "dataset": "concrete",
  "params": {
    "model": "MPO2",
    "L": 3,
    "bond_dim": 18,
    "init_strength": 0.1,
    "bond_prior_alpha": 5.0,
    "added_bias": true,
    "n_epochs": 100,
    "batch_size": 256,
    "patience": 100,
    "min_delta": 0.0001,
    "warmup_epochs": 5,
    "trim_every": 3,
    "trimming_threshold": 0.3,
    "trim_method": "relevance",
    "soft_trim_relaxation": 2
  },
  "n_features": 9,
  "n_train": 701,
  "n_val": 123,
  "n_test": 206,
  "train_loss": 22.77436303169932,
  "train_quality": 0.9171976337635029,
  "val_loss": 48.08800894099699,
  "val_quality": 0.8424150796686041,
  "test_loss": 42.03647707722889,
  "test_quality": 0.8395067891789891,
  "best_epoch": 1,
  "n_parameters": 3240,
  "elbo_raw": -16650.34973266483,
  "elbo_relative": 2255427.4005042715,
  "tau_mean": 0.0440070543957758,
  "success": true,
  "singular": false,
  "recovered_from_run": true,
  "run_id": "concrete-MPO2-L3-d18-seed47659-fold4"
}