{
  "fold": 0,
  "seed": 9536,
  "model": "MPO2",
  "dataset": "concrete",
  "params": {
    "model": "MPO2",
    "L": 3,
    "bond_dim": 18,
    "init_strength": 0.1,
    "bond_prior_alpha": 5.0,
    "added_bias": true,
    "n_epochs": 100,
    "batch_size": 256,
    "patience": 100,
    "min_delta": 0.0001,
    "warmup_epochs": 5,
    "trim_every": 3,
    "trimming_threshold": 0.3,
    "trim_method": "relevance",
    "soft_trim_relaxation": 2
  },
  "n_features": 9,
  "n_train": 701,
  "n_val": 123,
  "n_test": 206,
  "train_loss": 21.348166404488946,
  "train_quality": 0.9224970836988444,
  "val_loss": 43.41833591686987,
  "val_quality": 0.8376187204815491,
  "test_loss": 45.982534730571764,
  "test_quality": 0.8429497713316276,
  "best_epoch": 1,
  "n_parameters": 3240,
  "elbo_raw": -16583.70281853954,
  "elbo_relative": 2169209.0579819465,
  "tau_mean": 0.046944122992251036,
  "success": true,
  "singular": false,
  "recovered_from_run": true,
  "run_id": "concrete-MPO2-L3-d18-seed9536-fold0"
}