{
  "fold": 1,
  "seed": 42806,
  "model": "MPO2",
  "dataset": "concrete",
  "params": {
    "model": "MPO2",
    "L": 3,
    "bond_dim": 18,
    "init_strength": 0.1,
    "bond_prior_alpha": 5.0,
    "added_bias": true,
    "n_epochs": 100,
    "batch_size": 256,
    "patience": 100,
    "min_delta": 0.0001,
    "warmup_epochs": 5,
    "trim_every": 3,
    "trimming_threshold": 0.3,
    "trim_method": "relevance",
    "soft_trim_relaxation": 2
  },
  "n_features": 9,
  "n_train": 701,
  "n_val": 123,
  "n_test": 206,
  "train_loss": 26.055880580268575,
  "train_quality": 0.9081047106823417,
  "val_loss": 38.96638576553351,
  "val_quality": 0.8577687303789143,
  "test_loss": 45.341314281789444,
  "test_quality": 0.824113572426197,
  "best_epoch": 1,
  "n_parameters": 3240,
  "elbo_raw": -18151.380946342953,
  "elbo_relative": 1250692.1286187056,
  "tau_mean": 0.038466537713618215,
  "success": true,
  "singular": false,
  "recovered_from_run": true,
  "run_id": "concrete-MPO2-L3-d18-seed42806-fold1"
}