{
  "fold": 2,
  "seed": 42806,
  "model": "MPO2",
  "dataset": "concrete",
  "params": {
    "model": "MPO2",
    "L": 3,
    "bond_dim": 18,
    "init_strength": 0.1,
    "bond_prior_alpha": 5.0,
    "added_bias": true,
    "n_epochs": 100,
    "batch_size": 256,
    "patience": 100,
    "min_delta": 0.0001,
    "warmup_epochs": 5,
    "trim_every": 3,
    "trimming_threshold": 0.3,
    "trim_method": "relevance",
    "soft_trim_relaxation": 2
  },
  "n_features": 9,
  "n_train": 701,
  "n_val": 123,
  "n_test": 206,
  "train_loss": 23.837026158371565,
  "train_quality": 0.9143149748777287,
  "val_loss": 50.63860038184041,
  "val_quality": 0.8175133856314891,
  "test_loss": 55.32594024311195,
  "test_quality": 0.8024872550045355,
  "best_epoch": 1,
  "n_parameters": 3240,
  "elbo_raw": -17860.095015023035,
  "elbo_relative": 1230734.2687663005,
  "tau_mean": 0.04204511951597775,
  "success": true,
  "singular": false,
  "recovered_from_run": true,
  "run_id": "concrete-MPO2-L3-d18-seed42806-fold2"
}