{
  "fold": 3,
  "seed": 9536,
  "model": "MPO2",
  "dataset": "concrete",
  "params": {
    "model": "MPO2",
    "L": 3,
    "bond_dim": 18,
    "init_strength": 0.1,
    "bond_prior_alpha": 5.0,
    "added_bias": true,
    "n_epochs": 100,
    "batch_size": 256,
    "patience": 100,
    "min_delta": 0.0001,
    "warmup_epochs": 5,
    "trim_every": 3,
    "trimming_threshold": 0.3,
    "trim_method": "relevance",
    "soft_trim_relaxation": 2
  },
  "n_features": 9,
  "n_train": 701,
  "n_val": 123,
  "n_test": 206,
  "train_loss": 22.227296906117274,
  "train_quality": 0.9190710807613068,
  "val_loss": 54.32948855890624,
  "val_quality": 0.794681740000665,
  "test_loss": 47.18481571082208,
  "test_quality": 0.8430562355437969,
  "best_epoch": 1,
  "n_parameters": 3240,
  "elbo_raw": -16400.44516273174,
  "elbo_relative": 2097689.2248132457,
  "tau_mean": 0.04508829464017272,
  "success": true,
  "singular": false,
  "recovered_from_run": true,
  "run_id": "concrete-MPO2-L3-d18-seed9536-fold3"
}