{
  "fold": 3,
  "seed": 19540,
  "model": "MPO2",
  "dataset": "concrete",
  "params": {
    "model": "MPO2",
    "L": 3,
    "bond_dim": 18,
    "init_strength": 0.1,
    "bond_prior_alpha": 5.0,
    "added_bias": true,
    "n_epochs": 100,
    "batch_size": 256,
    "patience": 100,
    "min_delta": 0.0001,
    "warmup_epochs": 5,
    "trim_every": 3,
    "trimming_threshold": 0.3,
    "trim_method": "relevance",
    "soft_trim_relaxation": 2
  },
  "n_features": 9,
  "n_train": 701,
  "n_val": 123,
  "n_test": 206,
  "train_loss": 22.651149066268584,
  "train_quality": 0.9171362736731049,
  "val_loss": 44.23433202847863,
  "val_quality": 0.8272418768281192,
  "test_loss": 38.514086626549016,
  "test_quality": 0.8749015365801478,
  "best_epoch": 1,
  "n_parameters": 3240,
  "elbo_raw": -15238.072303636784,
  "elbo_relative": 2210254.2392216623,
  "tau_mean": 0.04424454466010519,
  "success": true,
  "singular": false,
  "recovered_from_run": true,
  "run_id": "concrete-MPO2-L3-d18-seed19540-fold3"
}