{
  "fold": 0,
  "seed": 47659,
  "model": "MPO2",
  "dataset": "concrete",
  "params": {
    "model": "MPO2",
    "L": 3,
    "bond_dim": 18,
    "init_strength": 0.1,
    "bond_prior_alpha": 5.0,
    "added_bias": true,
    "n_epochs": 100,
    "batch_size": 256,
    "patience": 100,
    "min_delta": 0.0001,
    "warmup_epochs": 5,
    "trim_every": 3,
    "trimming_threshold": 0.3,
    "trim_method": "relevance",
    "soft_trim_relaxation": 2
  },
  "n_features": 9,
  "n_train": 701,
  "n_val": 123,
  "n_test": 206,
  "train_loss": 23.90096819238846,
  "train_quality": 0.913830671594822,
  "val_loss": 45.59971045325788,
  "val_quality": 0.8358897338939872,
  "test_loss": 27.961010858487004,
  "test_quality": 0.8984321674828959,
  "best_epoch": 1,
  "n_parameters": 3240,
  "elbo_raw": -16768.360448674874,
  "elbo_relative": 2090074.084125984,
  "tau_mean": 0.04193398620346801,
  "success": true,
  "singular": false,
  "recovered_from_run": true,
  "run_id": "concrete-MPO2-L3-d18-seed47659-fold0"
}