{
  "fold": 1,
  "seed": 47659,
  "model": "MPO2",
  "dataset": "concrete",
  "params": {
    "model": "MPO2",
    "L": 3,
    "bond_dim": 18,
    "init_strength": 0.1,
    "bond_prior_alpha": 5.0,
    "added_bias": true,
    "n_epochs": 100,
    "batch_size": 256,
    "patience": 100,
    "min_delta": 0.0001,
    "warmup_epochs": 5,
    "trim_every": 3,
    "trimming_threshold": 0.3,
    "trim_method": "relevance",
    "soft_trim_relaxation": 2
  },
  "n_features": 9,
  "n_train": 701,
  "n_val": 123,
  "n_test": 206,
  "train_loss": 23.13367761591315,
  "train_quality": 0.9178467597487268,
  "val_loss": 55.04383024560669,
  "val_quality": 0.8029005497670929,
  "test_loss": 50.6416148061305,
  "test_quality": 0.810568185475128,
  "best_epoch": 1,
  "n_parameters": 3240,
  "elbo_raw": -16847.90805081336,
  "elbo_relative": 2160583.737995654,
  "tau_mean": 0.043324188047969545,
  "success": true,
  "singular": false,
  "recovered_from_run": true,
  "run_id": "concrete-MPO2-L3-d18-seed47659-fold1"
}