{
  "fold": 3,
  "seed": 42806,
  "model": "MPO2",
  "dataset": "concrete",
  "params": {
    "model": "MPO2",
    "L": 3,
    "bond_dim": 18,
    "init_strength": 0.1,
    "bond_prior_alpha": 5.0,
    "added_bias": true,
    "n_epochs": 100,
    "batch_size": 256,
    "patience": 100,
    "min_delta": 0.0001,
    "warmup_epochs": 5,
    "trim_every": 3,
    "trimming_threshold": 0.3,
    "trim_method": "relevance",
    "soft_trim_relaxation": 2
  },
  "n_features": 9,
  "n_train": 701,
  "n_val": 123,
  "n_test": 206,
  "train_loss": 26.075667235576503,
  "train_quality": 0.9050195507531547,
  "val_loss": 48.27920429946666,
  "val_quality": 0.830675440206389,
  "test_loss": 46.12272688179053,
  "test_quality": 0.839898568172673,
  "best_epoch": 1,
  "n_parameters": 3240,
  "elbo_raw": -17958.778230742766,
  "elbo_relative": 1299155.73107364,
  "tau_mean": 0.03843772929850196,
  "success": true,
  "singular": false,
  "recovered_from_run": true,
  "run_id": "concrete-MPO2-L3-d18-seed42806-fold3"
}