{
  "fold": 0,
  "seed": 42806,
  "model": "MPO2",
  "dataset": "concrete",
  "params": {
    "model": "MPO2",
    "L": 3,
    "bond_dim": 18,
    "init_strength": 0.1,
    "bond_prior_alpha": 5.0,
    "added_bias": true,
    "n_epochs": 100,
    "batch_size": 256,
    "patience": 100,
    "min_delta": 0.0001,
    "warmup_epochs": 5,
    "trim_every": 3,
    "trimming_threshold": 0.3,
    "trim_method": "relevance",
    "soft_trim_relaxation": 2
  },
  "n_features": 9,
  "n_train": 701,
  "n_val": 123,
  "n_test": 206,
  "train_loss": 25.504602514594183,
  "train_quality": 0.9115624067541812,
  "val_loss": 51.987765037489154,
  "val_quality": 0.7977836235527492,
  "test_loss": 32.71234780750741,
  "test_quality": 0.8707262611739105,
  "best_epoch": 1,
  "n_parameters": 3240,
  "elbo_raw": -18332.513842542645,
  "elbo_relative": 1244461.555025612,
  "tau_mean": 0.03929757535150517,
  "success": true,
  "singular": false,
  "recovered_from_run": true,
  "run_id": "concrete-MPO2-L3-d18-seed42806-fold0"
}