{
  "fold": 1,
  "seed": 9536,
  "model": "MPO2",
  "dataset": "concrete",
  "params": {
    "model": "MPO2",
    "L": 3,
    "bond_dim": 18,
    "init_strength": 0.1,
    "bond_prior_alpha": 5.0,
    "added_bias": true,
    "n_epochs": 100,
    "batch_size": 256,
    "patience": 100,
    "min_delta": 0.0001,
    "warmup_epochs": 5,
    "trim_every": 3,
    "trimming_threshold": 0.3,
    "trim_method": "relevance",
    "soft_trim_relaxation": 2
  },
  "n_features": 9,
  "n_train": 701,
  "n_val": 123,
  "n_test": 206,
  "train_loss": 24.151342823872415,
  "train_quality": 0.9169072529474367,
  "val_loss": 37.67630225352873,
  "val_quality": 0.8768313848162921,
  "test_loss": 45.60091074685448,
  "test_quality": 0.7910365876025558,
  "best_epoch": 1,
  "n_parameters": 3240,
  "elbo_raw": -16704.204041111156,
  "elbo_relative": 2547433.741591594,
  "tau_mean": 0.04149882957517673,
  "success": true,
  "singular": false,
  "recovered_from_run": true,
  "run_id": "concrete-MPO2-L3-d18-seed9536-fold1"
}