{
  "fold": 4,
  "seed": 9536,
  "model": "LMPO2",
  "dataset": "realstate",
  "params": {
    "model": "LMPO2",
    "L": 3,
    "bond_dim": 18,
    "init_strength": 0.1,
    "bond_prior_alpha": 5.0,
    "added_bias": true,
    "n_epochs": 100,
    "batch_size": 256,
    "patience": 100,
    "min_delta": 0.0001,
    "warmup_epochs": 5,
    "trim_every": 3,
    "trimming_threshold": 0.3,
    "trim_method": "relevance",
    "soft_trim_relaxation": 2
  },
  "n_features": 7,
  "n_train": 283,
  "n_val": 49,
  "n_test": 82,
  "train_loss": 54.681577926036155,
  "train_quality": 0.6756689866027752,
  "val_loss": 201.8783884314642,
  "val_quality": 0.32060169166832864,
  "test_loss": 33.071544409852784,
  "test_quality": 0.8025608538609523,
  "best_epoch": 39,
  "n_parameters": 24,
  "elbo_raw": -1145.3150915648123,
  "elbo_relative": 2744374.427725237,
  "tau_mean": 0.018414556378815082,
  "success": true,
  "singular": false,
  "recovered_from_run": true,
  "run_id": "realstate-LMPO2-L3-d18-seed9536-fold4"
}