{
  "fold": 4,
  "seed": 19540,
  "model": "LMPO2",
  "dataset": "realstate",
  "params": {
    "model": "LMPO2",
    "L": 3,
    "bond_dim": 18,
    "init_strength": 0.1,
    "bond_prior_alpha": 5.0,
    "added_bias": true,
    "n_epochs": 100,
    "batch_size": 256,
    "patience": 100,
    "min_delta": 0.0001,
    "warmup_epochs": 5,
    "trim_every": 3,
    "trimming_threshold": 0.3,
    "trim_method": "relevance",
    "soft_trim_relaxation": 2
  },
  "n_features": 7,
  "n_train": 283,
  "n_val": 49,
  "n_test": 82,
  "train_loss": 70.54475134730409,
  "train_quality": 0.6508588739587715,
  "val_loss": 60.23344206498005,
  "val_quality": 0.6212298343997542,
  "test_loss": 63.796482772781495,
  "test_quality": 0.5373160055199431,
  "best_epoch": 70,
  "n_parameters": 24,
  "elbo_raw": -1174.2499136268136,
  "elbo_relative": 690784.1589291162,
  "tau_mean": 0.014274148553969343,
  "success": true,
  "singular": false,
  "recovered_from_run": true,
  "run_id": "realstate-LMPO2-L3-d18-seed19540-fold4"
}