{
  "fold": 3,
  "seed": 19540,
  "model": "LMPO2",
  "dataset": "realstate",
  "params": {
    "model": "LMPO2",
    "L": 3,
    "bond_dim": 18,
    "init_strength": 0.1,
    "bond_prior_alpha": 5.0,
    "added_bias": true,
    "n_epochs": 100,
    "batch_size": 256,
    "patience": 100,
    "min_delta": 0.0001,
    "warmup_epochs": 5,
    "trim_every": 3,
    "trimming_threshold": 0.3,
    "trim_method": "relevance",
    "soft_trim_relaxation": 2
  },
  "n_features": 7,
  "n_train": 282,
  "n_val": 49,
  "n_test": 83,
  "train_loss": 51.43312439954202,
  "train_quality": 0.6626865178177258,
  "val_loss": 77.07701040514227,
  "val_quality": 0.662720525250345,
  "test_loss": 119.05136999570846,
  "test_quality": 0.5495070687868213,
  "best_epoch": 100,
  "n_parameters": 24,
  "elbo_raw": -1135.1088455573959,
  "elbo_relative": 664305.1167891298,
  "tau_mean": 0.019577915202991132,
  "success": true,
  "singular": false,
  "recovered_from_run": true,
  "run_id": "realstate-LMPO2-L3-d18-seed19540-fold3"
}