{
  "fold": 0,
  "seed": 42806,
  "model": "LMPO2",
  "dataset": "realstate",
  "params": {
    "model": "LMPO2",
    "L": 3,
    "bond_dim": 18,
    "init_strength": 0.1,
    "bond_prior_alpha": 5.0,
    "added_bias": true,
    "n_epochs": 100,
    "batch_size": 256,
    "patience": 100,
    "min_delta": 0.0001,
    "warmup_epochs": 5,
    "trim_every": 3,
    "trimming_threshold": 0.3,
    "trim_method": "relevance",
    "soft_trim_relaxation": 2
  },
  "n_features": 7,
  "n_train": 282,
  "n_val": 49,
  "n_test": 83,
  "train_loss": 60.375948189164475,
  "train_quality": 0.659188462110009,
  "val_loss": 154.1817210777363,
  "val_quality": 0.4073392780248616,
  "test_loss": 40.808919678162724,
  "test_quality": 0.7382713150624324,
  "best_epoch": 100,
  "n_parameters": 24,
  "elbo_raw": -1148.2209300574025,
  "elbo_relative": 268858.1923440893,
  "tau_mean": 0.016678394994928687,
  "success": true,
  "singular": false,
  "recovered_from_run": true,
  "run_id": "realstate-LMPO2-L3-d18-seed42806-fold0"
}