{
  "fold": 2,
  "seed": 47659,
  "model": "LMPO2",
  "dataset": "realstate",
  "params": {
    "model": "LMPO2",
    "L": 3,
    "bond_dim": 18,
    "init_strength": 0.1,
    "bond_prior_alpha": 5.0,
    "added_bias": true,
    "n_epochs": 100,
    "batch_size": 256,
    "patience": 100,
    "min_delta": 0.0001,
    "warmup_epochs": 5,
    "trim_every": 3,
    "trimming_threshold": 0.3,
    "trim_method": "relevance",
    "soft_trim_relaxation": 2
  },
  "n_features": 7,
  "n_train": 282,
  "n_val": 49,
  "n_test": 83,
  "train_loss": 67.91165557483924,
  "train_quality": 0.6262938579296994,
  "val_loss": 74.09025639428901,
  "val_quality": 0.5985613854668567,
  "test_loss": 73.45730176493424,
  "test_quality": 0.5998624985307535,
  "best_epoch": 78,
  "n_parameters": 24,
  "elbo_raw": -1163.4030513864732,
  "elbo_relative": 9414997.756870832,
  "tau_mean": 0.014827897032808278,
  "success": true,
  "singular": false,
  "recovered_from_run": true,
  "run_id": "realstate-LMPO2-L3-d18-seed47659-fold2"
}