{
  "fold": 3,
  "seed": 42806,
  "model": "LMPO2",
  "dataset": "realstate",
  "params": {
    "model": "LMPO2",
    "L": 3,
    "bond_dim": 18,
    "init_strength": 0.1,
    "bond_prior_alpha": 5.0,
    "added_bias": true,
    "n_epochs": 100,
    "batch_size": 256,
    "patience": 100,
    "min_delta": 0.0001,
    "warmup_epochs": 5,
    "trim_every": 3,
    "trimming_threshold": 0.3,
    "trim_method": "relevance",
    "soft_trim_relaxation": 2
  },
  "n_features": 7,
  "n_train": 282,
  "n_val": 49,
  "n_test": 83,
  "train_loss": 73.60568019847842,
  "train_quality": 0.6208268551954363,
  "val_loss": 63.040702774141245,
  "val_quality": 0.5775799652389468,
  "test_loss": 49.97792801611166,
  "test_quality": 0.7098412147747466,
  "best_epoch": 100,
  "n_parameters": 24,
  "elbo_raw": -1177.641129053705,
  "elbo_relative": 389927.9910537348,
  "tau_mean": 0.013680943751845195,
  "success": true,
  "singular": false,
  "recovered_from_run": true,
  "run_id": "realstate-LMPO2-L3-d18-seed42806-fold3"
}