{
  "fold": 3,
  "seed": 47659,
  "model": "LMPO2",
  "dataset": "realstate",
  "params": {
    "model": "LMPO2",
    "L": 3,
    "bond_dim": 18,
    "init_strength": 0.1,
    "bond_prior_alpha": 5.0,
    "added_bias": true,
    "n_epochs": 100,
    "batch_size": 256,
    "patience": 100,
    "min_delta": 0.0001,
    "warmup_epochs": 5,
    "trim_every": 3,
    "trimming_threshold": 0.3,
    "trim_method": "relevance",
    "soft_trim_relaxation": 2
  },
  "n_features": 7,
  "n_train": 282,
  "n_val": 49,
  "n_test": 83,
  "train_loss": 80.01285231056323,
  "train_quality": 0.5999112586449438,
  "val_loss": 62.250473672448656,
  "val_quality": 0.6303182354901367,
  "test_loss": 33.382002826285515,
  "test_quality": 0.7643084958373546,
  "best_epoch": 30,
  "n_parameters": 24,
  "elbo_raw": -1183.7714316120894,
  "elbo_relative": 8168667.180815992,
  "tau_mean": 0.012585514833323439,
  "success": true,
  "singular": false,
  "recovered_from_run": true,
  "run_id": "realstate-LMPO2-L3-d18-seed47659-fold3"
}