{
  "fold": 1,
  "seed": 19540,
  "model": "LMPO2",
  "dataset": "realstate",
  "params": {
    "model": "LMPO2",
    "L": 3,
    "bond_dim": 18,
    "init_strength": 0.1,
    "bond_prior_alpha": 5.0,
    "added_bias": true,
    "n_epochs": 100,
    "batch_size": 256,
    "patience": 100,
    "min_delta": 0.0001,
    "warmup_epochs": 5,
    "trim_every": 3,
    "trimming_threshold": 0.3,
    "trim_method": "relevance",
    "soft_trim_relaxation": 2
  },
  "n_features": 7,
  "n_train": 282,
  "n_val": 49,
  "n_test": 83,
  "train_loss": 83.44342929116796,
  "train_quality": 0.5795920748063073,
  "val_loss": 35.9665785687529,
  "val_quality": 0.8034886011788178,
  "test_loss": 36.50714548669948,
  "test_quality": 0.7251229779684416,
  "best_epoch": 100,
  "n_parameters": 24,
  "elbo_raw": -1191.2263250405545,
  "elbo_relative": 684373.5026378713,
  "tau_mean": 0.012068135472410013,
  "success": true,
  "singular": false,
  "recovered_from_run": true,
  "run_id": "realstate-LMPO2-L3-d18-seed19540-fold1"
}