{
  "fold": 4,
  "seed": 47659,
  "model": "LMPO2",
  "dataset": "realstate",
  "params": {
    "model": "LMPO2",
    "L": 3,
    "bond_dim": 18,
    "init_strength": 0.1,
    "bond_prior_alpha": 5.0,
    "added_bias": true,
    "n_epochs": 100,
    "batch_size": 256,
    "patience": 100,
    "min_delta": 0.0001,
    "warmup_epochs": 5,
    "trim_every": 3,
    "trimming_threshold": 0.3,
    "trim_method": "relevance",
    "soft_trim_relaxation": 2
  },
  "n_features": 7,
  "n_train": 283,
  "n_val": 49,
  "n_test": 82,
  "train_loss": 89.30449011165436,
  "train_quality": 0.5108418437836578,
  "val_loss": 66.52350150107023,
  "val_quality": 0.6126812247292115,
  "test_loss": 124.32545115536864,
  "test_quality": 0.371768696220138,
  "best_epoch": 10,
  "n_parameters": 72,
  "elbo_raw": -1382.3075553479505,
  "elbo_relative": 8695227.973266663,
  "tau_mean": 0.011239987309409198,
  "success": true,
  "singular": false,
  "recovered_from_run": true,
  "run_id": "realstate-LMPO2-L3-d18-seed47659-fold4"
}