{
  "fold": 1,
  "seed": 47659,
  "model": "LMPO2",
  "dataset": "realstate",
  "params": {
    "model": "LMPO2",
    "L": 3,
    "bond_dim": 18,
    "init_strength": 0.1,
    "bond_prior_alpha": 5.0,
    "added_bias": true,
    "n_epochs": 100,
    "batch_size": 256,
    "patience": 100,
    "min_delta": 0.0001,
    "warmup_epochs": 5,
    "trim_every": 3,
    "trimming_threshold": 0.3,
    "trim_method": "relevance",
    "soft_trim_relaxation": 2
  },
  "n_features": 7,
  "n_train": 282,
  "n_val": 49,
  "n_test": 83,
  "train_loss": 64.70568929314203,
  "train_quality": 0.6577261954810779,
  "val_loss": 60.268459611494464,
  "val_quality": 0.6049503008583854,
  "test_loss": 95.52141741636291,
  "test_quality": 0.4873613899903888,
  "best_epoch": 22,
  "n_parameters": 24,
  "elbo_raw": -1155.7514571602942,
  "elbo_relative": 9480690.061674919,
  "tau_mean": 0.015562492839383851,
  "success": true,
  "singular": false,
  "recovered_from_run": true,
  "run_id": "realstate-LMPO2-L3-d18-seed47659-fold1"
}