{
  "fold": 2,
  "seed": 19540,
  "model": "LMPO2",
  "dataset": "realstate",
  "params": {
    "model": "LMPO2",
    "L": 3,
    "bond_dim": 18,
    "init_strength": 0.1,
    "bond_prior_alpha": 5.0,
    "added_bias": true,
    "n_epochs": 100,
    "batch_size": 256,
    "patience": 100,
    "min_delta": 0.0001,
    "warmup_epochs": 5,
    "trim_every": 3,
    "trimming_threshold": 0.3,
    "trim_method": "relevance",
    "soft_trim_relaxation": 2
  },
  "n_features": 7,
  "n_train": 282,
  "n_val": 49,
  "n_test": 83,
  "train_loss": 41.00541076049873,
  "train_quality": 0.7356963642916279,
  "val_loss": 193.48646431417882,
  "val_quality": 0.39607618739576345,
  "test_loss": 89.50684234072159,
  "test_quality": 0.5326970912428264,
  "best_epoch": 30,
  "n_parameters": 24,
  "elbo_raw": -1104.8474605150445,
  "elbo_relative": 692204.6032079266,
  "tau_mean": 0.024555736078492308,
  "success": true,
  "singular": false,
  "recovered_from_run": true,
  "run_id": "realstate-LMPO2-L3-d18-seed19540-fold2"
}