{
  "fold": 2,
  "seed": 9536,
  "model": "LMPO2",
  "dataset": "realstate",
  "params": {
    "model": "LMPO2",
    "L": 3,
    "bond_dim": 18,
    "init_strength": 0.1,
    "bond_prior_alpha": 5.0,
    "added_bias": true,
    "n_epochs": 100,
    "batch_size": 256,
    "patience": 100,
    "min_delta": 0.0001,
    "warmup_epochs": 5,
    "trim_every": 3,
    "trimming_threshold": 0.3,
    "trim_method": "relevance",
    "soft_trim_relaxation": 2
  },
  "n_features": 7,
  "n_train": 282,
  "n_val": 49,
  "n_test": 83,
  "train_loss": 51.546925330547026,
  "train_quality": 0.6756228972777374,
  "val_loss": 35.72376607475236,
  "val_quality": 0.8054910876753166,
  "test_loss": 145.02161374142364,
  "test_quality": 0.4667539351064688,
  "best_epoch": 45,
  "n_parameters": 24,
  "elbo_raw": -1126.9231767850556,
  "elbo_relative": 3682154.8153228555,
  "tau_mean": 0.019534698687886782,
  "success": true,
  "singular": false,
  "recovered_from_run": true,
  "run_id": "realstate-LMPO2-L3-d18-seed9536-fold2"
}