{
  "experiment_name": "kfold_seoulBike",
  "run_name": "seoulBike-BTT-L3-d18-seed19540-fold1",
  "config": {
    "params": {
      "model": "BTT",
      "L": 3,
      "bond_dim": 18,
      "init_strength": 0.1,
      "bond_prior_alpha": 5.0,
      "added_bias": true,
      "n_epochs": 100,
      "batch_size": 256,
      "patience": 100,
      "min_delta": 0.0001,
      "warmup_epochs": 5,
      "trim_every": 3,
      "trimming_threshold": 0.3,
      "trim_method": "relevance",
      "soft_trim_relaxation": 2
    },
    "fold": 1,
    "seed": 19540
  },
  "hparams": {
    "seed": 19540,
    "fold": 1,
    "dataset": "seoulBike",
    "n_features": 18,
    "n_train": 5957,
    "n_val": 1051,
    "n_test": 1752,
    "L": 3,
    "bond_dim": 18,
    "model": "BTT",
    "init_strength": 0.1,
    "bond_prior_alpha": 5.0,
    "added_bias": true,
    "n_epochs": 100,
    "batch_size": 256,
    "patience": 100,
    "min_delta": 0.0001,
    "warmup_epochs": 5,
    "trim_every": 3,
    "trimming_threshold": 0.3,
    "trim_method": "relevance",
    "soft_trim_relaxation": 2
  },
  "metrics_log": [
    {
      "step": 0,
      "train_loss": 3459741.869201978,
      "train_quality": -7.417206461325238,
      "val_loss": 1683252.4007000444,
      "val_quality": -3.1325447085665585,
      "patience_counter": 0,
      "elbo_raw": -10305526533.833431,
      "elbo_relative": 0.0,
      "e_log_p_nodes": -63107.984539477955,
      "e_log_p_bonds": -535.0928264886039,
      "e_log_p_tau": -1.0,
      "h_nodes": -5298.807500668584,
      "h_bonds": 271.35147773421374,
      "h_tau": 1.0,
      "tau_mean": 1.0,
      "bond_mean_avg": 5.0,
      "n_parameters": 7128,
      "dim_x0": 18,
      "dim_b_leaf_0": 18,
      "dim_x1": 18,
      "dim_b_leaf_1": 18,
      "dim_x2": 18,
      "dim_b_leaf_2": 18,
      "dim_b_lvl0_0": 18
    },
    {
      "step": 1,
      "train_loss": 103878.83985777355,
      "train_quality": 0.7472731564660047,
      "val_loss": 202780.97075987532,
      "val_quality": 0.5021534338146804,
      "test_quality": 0.6079795147836182,
      "patience_counter": 0,
      "elbo_raw": -1010924.5813565392,
      "elbo_relative": 10304515609.252075,
      "e_log_p_nodes": -932044.2422594092,
      "e_log_p_bonds": -535.0928264886039,
      "e_log_p_tau": -0.0001,
      "h_nodes": -14756.88099157371,
      "h_bonds": 271.35147773421374,
      "h_tau": -11.791269113840826,
      "tau_mean": 0.0001,
      "bond_mean_avg": 5.0,
      "n_parameters": 7128,
      "dim_x0": 18,
      "dim_b_leaf_0": 18,
      "dim_x1": 18,
      "dim_b_leaf_1": 18,
      "dim_x2": 18,
      "dim_b_leaf_2": 18,
      "dim_b_lvl0_0": 18
    },
    {
      "step": 2,
      "train_loss": 116155.48741072048,
      "train_quality": 0.7174052989746846,
      "val_loss": 115367.23019102057,
      "val_quality": 0.7167624793111221,
      "test_quality": 0.6634383356882612,
      "patience_counter": 0,
      "elbo_raw": -96067.92332352135,
      "elbo_relative": 10305430465.910109,
      "e_log_p_nodes": -21028.640218875902,
      "e_log_p_bonds": -535.0928264886039,
      "e_log_p_tau": -0.0001,
      "h_nodes": -7255.042210379093,
      "h_bonds": 271.35147773421374,
      "h_tau": -11.791269113840826,
      "tau_mean": 0.0001,
      "bond_mean_avg": 5.0,
      "n_parameters": 7128,
      "dim_x0": 18,
      "dim_b_leaf_0": 18,
      "dim_x1": 18,
      "dim_b_leaf_1": 18,
      "dim_x2": 18,
      "dim_b_leaf_2": 18,
      "dim_b_lvl0_0": 18
    },
    {
      "step": 3,
      "train_loss": 114614.0102877903,
      "train_quality": 0.7211555588754632,
      "val_loss": 112653.05309347848,
      "val_quality": 0.7234260421837462,
      "test_quality": 0.655686440601748,
      "patience_counter": 0,
      "elbo_raw": -91457.79397347354,
      "elbo_relative": 10305435076.039457,
      "e_log_p_nodes": -17250.199226145756,
      "e_log_p_bonds": -535.0928264886039,
      "e_log_p_tau": -0.0001,
      "h_nodes": -6881.264530140612,
      "h_bonds": 271.35147773421374,
      "h_tau": -11.791269113840826,
      "tau_mean": 0.0001,
      "bond_mean_avg": 5.0,
      "n_parameters": 7128,
      "dim_x0": 18,
      "dim_b_leaf_0": 18,
      "dim_x1": 18,
      "dim_b_leaf_1": 18,
      "dim_x2": 18,
      "dim_b_leaf_2": 18,
      "dim_b_lvl0_0": 18
    },
    {
      "step": 4,
      "train_loss": 114122.19515048497,
      "train_quality": 0.7223520959895049,
      "val_loss": 111961.15835479488,
      "val_quality": 0.7251247095612843,
      "test_quality": 0.6680816005125311,
      "patience_counter": 0,
      "elbo_raw": -90609.83123227525,
      "elbo_relative": 10305435924.0022,
      "e_log_p_nodes": -16553.56832462324,
      "e_log_p_bonds": -535.0928264886039,
      "e_log_p_tau": -0.0001,
      "h_nodes": -6876.864210972707,
      "h_bonds": 271.35147773421374,
      "h_tau": -11.791269113840826,
      "tau_mean": 0.0001,
      "bond_mean_avg": 5.0,
      "n_parameters": 7128,
      "dim_x0": 18,
      "dim_b_leaf_0": 18,
      "dim_x1": 18,
      "dim_b_leaf_1": 18,
      "dim_x2": 18,
      "dim_b_leaf_2": 18,
      "dim_b_lvl0_0": 18
    },
    {
      "step": 5,
      "train_loss": 113946.53265523366,
      "train_quality": 0.7227794652979507,
      "val_loss": 111723.3090011604,
      "val_quality": 0.7257086523421705,
      "test_quality": 0.6775452172517242,
      "patience_counter": 0,
      "elbo_raw": -90100.92927258364,
      "elbo_relative": 10305436432.90416,
      "e_log_p_nodes": -16112.721523732138,
      "e_log_p_bonds": -535.0928264886039,
      "e_log_p_tau": -0.0001,
      "h_nodes": -6861.1301734945555,
      "h_bonds": 271.35147773421374,
      "h_tau": -11.791269113840826,
      "tau_mean": 0.0001,
      "bond_mean_avg": 5.0,
      "n_parameters": 7128,
      "dim_x0": 18,
      "dim_b_leaf_0": 18,
      "dim_x1": 18,
      "dim_b_leaf_1": 18,
      "dim_x2": 18,
      "dim_b_leaf_2": 18,
      "dim_b_lvl0_0": 18
    },
    {
      "step": 6,
      "train_loss": 113918.12589883448,
      "train_quality": 0.7228485760994348,
      "val_loss": 111864.70944320361,
      "val_quality": 0.7253615008108187,
      "test_quality": 0.6821134233153199,
      "patience_counter": 1,
      "elbo_raw": -82105.18949274633,
      "elbo_relative": 10305444428.643938,
      "e_log_p_nodes": -7267.1950556490665,
      "e_log_p_bonds": -1204.0255487590862,
      "e_log_p_tau": -0.0001,
      "h_nodes": -6842.196784412362,
      "h_bonds": 63.33159420378189,
      "h_tau": -11.791269113840826,
      "tau_mean": 0.0001,
      "bond_mean_avg": 2.6898181277386413,
      "n_parameters": 7128,
      "dim_x0": 18,
      "dim_b_leaf_0": 18,
      "dim_x1": 18,
      "dim_b_leaf_1": 18,
      "dim_x2": 18,
      "dim_b_leaf_2": 18,
      "dim_b_lvl0_0": 18
    },
    {
      "step": 7,
      "train_loss": 110067.73829873136,
      "train_quality": 0.7322161846122832,
      "val_loss": 108727.59364866723,
      "val_quality": 0.7330634184029042,
      "test_quality": 0.6212218289381247,
      "patience_counter": 0,
      "elbo_raw": -73345.40880753308,
      "elbo_relative": 10305453188.424623,
      "e_log_p_nodes": -7436.124622742585,
      "e_log_p_bonds": -1398.0795294334782,
      "e_log_p_tau": -0.0001,
      "h_nodes": 1250.8549745642604,
      "h_bonds": 46.60524153701292,
      "h_tau": -11.791269113840826,
      "tau_mean": 0.0001,
      "bond_mean_avg": 3.035189609274131,
      "n_parameters": 7128,
      "dim_x0": 18,
      "dim_b_leaf_0": 18,
      "dim_x1": 18,
      "dim_b_leaf_1": 18,
      "dim_x2": 18,
      "dim_b_leaf_2": 18,
      "dim_b_lvl0_0": 18
    },
    {
      "step": 8,
      "train_loss": 850685.7053957733,
      "train_quality": -1.0696333676668002,
      "val_loss": 811639.4795372376,
      "val_quality": -0.9926521031726327,
      "test_quality": -1.0967177997200137,
      "patience_counter": 1,
      "elbo_raw": -287520.9996938332,
      "elbo_relative": 10305459986.458456,
      "e_log_p_nodes": -4374.135987782452,
      "e_log_p_bonds": -1548.4442750943126,