{
  "experiment_name": "kfold_seoulBike",
  "run_name": "seoulBike-BTT-L3-d18-seed9536-fold1",
  "config": {
    "params": {
      "model": "BTT",
      "L": 3,
      "bond_dim": 18,
      "init_strength": 0.1,
      "bond_prior_alpha": 5.0,
      "added_bias": true,
      "n_epochs": 100,
      "batch_size": 256,
      "patience": 100,
      "min_delta": 0.0001,
      "warmup_epochs": 5,
      "trim_every": 3,
      "trimming_threshold": 0.3,
      "trim_method": "relevance",
      "soft_trim_relaxation": 2
    },
    "fold": 1,
    "seed": 9536
  },
  "hparams": {
    "seed": 9536,
    "fold": 1,
    "dataset": "seoulBike",
    "n_features": 18,
    "n_train": 5957,
    "n_val": 1051,
    "n_test": 1752,
    "L": 3,
    "bond_dim": 18,
    "model": "BTT",
    "init_strength": 0.1,
    "bond_prior_alpha": 5.0,
    "added_bias": true,
    "n_epochs": 100,
    "batch_size": 256,
    "patience": 100,
    "min_delta": 0.0001,
    "warmup_epochs": 5,
    "trim_every": 3,
    "trimming_threshold": 0.3,
    "trim_method": "relevance",
    "soft_trim_relaxation": 2
  },
  "metrics_log": [
    {
      "step": 0,
      "train_loss": 1454932.7158020542,
      "train_quality": -2.489520835700694,
      "val_loss": 2011945.3256252187,
      "val_quality": -3.7304724830484863,
      "patience_counter": 0,
      "elbo_raw": -4333874598.801874,
      "elbo_relative": 0.0,
      "e_log_p_nodes": -62865.25466339497,
      "e_log_p_bonds": -535.0928264886039,
      "e_log_p_tau": -1.0,
      "h_nodes": -5298.807500668584,
      "h_bonds": 271.35147773421374,
      "h_tau": 1.0,
      "tau_mean": 1.0,
      "bond_mean_avg": 5.0,
      "n_parameters": 7128,
      "dim_x0": 18,
      "dim_b_leaf_0": 18,
      "dim_x1": 18,
      "dim_b_leaf_1": 18,
      "dim_x2": 18,
      "dim_b_leaf_2": 18,
      "dim_b_lvl0_0": 18
    },
    {
      "step": 1,
      "train_loss": 101144.28767815662,
      "train_quality": 0.7574148306435834,
      "val_loss": 1108208.2103450862,
      "val_quality": -1.6056117816704396,
      "test_quality": -2.715314988371222,
      "patience_counter": 0,
      "elbo_raw": -1103988.1034241754,
      "elbo_relative": 4332770610.69845,
      "e_log_p_nodes": -1025864.2473031126,
      "e_log_p_bonds": -535.0928264886039,
      "e_log_p_tau": -0.0001,
      "h_nodes": -14814.884382205499,
      "h_bonds": 271.35147773421374,
      "h_tau": -11.791269113840826,
      "tau_mean": 0.0001,
      "bond_mean_avg": 5.0,
      "n_parameters": 7128,
      "dim_x0": 18,
      "dim_b_leaf_0": 18,
      "dim_x1": 18,
      "dim_b_leaf_1": 18,
      "dim_x2": 18,
      "dim_b_leaf_2": 18,
      "dim_b_lvl0_0": 18
    },
    {
      "step": 2,
      "train_loss": 114264.05403563898,
      "train_quality": 0.7259482909426584,
      "val_loss": 159737.26922984526,
      "val_quality": 0.6244267938174337,
      "test_quality": 0.29386699585017995,
      "patience_counter": 0,
      "elbo_raw": -96290.86903224116,
      "elbo_relative": 4333778307.932842,
      "e_log_p_nodes": -21599.467607408067,
      "e_log_p_bonds": -535.0928264886039,
      "e_log_p_tau": -0.0001,
      "h_nodes": -7472.562985807399,
      "h_bonds": 271.35147773421374,
      "h_tau": -11.791269113840826,
      "tau_mean": 0.0001,
      "bond_mean_avg": 5.0,
      "n_parameters": 7128,
      "dim_x0": 18,
      "dim_b_leaf_0": 18,
      "dim_x1": 18,
      "dim_b_leaf_1": 18,
      "dim_x2": 18,
      "dim_b_leaf_2": 18,
      "dim_b_lvl0_0": 18
    },
    {
      "step": 3,
      "train_loss": 111617.64396321887,
      "train_quality": 0.7322954594317714,
      "val_loss": 143634.6519753771,
      "val_quality": 0.6622871605267788,
      "test_quality": 0.39126758202045486,
      "patience_counter": 0,
      "elbo_raw": -90573.49609729,
      "elbo_relative": 4333784025.305777,
      "e_log_p_nodes": -17197.62666001445,
      "e_log_p_bonds": -535.0928264886039,
      "e_log_p_tau": -0.0001,
      "h_nodes": -6943.414563572464,
      "h_bonds": 271.35147773421374,
      "h_tau": -11.791269113840826,
      "tau_mean": 0.0001,
      "bond_mean_avg": 5.0,
      "n_parameters": 7128,
      "dim_x0": 18,
      "dim_b_leaf_0": 18,
      "dim_x1": 18,
      "dim_b_leaf_1": 18,
      "dim_x2": 18,
      "dim_b_leaf_2": 18,
      "dim_b_lvl0_0": 18
    },
    {
      "step": 4,
      "train_loss": 111110.00656687174,
      "train_quality": 0.7335129805255614,
      "val_loss": 140598.69067363985,
      "val_quality": 0.6694252925697086,
      "test_quality": 0.4316987925942186,
      "patience_counter": 0,
      "elbo_raw": -89690.52158161771,
      "elbo_relative": 4333784908.2802925,
      "e_log_p_nodes": -16497.9050152637,
      "e_log_p_bonds": -535.0928264886039,
      "e_log_p_tau": -0.0001,
      "h_nodes": -6911.446178632846,
      "h_bonds": 271.35147773421374,
      "h_tau": -11.791269113840826,
      "tau_mean": 0.0001,
      "bond_mean_avg": 5.0,
      "n_parameters": 7128,
      "dim_x0": 18,
      "dim_b_leaf_0": 18,
      "dim_x1": 18,
      "dim_b_leaf_1": 18,
      "dim_x2": 18,
      "dim_b_leaf_2": 18,
      "dim_b_lvl0_0": 18
    },
    {
      "step": 5,
      "train_loss": 110820.1229037738,
      "train_quality": 0.7342082395374201,
      "val_loss": 137422.83427119505,
      "val_quality": 0.6768923450440147,
      "test_quality": 0.43607927281545344,
      "patience_counter": 0,
      "elbo_raw": -89193.58247094224,
      "elbo_relative": 4333785405.219403,
      "e_log_p_nodes": -16108.057267831942,
      "e_log_p_bonds": -535.0928264886039,
      "e_log_p_tau": -0.0001,
      "h_nodes": -6890.563002262719,
      "h_bonds": 271.35147773421374,
      "h_tau": -11.791269113840826,
      "tau_mean": 0.0001,
      "bond_mean_avg": 5.0,
      "n_parameters": 7128,
      "dim_x0": 18,
      "dim_b_leaf_0": 18,
      "dim_x1": 18,
      "dim_b_leaf_1": 18,
      "dim_x2": 18,
      "dim_b_leaf_2": 18,
      "dim_b_lvl0_0": 18
    },
    {
      "step": 6,
      "train_loss": 110718.98801218926,
      "train_quality": 0.7344508021711196,
      "val_loss": 136449.11295828907,
      "val_quality": 0.6791817521259036,
      "test_quality": 0.4162269443910136,
      "patience_counter": 0,
      "elbo_raw": -81224.47815011832,
      "elbo_relative": 4333793374.323724,
      "e_log_p_nodes": -7266.2616415695375,
      "e_log_p_bonds": -1239.4847612089839,
      "e_log_p_tau": -0.0001,
      "h_nodes": -6875.557019012889,
      "h_bonds": 58.110775661493356,
      "h_tau": -11.791269113840826,
      "tau_mean": 0.0001,
      "bond_mean_avg": 2.5983248386061173,
      "n_parameters": 7128,
      "dim_x0": 18,
      "dim_b_leaf_0": 18,
      "dim_x1": 18,
      "dim_b_leaf_1": 18,
      "dim_x2": 18,
      "dim_b_leaf_2": 18,
      "dim_b_lvl0_0": 18
    },
    {
      "step": 7,
      "train_loss": 106185.84243791492,
      "train_quality": 0.7453231303282155,
      "val_loss": 132120.8107842134,
      "val_quality": 0.6893584274420786,
      "test_quality": 0.3306722277478016,
      "patience_counter": 0,
      "elbo_raw": -72252.49514769184,
      "elbo_relative": 4333802346.306726,
      "e_log_p_nodes": -7445.934420329397,
      "e_log_p_bonds": -1445.4128528132994,
      "e_log_p_tau": -0.0001,
      "h_nodes": 1249.4494078631712,
      "h_bonds": 39.637999936010736,
      "h_tau": -11.791269113840826,
      "tau_mean": 0.0001,
      "bond_mean_avg": 2.913190791582076,
      "n_parameters": 7128,
      "dim_x0": 18,
      "dim_b_leaf_0": 18,
      "dim_x1": 18,
      "dim_b_leaf_1": 18,
      "dim_x2": 18,
      "dim_b_leaf_2": 18,
      "dim_b_lvl0_0": 18
    },
    {
      "step": 8,
      "train_loss": 321699.7080269128,
      "train_quality": 0.22843316271164904,
      "val_loss": 520206.79827354796,
      "val_quality": -0.22310676805447693,
      "test_quality": -0.32143875969797664,
      "patience_counter": 1,
      "elbo_raw": -130195.88725346953,
      "elbo_relative": 4333808982.45088,
      "e_log_p_nodes": -3735.64098671604,
      "e_log_p_bonds": -1571.5890037719723,