{
  "experiment_name": "kfold_seoulBike",
  "run_name": "seoulBike-BTT-L3-d18-seed42806-fold2",
  "config": {
    "params": {
      "model": "BTT",
      "L": 3,
      "bond_dim": 18,
      "init_strength": 0.1,
      "bond_prior_alpha": 5.0,
      "added_bias": true,
      "n_epochs": 100,
      "batch_size": 256,
      "patience": 100,
      "min_delta": 0.0001,
      "warmup_epochs": 5,
      "trim_every": 3,
      "trimming_threshold": 0.3,
      "trim_method": "relevance",
      "soft_trim_relaxation": 2
    },
    "fold": 2,
    "seed": 42806
  },
  "hparams": {
    "seed": 42806,
    "fold": 2,
    "dataset": "seoulBike",
    "n_features": 18,
    "n_train": 5957,
    "n_val": 1051,
    "n_test": 1752,
    "L": 3,
    "bond_dim": 18,
    "model": "BTT",
    "init_strength": 0.1,
    "bond_prior_alpha": 5.0,
    "added_bias": true,
    "n_epochs": 100,
    "batch_size": 256,
    "patience": 100,
    "min_delta": 0.0001,
    "warmup_epochs": 5,
    "trim_every": 3,
    "trimming_threshold": 0.3,
    "trim_method": "relevance",
    "soft_trim_relaxation": 2
  },
  "metrics_log": [
    {
      "step": 0,
      "train_loss": 1813084.3353251289,
      "train_quality": -3.3832190297465736,
      "val_loss": 6368660.884380417,
      "val_quality": -14.76256521556547,
      "patience_counter": 0,
      "elbo_raw": -5400658091.134198,
      "elbo_relative": 0.0,
      "e_log_p_nodes": -62880.78938296791,
      "e_log_p_bonds": -535.0928264886039,
      "e_log_p_tau": -1.0,
      "h_nodes": -5298.807500668584,
      "h_bonds": 271.35147773421374,
      "h_tau": 1.0,
      "tau_mean": 1.0,
      "bond_mean_avg": 5.0,
      "n_parameters": 7128,
      "dim_x0": 18,
      "dim_b_leaf_0": 18,
      "dim_x1": 18,
      "dim_b_leaf_1": 18,
      "dim_x2": 18,
      "dim_b_leaf_2": 18,
      "dim_b_lvl0_0": 18
    },
    {
      "step": 1,
      "train_loss": 107368.87078123473,
      "train_quality": 0.7404305644026672,
      "val_loss": 251359.13550618727,
      "val_quality": 0.37788102744461183,
      "test_quality": 0.26726740197409793,
      "patience_counter": 0,
      "elbo_raw": -897125.5610395953,
      "elbo_relative": 5399760965.573158,
      "e_log_p_nodes": -817204.1455022005,
      "e_log_p_bonds": -535.0928264886039,
      "e_log_p_tau": -0.0001,
      "h_nodes": -14758.451721285537,
      "h_bonds": 271.35147773421374,
      "h_tau": -11.791269113840826,
      "tau_mean": 0.0001,
      "bond_mean_avg": 5.0,
      "n_parameters": 7128,
      "dim_x0": 18,
      "dim_b_leaf_0": 18,
      "dim_x1": 18,
      "dim_b_leaf_1": 18,
      "dim_x2": 18,
      "dim_b_leaf_2": 18,
      "dim_b_lvl0_0": 18
    },
    {
      "step": 2,
      "train_loss": 118129.61713330213,
      "train_quality": 0.7144159398947567,
      "val_loss": 198478.30187181282,
      "val_quality": 0.5087621661875465,
      "test_quality": 0.718369338456837,
      "patience_counter": 0,
      "elbo_raw": -96090.93010650872,
      "elbo_relative": 5400562000.204092,
      "e_log_p_nodes": -20349.468493868895,
      "e_log_p_bonds": -535.0928264886039,
      "e_log_p_tau": -0.0001,
      "h_nodes": -7371.056235443881,
      "h_bonds": 271.35147773421374,
      "h_tau": -11.791269113840826,
      "tau_mean": 0.0001,
      "bond_mean_avg": 5.0,
      "n_parameters": 7128,
      "dim_x0": 18,
      "dim_b_leaf_0": 18,
      "dim_x1": 18,
      "dim_b_leaf_1": 18,
      "dim_x2": 18,
      "dim_b_leaf_2": 18,
      "dim_b_lvl0_0": 18
    },
    {
      "step": 3,
      "train_loss": 116833.5402055621,
      "train_quality": 0.7175492685232161,
      "val_loss": 156500.9819997642,
      "val_quality": 0.6126568866115232,
      "test_quality": 0.7261959508218963,
      "patience_counter": 0,
      "elbo_raw": -91626.05274583658,
      "elbo_relative": 5400566465.081452,
      "e_log_p_nodes": -16739.17568225385,
      "e_log_p_bonds": -535.0928264886039,
      "e_log_p_tau": -0.0001,
      "h_nodes": -6900.381200173325,
      "h_bonds": 271.35147773421374,
      "h_tau": -11.791269113840826,
      "tau_mean": 0.0001,
      "bond_mean_avg": 5.0,
      "n_parameters": 7128,
      "dim_x0": 18,
      "dim_b_leaf_0": 18,
      "dim_x1": 18,
      "dim_b_leaf_1": 18,
      "dim_x2": 18,
      "dim_b_leaf_2": 18,
      "dim_b_lvl0_0": 18
    },
    {
      "step": 4,
      "train_loss": 116653.50669777667,
      "train_quality": 0.7179845082315641,
      "val_loss": 153088.83069566006,
      "val_quality": 0.6211020304859958,
      "test_quality": 0.7268510004384383,
      "patience_counter": 0,
      "elbo_raw": -90908.75883275429,
      "elbo_relative": 5400567182.375365,
      "e_log_p_nodes": -16093.136526449205,
      "e_log_p_bonds": -535.0928264886039,
      "e_log_p_tau": -0.0001,
      "h_nodes": -6883.022806027124,
      "h_bonds": 271.35147773421374,
      "h_tau": -11.791269113840826,
      "tau_mean": 0.0001,
      "bond_mean_avg": 5.0,
      "n_parameters": 7128,
      "dim_x0": 18,
      "dim_b_leaf_0": 18,
      "dim_x1": 18,
      "dim_b_leaf_1": 18,
      "dim_x2": 18,
      "dim_b_leaf_2": 18,
      "dim_b_lvl0_0": 18
    },
    {
      "step": 5,
      "train_loss": 116511.86116852074,
      "train_quality": 0.7183269431460446,
      "val_loss": 151536.02173302614,
      "val_quality": 0.6249452642497626,
      "test_quality": 0.7275764986857016,
      "patience_counter": 0,
      "elbo_raw": -90582.15430381746,
      "elbo_relative": 5400567508.979895,
      "e_log_p_nodes": -15807.186912472236,
      "e_log_p_bonds": -535.0928264886039,
      "e_log_p_tau": -0.0001,
      "h_nodes": -6884.680609401053,
      "h_bonds": 271.35147773421374,
      "h_tau": -11.791269113840826,
      "tau_mean": 0.0001,
      "bond_mean_avg": 5.0,
      "n_parameters": 7128,
      "dim_x0": 18,
      "dim_b_leaf_0": 18,
      "dim_x1": 18,
      "dim_b_leaf_1": 18,
      "dim_x2": 18,
      "dim_b_leaf_2": 18,
      "dim_b_lvl0_0": 18
    },
    {
      "step": 6,
      "train_loss": 116413.63587679343,
      "train_quality": 0.7185644075372553,
      "val_loss": 151852.89883386224,
      "val_quality": 0.624160986980502,
      "test_quality": 0.7280371355419392,
      "patience_counter": 1,
      "elbo_raw": -82929.59798753967,
      "elbo_relative": 5400575161.536211,
      "e_log_p_nodes": -7258.6392844175525,
      "e_log_p_bonds": -1243.4955972060288,
      "e_log_p_tau": -0.0001,
      "h_nodes": -6886.969926743136,
      "h_bonds": 56.80973318053296,
      "h_tau": -11.791269113840826,
      "tau_mean": 0.0001,
      "bond_mean_avg": 2.5372252645458007,
      "n_parameters": 7128,
      "dim_x0": 18,
      "dim_b_leaf_0": 18,
      "dim_x1": 18,
      "dim_b_leaf_1": 18,
      "dim_x2": 18,
      "dim_b_leaf_2": 18,
      "dim_b_lvl0_0": 18
    },
    {
      "step": 7,
      "train_loss": 112459.81838500926,
      "train_quality": 0.7281229524612152,
      "val_loss": 201190.85620069806,
      "val_quality": 0.5020485390552429,
      "test_quality": 0.7320898310089612,
      "patience_counter": 2,
      "elbo_raw": -74139.42908254133,
      "elbo_relative": 5400583951.705115,
      "e_log_p_nodes": -7442.167382206116,
      "e_log_p_bonds": -1428.9407510802982,
      "e_log_p_tau": -0.0001,
      "h_nodes": 1211.4010289799025,
      "h_bonds": 40.52573393472939,
      "h_tau": -11.791269113840826,
      "tau_mean": 0.0001,
      "bond_mean_avg": 2.8458693967841944,
      "n_parameters": 7128,
      "dim_x0": 18,
      "dim_b_leaf_0": 18,
      "dim_x1": 18,
      "dim_b_leaf_1": 18,
      "dim_x2": 18,
      "dim_b_leaf_2": 18,
      "dim_b_lvl0_0": 18
    },
    {
      "step": 8,
      "train_loss": 502637.615575387,
      "train_quality": -0.21515073443144517,
      "val_loss": 503681.12196976494,
      "val_quality": -0.24662102081291626,
      "test_quality": -0.0855200046865876,
      "patience_counter": 3,
      "elbo_raw": -184124.35853317557,
      "elbo_relative": 5400590879.973459,
      "e_log_p_nodes": -4557.725724385476,
      "e_log_p_bonds": -1583.472150129294,