{
  "experiment_name": "kfold_seoulBike",
  "run_name": "seoulBike-BTT-L3-d18-seed42-fold1",
  "config": {
    "params": {
      "model": "BTT",
      "L": 3,
      "bond_dim": 18,
      "init_strength": 0.1,
      "bond_prior_alpha": 5.0,
      "added_bias": true,
      "n_epochs": 100,
      "batch_size": 256,
      "patience": 100,
      "min_delta": 0.0001,
      "warmup_epochs": 5,
      "trim_every": 3,
      "trimming_threshold": 0.3,
      "trim_method": "relevance",
      "soft_trim_relaxation": 2
    },
    "fold": 1,
    "seed": 42
  },
  "hparams": {
    "seed": 42,
    "fold": 1,
    "dataset": "seoulBike",
    "n_features": 18,
    "n_train": 5957,
    "n_val": 1051,
    "n_test": 1752,
    "L": 3,
    "bond_dim": 18,
    "model": "BTT",
    "init_strength": 0.1,
    "bond_prior_alpha": 5.0,
    "added_bias": true,
    "n_epochs": 100,
    "batch_size": 256,
    "patience": 100,
    "min_delta": 0.0001,
    "warmup_epochs": 5,
    "trim_every": 3,
    "trimming_threshold": 0.3,
    "trim_method": "relevance",
    "soft_trim_relaxation": 2
  },
  "metrics_log": [
    {
      "step": 0,
      "train_loss": 986360.0797516725,
      "train_quality": -1.391200459527099,
      "val_loss": 973832.9593722397,
      "val_quality": -1.2164794878980998,
      "patience_counter": 0,
      "elbo_raw": -2938392410.388855,
      "elbo_relative": 0.0,
      "e_log_p_nodes": -62763.19238978982,
      "e_log_p_bonds": -535.0928264886039,
      "e_log_p_tau": -1.0,
      "h_nodes": -5298.807500668584,
      "h_bonds": 271.35147773421374,
      "h_tau": 1.0,
      "tau_mean": 1.0,
      "bond_mean_avg": 5.0,
      "n_parameters": 7128,
      "dim_x0": 18,
      "dim_b_leaf_0": 18,
      "dim_x1": 18,
      "dim_b_leaf_1": 18,
      "dim_x2": 18,
      "dim_b_leaf_2": 18,
      "dim_b_lvl0_0": 18
    },
    {
      "step": 1,
      "train_loss": 104339.20532155751,
      "train_quality": 0.7470538793759637,
      "val_loss": 477609.07252943027,
      "val_quality": -0.08705574432182739,
      "test_quality": 0.23721418327328803,
      "patience_counter": 0,
      "elbo_raw": -1328257.123736901,
      "elbo_relative": 2937064153.265118,
      "e_log_p_nodes": -1249202.7064407286,
      "e_log_p_bonds": -535.0928264886039,
      "e_log_p_tau": -0.0001,
      "h_nodes": -14793.839337227917,
      "h_bonds": 271.35147773421374,
      "h_tau": -11.791269113840826,
      "tau_mean": 0.0001,
      "bond_mean_avg": 5.0,
      "n_parameters": 7128,
      "dim_x0": 18,
      "dim_b_leaf_0": 18,
      "dim_x1": 18,
      "dim_b_leaf_1": 18,
      "dim_x2": 18,
      "dim_b_leaf_2": 18,
      "dim_b_lvl0_0": 18
    },
    {
      "step": 2,
      "train_loss": 119327.06414712404,
      "train_quality": 0.7107193037511625,
      "val_loss": 132487.04033237233,
      "val_quality": 0.6984546430854736,
      "test_quality": 0.6273179671239186,
      "patience_counter": 0,
      "elbo_raw": -95578.99391131713,
      "elbo_relative": 2938296831.3949437,
      "e_log_p_nodes": -19581.081601873157,
      "e_log_p_bonds": -535.0928264886039,
      "e_log_p_tau": -0.0001,
      "h_nodes": -7269.899023712703,
      "h_bonds": 271.35147773421374,
      "h_tau": -11.791269113840826,
      "tau_mean": 0.0001,
      "bond_mean_avg": 5.0,
      "n_parameters": 7128,
      "dim_x0": 18,
      "dim_b_leaf_0": 18,
      "dim_x1": 18,
      "dim_b_leaf_1": 18,
      "dim_x2": 18,
      "dim_b_leaf_2": 18,
      "dim_b_lvl0_0": 18
    },
    {
      "step": 3,
      "train_loss": 115669.71063365377,
      "train_quality": 0.7195857061751789,
      "val_loss": 126978.6397329631,
      "val_quality": 0.710991964627339,
      "test_quality": 0.6110196006702613,
      "patience_counter": 0,
      "elbo_raw": -90794.99173405005,
      "elbo_relative": 2938301615.397121,
      "e_log_p_nodes": -16299.290170730217,
      "e_log_p_bonds": -535.0928264886039,
      "e_log_p_tau": -0.0001,
      "h_nodes": -6855.162723401856,
      "h_bonds": 271.35147773421374,
      "h_tau": -11.791269113840826,
      "tau_mean": 0.0001,
      "bond_mean_avg": 5.0,
      "n_parameters": 7128,
      "dim_x0": 18,
      "dim_b_leaf_0": 18,
      "dim_x1": 18,
      "dim_b_leaf_1": 18,
      "dim_x2": 18,
      "dim_b_leaf_2": 18,
      "dim_b_lvl0_0": 18
    },
    {
      "step": 4,
      "train_loss": 114516.6260143072,
      "train_quality": 0.7223810914794477,
      "val_loss": 125544.34088627726,
      "val_quality": 0.7142564813420376,
      "test_quality": 0.590702031580769,
      "patience_counter": 0,
      "elbo_raw": -89950.87725524888,
      "elbo_relative": 2938302459.5115995,
      "e_log_p_nodes": -15808.518029021398,
      "e_log_p_bonds": -535.0928264886039,
      "e_log_p_tau": -0.0001,
      "h_nodes": -6845.330913893022,
      "h_bonds": 271.35147773421374,
      "h_tau": -11.791269113840826,
      "tau_mean": 0.0001,
      "bond_mean_avg": 5.0,
      "n_parameters": 7128,
      "dim_x0": 18,
      "dim_b_leaf_0": 18,
      "dim_x1": 18,
      "dim_b_leaf_1": 18,
      "dim_x2": 18,
      "dim_b_leaf_2": 18,
      "dim_b_lvl0_0": 18
    },
    {
      "step": 5,
      "train_loss": 114029.37152767208,
      "train_quality": 0.7235623265844227,
      "val_loss": 125042.57292201337,
      "val_quality": 0.7153985236089089,
      "test_quality": 0.5969876483255201,
      "patience_counter": 0,
      "elbo_raw": -89579.6444422795,
      "elbo_relative": 2938302830.744413,
      "e_log_p_nodes": -15579.6358032843,
      "e_log_p_bonds": -535.0928264886039,
      "e_log_p_tau": -0.0001,
      "h_nodes": -6848.319847038615,
      "h_bonds": 271.35147773421374,
      "h_tau": -11.791269113840826,
      "tau_mean": 0.0001,
      "bond_mean_avg": 5.0,
      "n_parameters": 7128,
      "dim_x0": 18,
      "dim_b_leaf_0": 18,
      "dim_x1": 18,
      "dim_b_leaf_1": 18,
      "dim_x2": 18,
      "dim_b_leaf_2": 18,
      "dim_b_lvl0_0": 18
    },
    {
      "step": 6,
      "train_loss": 113732.18881575279,
      "train_quality": 0.7242827769066658,
      "val_loss": 124746.06621646743,
      "val_quality": 0.7160733837320354,
      "test_quality": 0.6044337514615894,
      "patience_counter": 0,
      "elbo_raw": -82078.57005354237,
      "elbo_relative": 2938310331.8188014,
      "e_log_p_nodes": -7264.347950466235,
      "e_log_p_bonds": -1223.5456724003488,
      "e_log_p_tau": -0.0001,
      "h_nodes": -6851.257797363147,
      "h_bonds": 60.0442551640054,
      "h_tau": -11.791269113840826,
      "tau_mean": 0.0001,
      "bond_mean_avg": 2.609929812526538,
      "n_parameters": 7128,
      "dim_x0": 18,
      "dim_b_leaf_0": 18,
      "dim_x1": 18,
      "dim_b_leaf_1": 18,
      "dim_x2": 18,
      "dim_b_leaf_2": 18,
      "dim_b_lvl0_0": 18
    },
    {
      "step": 7,
      "train_loss": 109403.52241976983,
      "train_quality": 0.7347766211808784,
      "val_loss": 124941.58040969612,
      "val_quality": 0.7156283862663884,
      "test_quality": 0.4054142096941057,
      "patience_counter": 1,
      "elbo_raw": -73286.3605682941,
      "elbo_relative": 2938319124.0282865,
      "e_log_p_nodes": -7445.924183833726,
      "e_log_p_bonds": -1423.6560833981673,
      "e_log_p_tau": -0.0001,
      "h_nodes": 1149.4559196075247,
      "h_bonds": 42.081543746794836,
      "h_tau": -11.791269113840826,
      "tau_mean": 0.0001,
      "bond_mean_avg": 2.9150568620735453,
      "n_parameters": 7128,
      "dim_x0": 18,
      "dim_b_leaf_0": 18,
      "dim_x1": 18,
      "dim_b_leaf_1": 18,
      "dim_x2": 18,
      "dim_b_leaf_2": 18,
      "dim_b_lvl0_0": 18
    },
    {
      "step": 8,
      "train_loss": 2075899.4072313793,
      "train_quality": -4.0325349924476095,
      "val_loss": 2018015.62261258,
      "val_quality": -3.5930774787721784,
      "test_quality": -4.942097170976681,
      "patience_counter": 2,
      "elbo_raw": -653010.9519902532,
      "elbo_relative": 2938325770.844261,
      "e_log_p_nodes": -3492.9016746891116,
      "e_log_p_bonds": -1572.9936384207056,