{
  "fold": 3,
  "seed": 47659,
  "model": "CPD",
  "dataset": "bike",
  "params": {
    "model": "CPD",
    "L": 3,
    "bond_dim": 100,
    "init_strength": 0.1,
    "bond_prior_alpha": 5.0,
    "added_bias": true,
    "n_epochs": 100,
    "batch_size": 256,
    "patience": 100,
    "min_delta": 0.0001,
    "warmup_epochs": 5,
    "trim_every": 3,
    "trimming_threshold": 0.3,
    "trim_method": "relevance",
    "soft_trim_relaxation": 2
  },
  "n_features": 13,
  "n_train": 11818,
  "n_val": 2085,
  "n_test": 3476,
  "train_loss": 11694.420093725224,
  "train_quality": 0.6519569774427496,
  "val_loss": 12326.904269955006,
  "val_quality": 0.5925004705258416,
  "test_loss": 11954.452797032674,
  "test_quality": 0.6268044700850955,
  "best_epoch": 1,
  "n_parameters": 3900,
  "elbo_raw": -116653.61320911994,
  "elbo_relative": 3937771276.7826424,
  "tau_mean": 0.0001,
  "success": true,
  "singular": false,
  "recovered_from_run": true,
  "run_id": "bike-CPD-L3-d100-seed47659-fold3"
}