{
  "fold": 4,
  "seed": 19540,
  "model": "CPD",
  "dataset": "bike",
  "params": {
    "model": "CPD",
    "L": 3,
    "bond_dim": 100,
    "init_strength": 0.1,
    "bond_prior_alpha": 5.0,
    "added_bias": true,
    "n_epochs": 100,
    "batch_size": 256,
    "patience": 100,
    "min_delta": 0.0001,
    "warmup_epochs": 5,
    "trim_every": 3,
    "trimming_threshold": 0.3,
    "trim_method": "relevance",
    "soft_trim_relaxation": 2
  },
  "n_features": 13,
  "n_train": 11819,
  "n_val": 2085,
  "n_test": 3475,
  "train_loss": 11803.419692324336,
  "train_quality": 0.6465456488855716,
  "val_loss": 11447.993367268624,
  "val_quality": 0.6467018136249765,
  "test_loss": 12082.433854829596,
  "test_quality": 0.6164829015351427,
  "best_epoch": 1,
  "n_parameters": 3900,
  "elbo_raw": -123960.87464000392,
  "elbo_relative": 7037275989.526968,
  "tau_mean": 0.0001,
  "success": true,
  "singular": false,
  "recovered_from_run": true,
  "run_id": "bike-CPD-L3-d100-seed19540-fold4"
}