{
  "fold": 2,
  "seed": 42806,
  "model": "CPD",
  "dataset": "bike",
  "params": {
    "model": "CPD",
    "L": 3,
    "bond_dim": 100,
    "init_strength": 0.1,
    "bond_prior_alpha": 5.0,
    "added_bias": true,
    "n_epochs": 100,
    "batch_size": 256,
    "patience": 100,
    "min_delta": 0.0001,
    "warmup_epochs": 5,
    "trim_every": 3,
    "trimming_threshold": 0.3,
    "trim_method": "relevance",
    "soft_trim_relaxation": 2
  },
  "n_features": 13,
  "n_train": 11818,
  "n_val": 2085,
  "n_test": 3476,
  "train_loss": 11492.662431369756,
  "train_quality": 0.6509215208447064,
  "val_loss": 12168.892798945122,
  "val_quality": 0.6262532410206438,
  "test_loss": 12644.817012568792,
  "test_quality": 0.6170719358122374,
  "best_epoch": 1,
  "n_parameters": 3900,
  "elbo_raw": -120222.79555238789,
  "elbo_relative": 3245799057.332951,
  "tau_mean": 0.0001,
  "success": true,
  "singular": false,
  "recovered_from_run": true,
  "run_id": "bike-CPD-L3-d100-seed42806-fold2"
}