{
  "fold": 0,
  "seed": 19540,
  "model": "CPD",
  "dataset": "bike",
  "params": {
    "model": "CPD",
    "L": 3,
    "bond_dim": 100,
    "init_strength": 0.1,
    "bond_prior_alpha": 5.0,
    "added_bias": true,
    "n_epochs": 100,
    "batch_size": 256,
    "patience": 100,
    "min_delta": 0.0001,
    "warmup_epochs": 5,
    "trim_every": 3,
    "trimming_threshold": 0.3,
    "trim_method": "relevance",
    "soft_trim_relaxation": 2
  },
  "n_features": 13,
  "n_train": 11818,
  "n_val": 2085,
  "n_test": 3476,
  "train_loss": 11633.103946025967,
  "train_quality": 0.6477400091112344,
  "val_loss": 12567.855223771661,
  "val_quality": 0.6220728964688254,
  "test_loss": 11984.313531335592,
  "test_quality": 0.6285293987871199,
  "best_epoch": 1,
  "n_parameters": 3900,
  "elbo_raw": -122896.92855969518,
  "elbo_relative": 6848250414.442811,
  "tau_mean": 0.0001,
  "success": true,
  "singular": false,
  "recovered_from_run": true,
  "run_id": "bike-CPD-L3-d100-seed19540-fold0"
}